timestamp,sensor_id,room,temperature_c,humidity_pct,co2_ppm,quality,temperature_c_ma,temperature_c_std,temperature_c_z,humidity_pct_ma,humidity_pct_std,humidity_pct_z,co2_ppm_ma,co2_ppm_std,co2_ppm_z,temperature_rate,co2_rate,co2_min_2m,co2_max_5m,stuck
2025-03-10 09:00:00,S01,Lecture-101,21.42,38.3,456.0,ok,,,,,,,,,,,,,,False
2025-03-10 09:00:00,S02,Lab-201,22.08,40.3,456.0,ok,,,,,,,,,,,,,,False
2025-03-10 09:00:00,S03,Lab-305,22.5,41.9,447.0,ok,,,,,,,,,,,,,,False
2025-03-10 09:00:00,S04,Library-1F,21.05,36.2,468.0,ok,,,,,,,,,,,,,,False
2025-03-10 09:00:00,S05,Canteen,22.93,44.7,453.0,ok,,,,,,,,,,,,,,False
2025-03-10 09:00:00,S06,Study-Hall,21.51,37.1,455.0,ok,,,,,,,,,,,,,,False
2025-03-10 09:00:10,S01,Lecture-101,21.47,37.8,444.0,ok,,,,,,,,,,,,,,False
2025-03-10 09:00:10,S02,Lab-201,22.03,40.3,466.0,ok,,,,,,,,,,,,,,False
2025-03-10 09:00:10,S03,Lab-305,22.41,41.6,452.0,ok,,,,,,,,,,,,,,False
2025-03-10 09:00:10,S04,Library-1F,21.06,35.8,457.0,ok,,,,,,,,,,,,,,False
2025-03-10 09:00:10,S05,Canteen,23.04,45.3,448.0,ok,,,,,,,,,,,,,,False
2025-03-10 09:00:10,S06,Study-Hall,21.53,36.6,446.0,ok,,,,,,,,,,,,,,False
2025-03-10 09:00:20,S01,Lecture-101,21.47,38.3,435.0,ok,,,,,,,,,,,,,,False
2025-03-10 09:00:20,S02,Lab-201,22.05,40.1,477.0,ok,,,,,,,,,,,,,,False
2025-03-10 09:00:20,S03,Lab-305,22.53,42.6,443.0,ok,,,,,,,,,,,,,,False
2025-03-10 09:00:20,S04,Library-1F,20.92,35.7,465.0,ok,,,,,,,,,,,,,,False
2025-03-10 09:00:20,S05,Canteen,23.02,44.7,442.0,ok,,,,,,,,,,,,,,False
2025-03-10 09:00:20,S06,Study-Hall,21.37,36.8,446.0,ok,,,,,,,,,,,,,,False
2025-03-10 09:00:30,S01,Lecture-101,21.44,38.9,439.0,ok,,,,,,,,,,,,,,False
2025-03-10 09:00:30,S02,Lab-201,21.98,40.3,470.0,ok,,,,,,,,,,,,,,False
2025-03-10 09:00:30,S03,Lab-305,22.52,42.5,450.0,ok,,,,,,,,,,,,,,False
2025-03-10 09:00:30,S04,Library-1F,20.94,36.8,476.0,ok,,,,,,,,,,,,,,False
2025-03-10 09:00:30,S05,Canteen,23.05,44.8,442.0,ok,,,,,,,,,,,,,,False
2025-03-10 09:00:30,S06,Study-Hall,21.5,36.7,435.0,ok,,,,,,,,,,,,,,False
2025-03-10 09:00:40,S01,Lecture-101,21.47,38.4,446.0,ok,,,,,,,,,,,,,,False
2025-03-10 09:00:40,S02,Lab-201,21.96,40.2,481.0,ok,,,,,,,,,,,,,,False
2025-03-10 09:00:40,S03,Lab-305,22.53,42.5,444.0,ok,,,,,,,,,,,,,,False
2025-03-10 09:00:40,S04,Library-1F,21.02,35.9,472.0,ok,,,,,,,,,,,,,,False
2025-03-10 09:00:40,S05,Canteen,23.23,44.5,442.0,ok,,,,,,,,,,,,,,False
2025-03-10 09:00:40,S06,Study-Hall,21.47,36.9,434.0,ok,,,,,,,,,,,,,,False
2025-03-10 09:00:50,S01,Lecture-101,21.51,38.1,444.0,ok,,,,,,,,,,,,,,False
2025-03-10 09:00:50,S02,Lab-201,22.18,40.3,484.0,ok,,,,,,,,,,,,,,False
2025-03-10 09:00:50,S03,Lab-305,22.36,42.4,451.0,ok,,,,,,,,,,,,,,False
2025-03-10 09:00:50,S04,Library-1F,21.05,36.3,486.0,ok,,,,,,,,,,,,,,False
2025-03-10 09:00:50,S05,Canteen,23.03,45.7,432.0,ok,,,,,,,,,,,,,,False
2025-03-10 09:00:50,S06,Study-Hall,21.55,37.7,451.0,ok,,,,,,,,,,,,,,False
2025-03-10 09:01:00,S01,Lecture-101,21.44,38.4,437.0,ok,,,,,,,,,,,,,,False
2025-03-10 09:01:00,S02,Lab-201,22.12,39.6,497.0,ok,,,,,,,,,,,,,,False
2025-03-10 09:01:00,S03,Lab-305,22.5,41.5,442.0,ok,,,,,,,,,,,,,,False
2025-03-10 09:01:00,S04,Library-1F,21.09,36.4,491.0,ok,,,,,,,,,,,,,,False
2025-03-10 09:01:00,S05,Canteen,23.07,44.8,446.0,ok,,,,,,,,,,,,,,False
2025-03-10 09:01:00,S06,Study-Hall,21.49,37.2,450.0,ok,,,,,,,,,,,,,,False
2025-03-10 09:01:10,S01,Lecture-101,21.57,38.0,452.0,ok,,,,,,,,,,,,,,False
2025-03-10 09:01:10,S02,Lab-201,22.2,40.0,501.0,ok,,,,,,,,,,,,,,False
2025-03-10 09:01:10,S03,Lab-305,22.54,42.1,438.0,ok,,,,,,,,,,,,,,False
2025-03-10 09:01:10,S04,Library-1F,21.16,36.4,489.0,ok,,,,,,,,,,,,,,False
2025-03-10 09:01:10,S05,Canteen,22.98,45.0,446.0,ok,,,,,,,,,,,,,,False
2025-03-10 09:01:10,S06,Study-Hall,21.48,37.1,451.0,ok,,,,,,,,,,,,,,False
2025-03-10 09:01:20,S01,Lecture-101,21.51,37.7,442.0,ok,,,,,,,,,,0.04,-2.0,,,False
2025-03-10 09:01:20,S02,Lab-201,22.11,39.8,506.0,ok,,,,,,,,,,0.07,35.0,,,False
2025-03-10 09:01:20,S03,Lab-305,22.45,42.2,444.0,ok,,,,,,,,,,0.0,-5.0,,,False
2025-03-10 09:01:20,S04,Library-1F,21.08,36.8,493.0,ok,,,,,,,,,,0.04,26.0,,,False
2025-03-10 09:01:20,S05,Canteen,23.09,44.7,442.0,ok,,,,,,,,,,0.05,-2.0,,,False
2025-03-10 09:01:20,S06,Study-Hall,21.46,36.9,454.0,ok,,,,,,,,,,-0.03,5.0,,,False
2025-03-10 09:01:30,S01,Lecture-101,21.55,37.9,452.0,ok,21.485,0.049,,38.18,0.355,,444.7,6.913,,0.08,13.0,,456.0,False
2025-03-10 09:01:30,S02,Lab-201,22.13,40.3,508.0,ok,22.084,0.08,,40.12,0.249,,484.6,17.877,,0.1,36.0,,508.0,False
2025-03-10 09:01:30,S03,Lab-305,22.59,42.1,444.0,ok,22.493,0.068,,42.14,0.381,,445.5,4.428,,0.02,-6.0,,452.0,False
2025-03-10 09:01:30,S04,Library-1F,21.0,36.9,497.0,ok,21.037,0.071,,36.32,0.429,,479.4,13.624,,0.14,28.0,,497.0,False
2025-03-10 09:01:30,S05,Canteen,22.96,45.2,431.0,ok,23.04,0.083,,44.94,0.363,,442.4,6.736,,-0.06,0.0,,453.0,False
2025-03-10 09:01:30,S06,Study-Hall,21.44,37.4,453.0,ok,21.48,0.051,,37.04,0.334,,447.5,7.472,,-0.04,7.0,,455.0,False
2025-03-10 09:01:40,S01,Lecture-101,21.62,38.1,446.0,ok,21.497,0.062,1.35,38.173,0.338,-0.16,444.818,6.57,0.13,0.08,7.0,,456.0,False
2025-03-10 09:01:40,S02,Lab-201,22.14,40.1,519.0,ok,22.089,0.077,0.56,40.118,0.236,-0.04,487.727,19.88,1.924,0.15,31.0,,519.0,False
2025-03-10 09:01:40,S03,Lab-305,22.48,41.9,446.0,ok,22.492,0.065,-0.13,42.118,0.368,-0.48,445.545,4.204,0.05,-0.05,0.0,,452.0,False
2025-03-10 09:01:40,S04,Library-1F,21.29,36.4,494.0,ok,21.06,0.102,2.53,36.327,0.408,0.16,480.727,13.654,1.072,0.14,22.0,,497.0,False
2025-03-10 09:01:40,S05,Canteen,22.99,45.1,439.0,ok,23.035,0.08,-0.5,44.955,0.347,0.32,442.091,6.472,-0.34,-0.06,-3.0,,453.0,False
2025-03-10 09:01:40,S06,Study-Hall,21.52,36.4,443.0,ok,21.484,0.049,0.4,36.982,0.371,-1.28,447.091,7.217,-0.45,-0.01,18.0,,455.0,False
2025-03-10 09:01:50,S01,Lecture-101,21.48,38.1,431.0,ok,21.496,0.059,-0.173,38.167,0.323,-0.145,443.667,7.426,-1.382,0.08,2.0,431.0,456.0,False
2025-03-10 09:01:50,S02,Lab-201,22.03,40.4,525.0,ok,22.084,0.076,-0.591,40.142,0.239,0.564,490.833,21.796,1.875,0.15,38.0,456.0,525.0,False
2025-03-10 09:01:50,S03,Lab-305,22.4,41.8,439.0,ok,22.484,0.067,-0.918,42.092,0.363,-0.636,445.0,4.431,-0.655,-0.04,-6.0,438.0,452.0,False
2025-03-10 09:01:50,S04,Library-1F,21.09,36.2,505.0,ok,21.062,0.097,0.295,36.317,0.39,-0.255,482.75,14.784,1.778,0.07,21.0,457.0,505.0,False
2025-03-10 09:01:50,S05,Canteen,22.89,45.2,433.0,ok,23.023,0.087,-1.455,44.975,0.339,0.491,441.333,6.706,-0.909,-0.09,-9.0,431.0,453.0,False
2025-03-10 09:01:50,S06,Study-Hall,21.5,37.1,439.0,ok,21.485,0.047,0.164,36.992,0.355,0.236,446.417,7.267,-0.809,0.0,8.0,434.0,455.0,False
2025-03-10 09:02:00,S01,Lecture-101,21.63,39.0,439.0,ok,21.506,0.068,1.342,38.231,0.386,1.667,443.308,7.227,-0.467,0.15,-5.0,431.0,456.0,False
2025-03-10 09:02:00,S02,Lab-201,22.15,39.8,526.0,ok,22.089,0.075,0.658,40.115,0.248,-0.683,493.538,23.035,1.613,0.02,41.0,466.0,526.0,False
2025-03-10 09:02:00,S03,Lab-305,22.51,41.8,451.0,ok,22.486,0.065,0.258,42.069,0.357,-0.583,445.462,4.557,0.6,-0.02,2.0,438.0,452.0,False
2025-03-10 09:02:00,S04,Library-1F,21.16,37.0,502.0,ok,21.07,0.097,0.975,36.369,0.419,1.367,484.231,15.128,1.302,0.11,16.0,457.0,505.0,False
2025-03-10 09:02:00,S05,Canteen,22.87,45.2,432.0,ok,23.012,0.094,-1.533,44.992,0.33,0.45,440.615,6.923,-0.933,-0.18,-9.0,431.0,453.0,False
2025-03-10 09:02:00,S06,Study-Hall,21.53,38.0,446.0,ok,21.488,0.047,0.45,37.069,0.44,2.017,446.385,6.959,-0.042,0.03,-7.0,434.0,455.0,False
2025-03-10 09:02:10,S01,Lecture-101,21.47,37.8,445.0,ok,21.504,0.066,-0.362,38.2,0.388,-0.862,443.429,6.958,0.169,-0.03,-5.0,431.0,456.0,False
2025-03-10 09:02:10,S02,Lab-201,21.93,40.1,524.0,ok,22.078,0.083,-1.592,40.114,0.238,-0.031,495.714,23.581,1.322,-0.15,28.0,470.0,526.0,False
2025-03-10 09:02:10,S03,Lab-305,22.42,42.0,445.0,ok,22.481,0.065,-0.662,42.064,0.343,-0.138,445.429,4.38,-0.046,-0.08,3.0,438.0,452.0,False
2025-03-10 09:02:10,S04,Library-1F,21.21,36.1,508.0,ok,21.08,0.101,1.4,36.35,0.409,-0.538,485.929,15.862,1.571,0.07,16.0,465.0,508.0,False
2025-03-10 09:02:10,S05,Canteen,22.99,45.5,419.0,ok,23.01,0.09,-0.215,45.029,0.345,1.015,439.071,8.81,-2.162,-0.14,-14.0,419.0,453.0,False
2025-03-10 09:02:10,S06,Study-Hall,21.41,37.2,441.0,ok,21.483,0.05,-0.785,37.079,0.425,0.262,446.0,6.839,-0.538,0.01,-10.0,434.0,455.0,False
2025-03-10 09:02:20,S01,Lecture-101,21.37,37.1,448.0,ok,21.495,0.072,-1.336,38.127,0.47,-2.2,443.733,6.808,0.457,-0.04,3.0,431.0,456.0,False
2025-03-10 09:02:20,S02,Lab-201,22.16,40.3,531.0,ok,22.083,0.083,0.821,40.127,0.234,0.371,498.067,24.482,1.496,0.03,25.0,470.0,531.0,False
2025-03-10 09:02:20,S03,Lab-305,22.43,42.3,444.0,ok,22.478,0.064,-0.514,42.08,0.336,0.471,445.333,4.237,-0.143,-0.07,3.0,438.0,452.0,False
2025-03-10 09:02:20,S04,Library-1F,21.02,36.6,509.0,ok,21.076,0.098,-0.597,36.367,0.399,0.5,487.467,16.405,1.454,0.07,17.0,472.0,509.0,False
2025-03-10 09:02:20,S05,Canteen,23.0,45.1,428.0,ok,23.009,0.087,-0.1,45.033,0.333,0.143,438.333,8.958,-1.107,-0.08,-18.0,419.0,453.0,False
2025-03-10 09:02:20,S06,Study-Hall,21.57,37.0,445.0,ok,21.489,0.053,0.871,37.073,0.41,-0.157,445.933,6.595,-0.1,0.05,-6.0,434.0,455.0,False
2025-03-10 09:02:30,S01,Lecture-101,21.54,38.2,429.0,ok,21.498,0.071,0.453,38.131,0.454,0.147,442.812,7.539,-1.473,-0.08,-7.0,429.0,456.0,False
2025-03-10 09:02:30,S02,Lab-201,22.04,40.6,542.0,ok,22.081,0.081,-0.433,40.156,0.256,0.947,500.812,26.077,1.795,-0.09,25.0,481.0,542.0,False
2025-03-10 09:02:30,S03,Lab-305,22.48,41.8,442.0,ok,22.478,0.061,0.02,42.062,0.332,-0.56,445.125,4.177,-0.333,-0.11,0.0,438.0,452.0,False
2025-03-10 09:02:30,S04,Library-1F,21.09,36.4,524.0,ok,21.077,0.095,0.14,36.369,0.386,0.067,489.75,18.292,2.227,0.01,16.0,472.0,524.0,False
2025-03-10 09:02:30,S05,Canteen,23.0,45.0,441.0,ok,23.009,0.084,-0.093,45.031,0.322,-0.067,438.5,8.679,0.267,0.02,-14.0,419.0,453.0,False
2025-03-10 09:02:30,S06,Study-Hall,21.43,36.9,450.0,ok,21.485,0.053,-0.587,37.062,0.398,-0.347,446.188,6.452,0.407,-0.03,-8.0,434.0,455.0,False
2025-03-10 09:02:40,S01,Lecture-101,21.51,38.1,458.0,ok,21.498,0.068,0.125,38.129,0.44,-0.062,443.706,8.176,1.519,-0.04,2.0,429.0,458.0,False
2025-03-10 09:02:40,S02,Lab-201,22.14,40.6,546.0,ok,22.084,0.08,0.594,40.182,0.27,0.888,503.471,27.525,1.733,0.01,34.0,484.0,546.0,False
2025-03-10 09:02:40,S03,Lab-305,22.5,42.0,434.0,ok,22.479,0.06,0.219,42.059,0.322,-0.125,444.471,4.862,-1.112,0.0,-2.0,434.0,452.0,False
2025-03-10 09:02:40,S04,Library-1F,21.11,36.9,520.0,ok,21.079,0.092,0.331,36.4,0.395,1.062,491.529,19.171,1.654,0.01,26.0,486.0,524.0,False
2025-03-10 09:02:40,S05,Canteen,23.02,45.4,427.0,ok,23.009,0.082,0.113,45.053,0.324,0.737,437.824,8.855,-1.15,0.01,-11.0,419.0,453.0,False
2025-03-10 09:02:40,S06,Study-Hall,21.36,36.7,434.0,ok,21.478,0.06,-1.25,37.041,0.395,-0.725,445.471,6.911,-1.219,-0.03,-8.0,434.0,455.0,False
2025-03-10 09:02:50,S01,Lecture-101,21.54,37.4,440.0,ok,21.501,0.067,0.418,38.089,0.46,-1.459,443.5,7.98,-0.371,-0.01,-6.0,429.0,458.0,False
2025-03-10 09:02:50,S02,Lab-201,22.04,40.5,544.0,ok,22.082,0.078,-0.441,40.2,0.272,0.635,505.722,28.361,1.472,-0.09,25.0,497.0,546.0,False
2025-03-10 09:02:50,S03,Lab-305,22.61,42.2,448.0,ok,22.487,0.066,1.306,42.067,0.314,0.282,444.667,4.79,0.353,0.02,-2.0,434.0,452.0,False
2025-03-10 09:02:50,S04,Library-1F,21.35,36.6,525.0,ok,21.094,0.11,2.712,36.411,0.386,0.4,493.389,20.202,1.746,0.02,27.0,489.0,525.0,False
2025-03-10 09:02:50,S05,Canteen,23.02,45.2,429.0,ok,23.01,0.079,0.106,45.061,0.316,0.294,437.333,8.838,-0.882,0.06,-4.0,419.0,453.0,False
2025-03-10 09:02:50,S06,Study-Hall,21.6,37.1,436.0,ok,21.484,0.065,1.224,37.044,0.384,0.118,444.944,7.067,-0.947,-0.07,-7.0,434.0,455.0,False
2025-03-10 09:03:00,S01,Lecture-101,21.54,37.5,434.0,ok,21.503,0.066,0.394,38.058,0.467,-1.178,443.0,8.055,-0.95,-0.08,1.0,429.0,458.0,False
2025-03-10 09:03:00,S02,Lab-201,22.16,40.5,557.0,filled,22.086,0.078,0.783,40.216,0.273,0.6,508.421,29.967,1.808,0.0,21.0,501.0,557.0,False
2025-03-10 09:03:00,S03,Lab-305,22.49,42.1,443.0,ok,22.487,0.064,0.033,42.068,0.306,0.067,444.579,4.67,-0.167,0.02,-3.0,434.0,452.0,False
2025-03-10 09:03:00,S04,Library-1F,21.24,36.1,528.0,ok,21.102,0.112,1.329,36.395,0.382,-0.622,495.211,21.178,1.713,0.08,23.0,489.0,528.0,False
2025-03-10 09:03:00,S05,Canteen,22.96,45.3,443.0,ok,23.007,0.078,-0.5,45.074,0.312,0.478,437.632,8.687,0.567,0.13,-4.0,419.0,453.0,False
2025-03-10 09:03:00,S06,Study-Hall,21.51,37.3,438.0,ok,21.486,0.063,0.256,37.058,0.378,0.511,444.579,7.05,-0.694,-0.01,-7.0,434.0,455.0,False
2025-03-10 09:03:10,S01,Lecture-101,21.47,38.3,441.0,ok,21.501,0.065,-0.326,38.07,0.458,0.484,442.9,7.853,-0.2,0.06,1.0,429.0,458.0,False
2025-03-10 09:03:10,S02,Lab-201,22.16,40.4,558.0,ok,22.09,0.078,0.742,40.225,0.269,0.368,510.9,31.204,1.654,0.13,32.0,506.0,558.0,False
2025-03-10 09:03:10,S03,Lab-305,22.47,41.1,436.0,ok,22.486,0.062,-0.168,42.02,0.368,-1.937,444.15,4.934,-0.858,0.07,-2.0,434.0,452.0,False
2025-03-10 09:03:10,S04,Library-1F,21.17,36.8,536.0,ok,21.105,0.11,0.611,36.415,0.383,0.811,497.25,22.541,1.926,0.08,23.0,493.0,536.0,False
2025-03-10 09:03:10,S05,Canteen,23.01,44.7,430.0,ok,23.008,0.076,0.026,45.055,0.315,-0.747,437.25,8.626,-0.763,0.12,-2.0,419.0,453.0,False
2025-03-10 09:03:10,S06,Study-Hall,21.51,38.0,429.0,ok,21.487,0.062,0.242,37.105,0.424,1.884,443.8,7.696,-1.558,0.01,-5.0,429.0,455.0,False
2025-03-10 09:03:20,S01,Lecture-101,21.62,37.8,445.0,ok,21.507,0.068,1.19,38.057,0.45,-0.54,443.0,7.668,0.21,0.07,-4.0,429.0,458.0,False
2025-03-10 09:03:20,S02,Lab-201,22.14,40.1,563.0,ok,22.092,0.077,0.505,40.219,0.264,-0.25,513.381,32.469,1.67,0.01,32.0,508.0,563.0,False
2025-03-10 09:03:20,S03,Lab-305,22.61,42.1,434.0,ok,22.492,0.066,1.24,42.024,0.359,0.16,443.667,5.295,-1.015,0.06,-9.0,434.0,452.0,False
2025-03-10 09:03:20,S04,Library-1F,21.28,36.7,528.0,ok,21.113,0.114,1.59,36.429,0.378,0.57,498.714,22.972,1.364,0.08,20.0,494.0,536.0,False
2025-03-10 09:03:20,S05,Canteen,23.13,45.2,440.0,ok,23.013,0.078,1.225,45.062,0.309,0.29,437.381,8.429,0.275,0.02,12.0,419.0,453.0,False
2025-03-10 09:03:20,S06,Study-Hall,21.56,36.5,431.0,ok,21.49,0.062,0.73,37.076,0.433,-1.21,443.19,8.004,-1.28,-0.02,-14.0,429.0,455.0,False
2025-03-10 09:03:30,S02,Lab-201,22.15,40.5,566.0,ok,22.095,0.076,0.581,40.232,0.264,0.562,515.773,33.614,1.621,0.11,32.0,519.0,566.0,False
2025-03-10 09:03:30,S03,Lab-305,22.45,42.6,433.0,ok,22.49,0.065,-0.419,42.05,0.371,1.152,443.182,5.645,-1.067,0.04,-10.0,433.0,452.0,False
2025-03-10 09:03:30,S04,Library-1F,21.05,36.0,534.0,ok,21.11,0.112,-0.556,36.409,0.38,-0.857,500.318,23.647,1.536,0.08,25.0,494.0,536.0,False
2025-03-10 09:03:30,S05,Canteen,23.01,45.4,437.0,ok,23.013,0.077,-0.033,45.077,0.31,0.676,437.364,8.226,-0.038,0.01,9.0,419.0,453.0,False
2025-03-10 09:03:30,S06,Study-Hall,21.39,36.5,429.0,ok,21.486,0.064,-1.005,37.05,0.441,-1.152,442.545,8.376,-1.419,0.08,-16.0,429.0,455.0,False
2025-03-10 09:03:40,S01,Lecture-101,21.47,37.9,433.0,ok,21.505,0.067,-0.367,38.05,0.441,-0.314,442.545,7.781,-1.0,0.0,-3.429,429.0,458.0,False
2025-03-10 09:03:40,S03,Lab-305,22.53,42.2,433.0,ok,22.492,0.064,0.4,42.057,0.364,0.3,442.739,5.91,-1.018,0.05,-9.0,433.0,452.0,False
2025-03-10 09:03:40,S04,Library-1F,21.14,36.5,552.0,ok,21.112,0.11,0.264,36.413,0.372,0.182,502.565,25.493,2.186,0.05,14.0,502.0,552.0,False
2025-03-10 09:03:40,S05,Canteen,22.95,44.7,429.0,ok,23.01,0.076,-0.632,45.061,0.313,-0.755,437.0,8.224,-0.836,0.01,9.0,419.0,453.0,False
2025-03-10 09:03:40,S06,Study-Hall,21.29,36.4,419.0,ok,21.477,0.075,-1.959,37.022,0.451,-1.3,441.522,9.544,-2.355,-0.04,-16.0,419.0,455.0,False
2025-03-10 09:03:50,S01,Lecture-101,21.56,37.6,443.0,ok,21.507,0.066,0.55,38.03,0.44,-0.9,442.565,7.603,0.045,0.043,-4.286,429.0,458.0,False
2025-03-10 09:03:50,S02,Lab-201,22.08,40.7,575.0,ok,22.094,0.074,-0.145,40.252,0.276,0.936,518.348,35.086,1.762,0.0,20.571,524.0,575.0,False
2025-03-10 09:03:50,S03,Lab-305,22.42,42.7,432.0,ok,22.489,0.065,-0.717,42.083,0.38,1.287,442.292,6.182,-1.074,-0.05,-9.0,432.0,452.0,False
2025-03-10 09:03:50,S04,Library-1F,21.33,37.5,539.0,ok,21.121,0.116,1.993,36.458,0.426,2.174,504.083,26.018,1.429,0.03,15.0,502.0,552.0,False
2025-03-10 09:03:50,S05,Canteen,22.96,45.4,437.0,ok,23.008,0.075,-0.504,45.075,0.314,0.678,437.0,8.043,0.0,-0.06,8.0,419.0,453.0,False
2025-03-10 09:03:40,S02,Lab-201,22.19,40.8,573.0,ok,22.099,0.077,0.955,40.257,0.284,1.136,518.261,34.942,1.702,0.01,24.0,524.0,573.0,False
2025-03-10 09:04:00,S02,Lab-201,22.18,41.5,580.0,ok,22.101,0.075,0.821,40.324,0.377,2.45,523.0,37.266,1.646,0.04,29.0,524.0,580.0,False
2025-03-10 09:04:00,S03,Lab-305,22.37,41.7,429.0,ok,22.484,0.068,-1.187,42.068,0.379,-0.767,441.76,6.61,-1.329,-0.08,-11.0,429.0,452.0,False
2025-03-10 09:04:00,S04,Library-1F,21.24,35.9,542.0,ok,21.126,0.116,1.027,36.436,0.432,-1.117,505.6,26.575,1.457,0.0,17.0,508.0,552.0,False
2025-03-10 09:04:00,S05,Canteen,23.03,45.2,446.0,ok,23.009,0.074,0.217,45.08,0.308,0.25,437.36,8.077,0.9,-0.06,8.0,419.0,453.0,False
2025-03-10 09:04:00,S06,Study-Hall,21.5,36.4,431.0,ok,21.478,0.074,0.226,36.996,0.459,-1.243,441.083,9.578,-1.052,-0.034,-6.0,419.0,455.0,False
2025-03-10 09:03:30,S01,Lecture-101,21.51,38.0,444.0,ok,21.507,0.066,0.033,38.055,0.439,-0.114,443.045,7.486,0.1,0.04,-1.0,429.0,458.0,False
2025-03-10 09:03:50,S06,Study-Hall,21.55,37.2,440.0,ok,21.48,0.075,0.726,37.029,0.443,0.357,441.458,9.339,-0.152,-0.04,-7.0,419.0,455.0,False
2025-03-10 09:04:10,S01,Lecture-101,21.41,38.4,438.0,ok,21.504,0.066,-0.975,38.044,0.428,0.742,442.44,7.343,-0.462,-0.06,-1.714,429.0,458.0,False
2025-03-10 09:04:10,S02,Lab-201,22.13,40.9,582.0,ok,22.102,0.074,0.288,40.346,0.386,1.152,525.269,38.303,1.583,-0.03,23.0,531.0,582.0,False
2025-03-10 09:04:10,S03,Lab-305,22.49,41.9,441.0,ok,22.484,0.066,0.06,42.062,0.373,-0.336,441.731,6.478,-0.076,-0.07,-11.0,429.0,452.0,False
2025-03-10 09:04:10,S04,Library-1F,21.22,36.8,549.0,ok,21.129,0.115,0.813,36.45,0.429,0.728,507.269,27.394,1.633,0.0,14.0,509.0,552.0,False
2025-03-10 09:04:10,S05,Canteen,22.91,45.5,442.0,ok,23.005,0.075,-0.992,45.096,0.313,0.84,437.538,7.966,0.464,-0.05,12.0,427.0,453.0,False
2025-03-10 09:04:10,S06,Study-Hall,21.53,37.2,431.0,ok,21.483,0.073,0.488,37.012,0.444,0.392,440.654,9.398,-1.004,0.02,-5.0,419.0,455.0,False
2025-03-10 09:04:20,S01,Lecture-101,21.36,38.0,443.0,ok,21.498,0.071,-1.436,38.042,0.42,-0.088,442.462,7.196,0.056,-0.111,2.571,429.0,458.0,False
2025-03-10 09:04:20,S02,Lab-201,22.23,40.0,594.0,ok,22.107,0.077,1.277,40.333,0.384,-0.692,527.815,39.82,1.794,0.02,24.0,542.0,594.0,False
2025-03-10 09:04:20,S03,Lab-305,22.48,41.8,433.0,ok,22.484,0.065,-0.042,42.052,0.369,-0.523,441.407,6.571,-0.873,-0.01,-3.0,429.0,452.0,False
2025-03-10 09:04:20,S04,Library-1F,21.45,36.3,560.0,ok,21.141,0.129,2.784,36.444,0.422,-0.3,509.222,28.715,1.925,0.0,21.0,520.0,560.0,False
2025-03-10 09:04:20,S05,Canteen,22.98,44.9,437.0,ok,23.004,0.073,-0.254,45.089,0.309,-0.392,437.519,7.812,-0.054,-0.03,2.0,427.0,453.0,False
2025-03-10 09:04:20,S06,Study-Hall,21.56,36.9,425.0,ok,21.486,0.073,0.769,37.007,0.436,-0.223,440.074,9.695,-1.565,0.02,0.0,419.0,455.0,False
2025-03-10 09:04:00,S01,Lecture-101,21.63,38.1,438.0,ok,21.512,0.068,1.225,38.032,0.422,0.142,442.44,7.343,-0.462,0.02,-2.0,429.0,458.0,False
2025-03-10 09:04:30,S01,Lecture-101,21.4,38.4,427.0,ok,21.499,0.075,-1.03,38.057,0.41,0.711,441.75,7.55,-1.53,-0.11,-6.0,427.0,458.0,False
2025-03-10 09:04:30,S02,Lab-201,22.32,40.6,586.0,ok,22.115,0.085,2.13,40.343,0.38,0.533,529.893,40.593,1.461,0.08,23.0,544.0,594.0,False
2025-03-10 09:04:30,S03,Lab-305,22.68,42.0,447.0,ok,22.491,0.074,1.959,42.05,0.363,-0.104,441.607,6.534,0.559,0.02,7.0,429.0,452.0,False
2025-03-10 09:04:30,S04,Library-1F,21.28,36.5,548.0,ok,21.146,0.129,1.079,36.446,0.414,0.111,510.607,29.116,1.35,0.11,15.0,520.0,560.0,False
2025-03-10 09:04:30,S05,Canteen,22.98,44.9,443.0,ok,23.004,0.072,-0.244,45.082,0.306,-0.378,437.714,7.736,0.548,-0.03,5.0,427.0,453.0,False
2025-03-10 09:04:30,S06,Study-Hall,21.53,37.3,426.0,ok,21.488,0.072,0.441,37.018,0.431,0.585,439.571,9.879,-1.407,0.02,-3.0,419.0,455.0,False
2025-03-10 09:04:40,S01,Lecture-101,21.45,37.6,429.0,ok,21.498,0.074,-0.493,38.041,0.411,-0.914,441.31,7.783,-1.275,-0.11,-15.0,427.0,458.0,False
2025-03-10 09:04:40,S02,Lab-201,22.16,41.3,595.0,ok,22.116,0.084,0.454,40.376,0.414,1.914,532.138,41.655,1.604,0.08,28.0,544.0,595.0,False
2025-03-10 09:04:40,S03,Lab-305,22.51,42.2,442.0,ok,22.492,0.073,0.189,42.055,0.357,0.3,441.621,6.417,0.039,-0.02,9.0,429.0,452.0,False
2025-03-10 09:04:40,S04,Library-1F,21.13,36.5,542.0,ok,21.146,0.127,-0.125,36.448,0.407,0.107,511.69,29.179,1.078,0.14,14.0,525.0,560.0,False
2025-03-10 09:04:40,S05,Canteen,22.83,45.2,433.0,ok,22.998,0.078,-1.736,45.086,0.301,0.236,437.552,7.647,-0.471,-0.03,0.0,429.0,453.0,False
2025-03-10 09:04:40,S06,Study-Hall,21.37,36.6,441.0,ok,21.483,0.074,-1.175,37.003,0.431,-0.836,439.621,9.704,0.143,0.14,-3.0,419.0,455.0,False
2025-03-10 09:04:50,S01,Lecture-101,21.36,37.7,433.0,ok,21.493,0.077,-1.376,38.03,0.409,-0.683,441.033,7.797,-0.831,-0.11,-14.0,427.0,458.0,False
2025-03-10 09:04:50,S02,Lab-201,22.16,40.5,599.0,ok,22.118,0.083,0.438,40.38,0.407,0.248,534.367,42.712,1.605,0.01,22.0,557.0,599.0,False
2025-03-10 09:04:50,S03,Lab-305,22.42,41.7,428.0,ok,22.489,0.072,-0.717,42.043,0.357,-0.71,441.167,6.778,-1.362,0.06,9.0,428.0,452.0,False
2025-03-10 09:04:50,S04,Library-1F,21.3,36.5,542.0,filled,21.151,0.128,1.219,36.45,0.4,0.103,512.7,29.201,1.039,0.14,3.0,528.0,560.0,False
2025-03-10 09:04:50,S05,Canteen,23.04,44.7,429.0,ok,22.999,0.077,0.424,45.073,0.304,-0.772,437.267,7.674,-0.855,0.02,-4.0,429.0,453.0,False
2025-03-10 09:04:50,S06,Study-Hall,21.39,36.9,425.0,ok,21.48,0.075,-0.934,37.0,0.423,-0.207,439.133,9.902,-1.462,0.0,-3.0,419.0,455.0,False
2025-03-10 09:05:00,S01,Lecture-101,21.52,38.5,446.0,ok,21.496,0.076,0.27,38.037,0.415,0.94,440.7,7.335,0.497,-0.11,-5.0,427.0,458.0,False
2025-03-10 09:05:00,S02,Lab-201,22.19,40.9,596.0,ok,22.121,0.084,0.723,40.4,0.418,1.04,539.033,41.485,1.443,-0.02,21.0,558.0,599.0,False
2025-03-10 09:05:00,S03,Lab-305,22.53,41.7,435.0,ok,22.49,0.073,0.407,42.037,0.361,-0.687,440.767,6.776,-0.617,0.09,3.0,428.0,452.0,False
2025-03-10 09:05:00,S04,Library-1F,21.43,37.2,568.0,ok,21.163,0.136,2.188,36.483,0.419,1.5,516.033,29.627,1.894,0.06,0.0,528.0,568.0,False
2025-03-10 09:05:00,S05,Canteen,22.86,45.4,431.0,ok,22.997,0.08,-1.39,45.097,0.301,0.653,436.533,7.152,-0.627,-0.1,-6.0,429.0,448.0,False
2025-03-10 09:05:00,S06,Study-Hall,21.38,37.0,429.0,ok,21.476,0.077,-1.003,36.997,0.423,0.0,438.267,9.599,-1.013,-0.12,-2.0,419.0,454.0,False
2025-03-10 09:05:10,S01,Lecture-101,21.51,38.0,440.0,ok,21.498,0.076,0.137,38.043,0.412,-0.073,440.567,7.309,-0.07,-0.05,2.0,427.0,458.0,False
2025-03-10 09:05:10,S02,Lab-201,22.22,41.5,607.0,ok,22.128,0.084,0.987,40.44,0.463,2.2,543.733,40.909,1.638,0.06,19.0,563.0,607.0,False
2025-03-10 09:05:10,S03,Lab-305,22.37,42.1,434.0,ok,22.489,0.075,-1.203,42.053,0.352,0.127,440.167,6.539,-0.677,0.0,2.0,428.0,451.0,False
2025-03-10 09:05:10,S04,Library-1F,21.19,36.7,560.0,ok,21.168,0.135,0.196,36.513,0.401,0.433,519.467,28.497,1.484,0.06,18.0,528.0,568.0,False
2025-03-10 09:05:10,S05,Canteen,23.07,44.8,421.0,ok,22.998,0.081,0.733,45.08,0.303,-0.593,435.633,7.355,-1.553,0.08,-13.0,421.0,446.0,False
2025-03-10 09:05:10,S06,Study-Hall,21.69,36.3,431.0,ok,21.481,0.085,2.14,36.987,0.436,-1.393,437.767,9.573,-0.727,-0.14,-2.0,419.0,454.0,False
2025-03-10 09:05:20,S01,Lecture-101,21.52,38.3,468.0,ok,21.499,0.076,0.223,38.043,0.412,0.513,441.667,8.778,2.743,0.11,8.0,427.0,468.0,False
2025-03-10 09:05:20,S02,Lab-201,22.24,40.6,599.0,ok,22.134,0.085,1.123,40.457,0.459,0.32,547.8,40.102,1.351,0.04,17.0,566.0,607.0,False
2025-03-10 09:05:20,S03,Lab-305,22.59,42.0,429.0,ok,22.491,0.077,1.01,42.033,0.337,-0.107,439.7,6.824,-1.117,0.05,1.0,428.0,451.0,False
2025-03-10 09:05:20,S04,Library-1F,21.2,36.9,571.0,ok,21.177,0.126,0.24,36.553,0.376,0.773,523.0,28.079,1.808,-0.04,19.0,534.0,571.0,False
2025-03-10 09:05:20,S05,Canteen,23.04,44.5,436.0,ok,22.998,0.081,0.423,45.073,0.314,-1.16,435.433,7.257,0.037,0.06,-11.0,421.0,446.0,False
2025-03-10 09:05:20,S06,Study-Hall,21.45,36.7,425.0,ok,21.484,0.083,-0.313,36.983,0.438,-0.573,437.067,9.716,-1.277,-0.08,-2.0,419.0,454.0,False
2025-03-10 09:05:30,S01,Lecture-101,21.48,38.0,468.0,ok,21.501,0.075,-0.193,38.013,0.379,-0.087,442.633,9.988,2.633,0.11,30.0,427.0,468.0,False
2025-03-10 09:05:30,S02,Lab-201,22.46,40.7,605.0,ok,22.15,0.099,3.26,40.47,0.46,0.487,552.3,38.618,1.426,0.01,19.0,573.0,607.0,False
2025-03-10 09:05:30,S03,Lab-305,22.41,42.6,439.0,ok,22.487,0.078,-0.81,42.037,0.342,1.133,439.333,6.541,-0.07,-0.08,-7.0,428.0,451.0,False
2025-03-10 09:05:30,S04,Library-1F,21.2,36.9,576.0,filled,21.186,0.118,0.182,36.557,0.378,0.693,526.333,28.242,1.888,-0.08,22.0,539.0,576.0,False
2025-03-10 09:05:30,S05,Canteen,22.99,44.8,428.0,ok,22.996,0.08,-0.083,45.073,0.314,-0.547,434.967,7.271,-0.743,0.06,-14.0,421.0,446.0,False
2025-03-10 09:05:30,S06,Study-Hall,21.54,37.0,425.0,ok,21.485,0.084,0.56,36.993,0.435,0.033,436.733,9.958,-1.207,0.01,-1.0,419.0,454.0,False
2025-03-10 09:05:40,S01,Lecture-101,21.56,38.6,487.0,ok,21.504,0.076,0.593,38.02,0.388,1.173,444.0,12.857,4.437,0.12,39.0,427.0,487.0,False
2025-03-10 09:05:40,S02,Lab-201,22.17,41.1,614.0,ok,22.157,0.092,0.2,40.5,0.471,1.26,556.733,37.775,1.598,0.01,11.0,575.0,614.0,False
2025-03-10 09:05:40,S03,Lab-305,22.53,42.2,433.0,ok,22.487,0.078,0.427,42.027,0.332,0.327,438.967,6.578,-0.633,0.02,-9.0,428.0,451.0,False
2025-03-10 09:05:40,S04,Library-1F,21.4,36.6,565.0,ok,21.198,0.12,1.815,36.58,0.358,0.087,529.433,27.156,1.369,-0.08,23.0,539.0,576.0,False
2025-03-10 09:05:40,S05,Canteen,23.02,44.9,434.0,ok,22.989,0.068,0.237,45.087,0.297,-0.347,434.7,7.149,-0.097,0.04,-3.0,421.0,446.0,False
2025-03-10 09:05:40,S06,Study-Hall,21.55,36.6,431.0,ok,21.488,0.084,0.647,36.983,0.44,-0.787,436.633,10.002,-0.573,0.01,-1.0,425.0,454.0,False
2025-03-10 09:05:50,S01,Lecture-101,21.63,38.7,487.0,ok,21.508,0.079,1.263,38.04,0.407,1.36,445.433,15.065,3.344,0.16,58.0,427.0,487.0,False
2025-03-10 09:05:50,S02,Lab-201,22.36,40.2,619.0,ok,22.163,0.099,2.03,40.497,0.473,-0.6,561.233,36.841,1.648,0.2,19.0,580.0,619.0,False
2025-03-10 09:05:50,S03,Lab-305,22.52,41.4,434.0,ok,22.493,0.074,0.327,41.993,0.343,-1.253,438.4,6.229,-0.497,0.01,-8.0,428.0,451.0,False
2025-03-10 09:05:50,S04,Library-1F,21.22,37.4,571.0,ok,21.204,0.117,0.18,36.617,0.383,1.64,532.267,26.901,1.531,-0.06,29.0,542.0,576.0,False
2025-03-10 09:05:50,S05,Canteen,22.91,45.0,431.0,ok,22.985,0.069,-0.793,45.063,0.274,-0.173,434.667,7.165,-0.37,0.01,-2.0,421.0,446.0,False
2025-03-10 09:05:50,S06,Study-Hall,21.6,35.8,415.0,ok,21.49,0.086,1.12,36.92,0.469,-2.367,435.433,10.371,-2.163,0.16,-1.0,415.0,454.0,False
2025-03-10 09:06:00,S01,Lecture-101,21.72,38.4,490.0,ok,21.517,0.087,2.123,38.04,0.407,0.72,447.2,17.022,2.958,0.18,54.0,427.0,490.0,False
2025-03-10 09:06:00,S02,Lab-201,22.18,41.4,609.0,ok,22.165,0.099,0.17,40.557,0.47,1.807,564.967,35.767,1.297,0.02,18.0,582.0,619.0,False
2025-03-10 09:06:00,S03,Lab-305,22.51,41.5,416.0,ok,22.493,0.074,0.173,41.993,0.343,-0.987,437.533,7.408,-2.24,0.01,-2.0,416.0,451.0,False
2025-03-10 09:06:00,S04,Library-1F,21.35,37.4,569.0,ok,21.213,0.118,1.25,36.65,0.407,1.567,534.867,26.542,1.366,0.05,27.0,542.0,576.0,False
2025-03-10 09:06:00,S05,Canteen,22.95,45.1,426.0,ok,22.981,0.067,-0.353,45.073,0.269,0.073,434.0,7.002,-0.867,0.09,0.0,421.0,446.0,False
2025-03-10 09:06:00,S06,Study-Hall,21.47,37.3,417.0,ok,21.489,0.086,-0.197,36.923,0.472,0.76,434.333,10.522,-1.777,0.17,-12.0,415.0,454.0,False
2025-03-10 09:06:10,S01,Lecture-101,21.67,39.1,506.0,ok,21.52,0.091,1.53,38.077,0.451,2.12,449.0,20.12,3.454,0.16,50.0,427.0,506.0,False
2025-03-10 09:06:10,S02,Lab-201,22.27,40.6,615.0,ok,22.167,0.101,1.05,40.577,0.458,0.087,568.767,34.779,1.399,0.08,16.0,586.0,619.0,False
2025-03-10 09:06:10,S03,Lab-305,22.53,42.1,428.0,ok,22.493,0.074,0.37,41.993,0.343,0.213,437.2,7.609,-0.953,0.1,-6.0,416.0,451.0,False
2025-03-10 09:06:10,S04,Library-1F,21.24,37.7,582.0,ok,21.215,0.117,0.232,36.693,0.446,2.1,537.967,26.431,1.776,-0.06,11.0,542.0,582.0,False
2025-03-10 09:06:10,S05,Canteen,23.0,45.6,431.0,ok,22.982,0.067,0.187,45.093,0.285,1.053,433.5,6.642,-0.3,-0.09,2.0,421.0,446.0,False
2025-03-10 09:06:10,S06,Study-Hall,21.51,37.0,409.0,ok,21.49,0.086,0.21,36.92,0.471,0.153,432.933,11.011,-2.408,0.12,-14.0,409.0,454.0,False
2025-03-10 09:06:20,S01,Lecture-101,21.63,38.8,512.0,ok,21.524,0.093,1.097,38.113,0.464,1.447,451.333,23.116,3.131,0.15,60.0,427.0,512.0,False
2025-03-10 09:06:20,S02,Lab-201,22.33,41.2,635.0,ok,22.175,0.104,1.615,40.623,0.447,1.247,573.067,34.725,1.904,0.05,16.0,586.0,635.0,False
2025-03-10 09:06:20,S03,Lab-305,22.41,42.3,422.0,ok,22.491,0.075,-0.827,41.997,0.346,0.613,436.467,7.982,-1.52,-0.02,-12.0,416.0,451.0,False
2025-03-10 09:06:20,S04,Library-1F,21.22,37.1,577.0,ok,21.22,0.115,0.04,36.703,0.452,0.813,540.767,25.948,1.477,0.04,9.0,542.0,582.0,False
2025-03-10 09:06:20,S05,Canteen,23.08,45.0,433.0,ok,22.982,0.066,0.98,45.103,0.276,-0.187,433.2,6.446,-0.05,-0.04,0.0,421.0,446.0,False
2025-03-10 09:06:20,S06,Study-Hall,21.4,37.0,418.0,ok,21.488,0.088,-0.9,36.923,0.471,0.16,431.733,10.589,-1.356,0.02,-12.0,409.0,453.0,False
2025-03-10 09:06:30,S01,Lecture-101,21.77,38.9,523.0,ok,21.532,0.103,2.457,38.147,0.483,1.573,453.7,26.564,3.1,0.16,44.0,429.0,523.0,False
2025-03-10 09:06:30,S02,Lab-201,22.33,41.0,632.0,ok,22.181,0.108,1.488,40.647,0.448,0.753,577.2,34.088,1.697,0.09,27.0,595.0,635.0,False
2025-03-10 09:06:30,S03,Lab-305,22.44,42.3,425.0,ok,22.486,0.073,-0.513,42.003,0.35,0.607,435.833,8.116,-1.147,0.03,-9.0,416.0,451.0,False
2025-03-10 09:06:30,S04,Library-1F,21.41,37.7,588.0,ok,21.234,0.112,1.659,36.73,0.486,1.993,543.8,25.974,1.82,0.04,11.0,542.0,588.0,False
2025-03-10 09:06:30,S05,Canteen,23.04,45.0,426.0,ok,22.984,0.067,0.583,45.097,0.276,-0.207,433.033,6.568,-0.72,0.0,3.0,421.0,446.0,False
2025-03-10 09:06:30,S06,Study-Hall,21.59,37.0,432.0,ok,21.493,0.089,1.02,36.91,0.463,0.153,431.033,9.8,0.025,-0.03,-7.0,409.0,450.0,False
2025-03-10 09:06:40,S01,Lecture-101,21.73,39.2,533.0,ok,21.535,0.108,1.919,38.183,0.52,2.107,456.6,30.195,2.985,0.21,55.0,433.0,533.0,False
2025-03-10 09:06:40,S02,Lab-201,22.34,40.8,630.0,ok,22.188,0.111,1.472,40.67,0.436,0.307,580.9,33.573,1.549,0.09,27.0,596.0,635.0,False
2025-03-10 09:06:40,S03,Lab-305,22.53,41.7,431.0,ok,22.488,0.074,0.437,41.997,0.354,-0.607,435.333,7.928,-0.483,-0.09,-8.0,416.0,451.0,False
2025-03-10 09:06:40,S04,Library-1F,21.42,37.6,598.0,ok,21.238,0.117,1.666,36.77,0.507,1.74,547.267,26.038,2.087,0.21,17.0,542.0,598.0,False
2025-03-10 09:06:40,S05,Canteen,22.98,44.5,430.0,ok,22.984,0.067,-0.043,45.077,0.297,-1.193,432.733,6.491,-0.303,0.02,-4.0,421.0,446.0,False
2025-03-10 09:06:40,S06,Study-Hall,21.52,36.3,415.0,ok,21.493,0.089,0.27,36.907,0.467,-1.22,430.1,9.953,-1.603,-0.02,-7.0,409.0,450.0,False
2025-03-10 09:06:50,S01,Lecture-101,21.78,38.4,537.0,ok,21.545,0.117,2.256,38.193,0.521,0.417,460.133,33.153,2.663,0.21,46.0,440.0,537.0,False
2025-03-10 09:06:50,S02,Lab-201,22.21,40.8,631.0,ok,22.194,0.107,0.198,40.683,0.434,0.26,584.433,33.061,1.492,-0.03,17.0,596.0,635.0,False
2025-03-10 09:06:50,S03,Lab-305,22.55,41.8,432.0,ok,22.493,0.073,0.62,41.997,0.354,-0.393,435.1,7.919,-0.333,0.01,-3.0,416.0,451.0,False
2025-03-10 09:06:50,S04,Library-1F,21.37,37.1,584.0,ok,21.247,0.115,1.133,36.8,0.499,0.651,549.9,25.608,1.411,0.19,17.0,560.0,598.0,False
2025-03-10 09:06:50,S05,Canteen,23.01,45.2,442.0,ok,22.988,0.065,0.26,45.077,0.297,0.247,433.033,6.708,0.927,0.02,-1.0,421.0,446.0,False
2025-03-10 09:06:50,S06,Study-Hall,21.42,37.0,419.0,ok,21.49,0.09,-0.73,36.903,0.466,0.187,429.433,10.006,-1.11,-0.03,-6.0,409.0,450.0,False
2025-03-10 09:07:00,S01,Lecture-101,21.77,38.6,544.0,ok,21.55,0.123,1.926,38.18,0.505,0.78,463.633,36.244,2.53,0.14,50.0,440.0,544.0,False
2025-03-10 09:07:00,S02,Lab-201,22.09,41.4,628.0,ok,22.192,0.109,-0.97,40.737,0.42,1.433,587.833,32.074,1.318,0.03,16.0,599.0,635.0,False
2025-03-10 09:07:00,S03,Lab-305,22.51,41.9,429.0,ok,22.493,0.073,0.17,42.0,0.352,-0.193,434.367,7.397,-0.61,0.01,-2.0,416.0,448.0,False
2025-03-10 09:07:00,S04,Library-1F,21.3,37.7,601.0,ok,21.252,0.115,0.456,36.823,0.524,1.8,553.2,25.601,1.996,0.02,29.0,560.0,601.0,False
2025-03-10 09:07:00,S05,Canteen,23.1,45.0,432.0,ok,22.996,0.064,1.12,45.07,0.296,-0.153,433.033,6.708,-0.103,0.06,1.0,421.0,446.0,False
2025-03-10 09:07:00,S06,Study-Hall,21.37,37.2,428.0,ok,21.485,0.092,-1.203,36.877,0.422,0.593,428.833,9.505,-0.143,-0.13,2.0,409.0,450.0,False
2025-03-10 09:07:10,S01,Lecture-101,21.71,38.7,557.0,ok,21.558,0.125,1.303,38.21,0.508,1.03,467.367,39.848,2.576,0.1,54.0,468.0,557.0,False
2025-03-10 09:07:10,S02,Lab-201,22.28,41.6,643.0,ok,22.204,0.098,0.81,40.787,0.431,1.727,591.8,31.256,1.72,-0.06,16.0,599.0,643.0,False
2025-03-10 09:07:10,S03,Lab-305,22.48,42.2,440.0,ok,22.495,0.071,-0.13,42.007,0.354,0.4,434.2,7.203,0.563,-0.01,4.0,416.0,448.0,False
2025-03-10 09:07:10,S04,Library-1F,21.43,36.6,603.0,ok,21.259,0.119,1.553,36.84,0.508,-0.426,556.367,25.692,1.945,0.13,30.0,565.0,603.0,False
2025-03-10 09:07:10,S05,Canteen,22.96,45.0,442.0,ok,22.995,0.064,-0.357,45.053,0.285,-0.14,433.8,6.354,0.897,0.06,11.0,426.0,446.0,False
2025-03-10 09:07:10,S06,Study-Hall,21.48,37.3,412.0,ok,21.487,0.091,-0.05,36.88,0.425,0.847,427.867,9.698,-1.683,-0.09,4.0,409.0,450.0,False
2025-03-10 09:07:20,S01,Lecture-101,21.76,39.0,562.0,ok,21.571,0.125,1.613,38.273,0.483,1.555,471.167,43.229,2.375,0.09,51.0,468.0,562.0,False
2025-03-10 09:07:20,S02,Lab-201,22.21,40.9,649.0,ok,22.205,0.097,0.063,40.807,0.421,0.227,595.733,30.762,1.83,-0.06,28.0,605.0,649.0,False
2025-03-10 09:07:20,S03,Lab-305,22.41,41.9,427.0,ok,22.494,0.072,-0.85,41.993,0.35,-0.213,433.633,7.073,-0.72,-0.03,7.0,416.0,448.0,False
2025-03-10 09:07:20,S04,Library-1F,21.39,37.4,601.0,ok,21.272,0.112,1.1,36.867,0.516,1.102,559.433,25.332,1.737,0.15,24.0,565.0,603.0,False
2025-03-10 09:07:20,S05,Canteen,23.09,45.0,414.0,ok,22.998,0.067,0.953,45.05,0.285,-0.107,433.333,7.246,-1.98,0.09,1.0,414.0,446.0,False
2025-03-10 09:07:20,S06,Study-Hall,21.49,36.7,421.0,ok,21.485,0.09,0.027,36.87,0.425,-0.36,427.067,9.214,-0.687,0.01,4.0,409.0,450.0,False
2025-03-10 09:07:30,S01,Lecture-101,21.71,38.3,580.0,ok,21.577,0.128,1.11,38.277,0.483,0.053,476.2,46.794,2.518,0.04,50.0,487.0,580.0,False
2025-03-10 09:07:30,S02,Lab-201,22.18,41.5,655.0,ok,22.21,0.092,-0.253,40.837,0.437,1.387,599.5,30.873,1.927,-0.12,17.0,609.0,655.0,False
2025-03-10 09:07:30,S03,Lab-305,22.62,41.8,428.0,ok,22.499,0.076,1.257,41.993,0.35,-0.387,433.167,6.963,-0.563,0.04,3.0,416.0,448.0,False
2025-03-10 09:07:30,S04,Library-1F,21.49,37.1,597.0,ok,21.285,0.114,1.947,36.89,0.51,0.452,561.867,25.317,1.483,0.19,19.0,565.0,603.0,False
2025-03-10 09:07:30,S05,Canteen,23.08,44.9,427.0,ok,23.0,0.068,0.823,45.047,0.286,-0.3,432.867,7.186,-0.633,0.04,-4.0,414.0,446.0,False
2025-03-10 09:07:30,S06,Study-Hall,21.46,37.3,422.0,ok,21.486,0.09,-0.247,36.883,0.432,0.86,426.133,8.169,-0.507,-0.03,3.0,409.0,441.0,False
2025-03-10 09:07:40,S01,Lecture-101,21.88,38.8,576.0,ok,21.589,0.138,2.376,38.3,0.491,1.047,480.133,50.057,2.133,0.03,53.0,487.0,580.0,False
2025-03-10 09:07:40,S02,Lab-201,22.23,40.9,656.0,ok,22.213,0.092,0.2,40.847,0.435,0.127,603.167,30.832,1.83,-0.12,23.0,609.0,656.0,False
2025-03-10 09:07:40,S03,Lab-305,22.43,42.0,416.0,ok,22.497,0.077,-0.69,41.993,0.35,0.013,432.567,7.632,-1.717,-0.01,2.0,416.0,448.0,False
2025-03-10 09:07:40,S04,Library-1F,21.41,37.5,598.0,ok,21.295,0.111,1.101,36.91,0.522,1.196,564.467,24.87,1.427,0.0,10.0,569.0,603.0,False
2025-03-10 09:07:40,S05,Canteen,23.07,44.7,430.0,ok,23.002,0.07,0.697,45.023,0.285,-0.693,432.967,7.122,-0.287,0.04,-3.0,414.0,446.0,False
2025-03-10 09:07:40,S06,Study-Hall,21.6,37.2,418.0,ok,21.494,0.089,1.143,36.9,0.435,0.633,425.6,8.16,-0.813,-0.03,3.0,409.0,441.0,False
2025-03-10 09:07:50,S01,Lecture-101,21.89,39.0,592.0,ok,21.601,0.149,2.175,38.353,0.476,1.4,485.2,53.433,2.235,0.11,47.0,490.0,592.0,False
2025-03-10 09:07:50,S02,Lab-201,22.41,41.3,641.0,ok,22.225,0.092,1.97,40.873,0.438,0.907,606.4,29.47,1.227,-0.1,24.0,609.0,656.0,False
2025-03-10 09:07:50,S03,Lab-305,22.65,42.3,425.0,ok,22.498,0.079,1.533,41.997,0.353,0.613,431.8,7.17,-0.757,0.09,-6.0,416.0,447.0,False
2025-03-10 09:07:50,S04,Library-1F,21.43,37.5,607.0,ok,21.298,0.113,1.219,36.94,0.53,1.13,567.2,24.889,1.71,0.02,10.0,569.0,607.0,False
2025-03-10 09:07:50,S05,Canteen,22.97,45.3,426.0,ok,23.0,0.07,-0.32,45.027,0.288,0.553,432.867,7.2,-0.697,0.06,-3.0,414.0,446.0,False
2025-03-10 09:07:50,S06,Study-Hall,21.49,36.8,401.0,ok,21.49,0.086,-0.037,36.89,0.433,-0.2,424.433,9.073,-2.46,-0.03,-1.0,401.0,441.0,False
2025-03-10 09:08:00,S01,Lecture-101,21.86,39.2,613.0,ok,21.611,0.155,1.746,38.41,0.472,1.693,491.167,57.368,2.392,0.11,55.0,506.0,613.0,False
2025-03-10 09:08:00,S02,Lab-201,22.34,42.0,655.0,ok,22.231,0.094,1.147,40.923,0.478,2.253,609.667,29.235,1.649,0.13,25.0,615.0,656.0,False
2025-03-10 09:08:00,S03,Lab-305,22.6,42.5,418.0,ok,22.502,0.081,1.02,42.01,0.364,1.007,430.967,7.275,-1.38,0.07,-13.0,416.0,447.0,False
2025-03-10 09:08:00,S04,Library-1F,21.53,37.7,607.0,ok,21.307,0.12,2.054,36.993,0.523,1.435,569.833,24.778,1.599,0.06,9.0,577.0,607.0,False
2025-03-10 09:08:00,S05,Canteen,23.1,45.1,413.0,ok,23.005,0.072,0.997,45.02,0.283,0.147,431.867,7.802,-1.987,0.06,-6.0,413.0,446.0,False
2025-03-10 09:08:00,S06,Study-Hall,21.43,36.6,414.0,ok,21.487,0.087,-0.6,36.867,0.429,-0.58,423.633,8.892,-1.043,0.07,-5.0,401.0,441.0,False
2025-03-10 09:08:10,S01,Lecture-101,21.69,38.9,612.0,ok,21.619,0.154,0.506,38.43,0.48,0.98,496.867,60.615,2.106,0.09,68.0,512.0,613.0,False
2025-03-10 09:08:10,S02,Lab-201,22.32,40.9,655.0,ok,22.237,0.094,0.887,40.94,0.467,-0.047,612.9,28.683,1.551,0.13,24.0,628.0,656.0,False
2025-03-10 09:08:10,S03,Lab-305,22.5,42.0,429.0,ok,22.503,0.081,-0.017,42.04,0.321,-0.02,430.733,7.22,-0.197,0.09,-7.0,416.0,447.0,False
2025-03-10 09:08:10,S04,Library-1F,21.38,37.8,605.0,ok,21.314,0.118,0.605,37.027,0.541,1.544,572.133,24.731,1.419,0.06,6.0,577.0,607.0,False
2025-03-10 09:08:10,S05,Canteen,23.02,46.0,418.0,ok,23.005,0.072,0.15,45.063,0.329,1.96,431.467,8.199,-1.387,0.01,-24.0,413.0,446.0,False
2025-03-10 09:08:10,S06,Study-Hall,21.52,36.6,414.0,ok,21.488,0.087,0.327,36.82,0.375,-0.533,423.133,9.001,-0.963,0.07,-5.0,401.0,441.0,False
2025-03-10 09:08:20,S01,Lecture-101,21.87,38.9,618.0,filled,21.627,0.16,1.636,38.467,0.472,0.94,502.633,63.663,1.998,0.1,56.0,523.0,618.0,False
2025-03-10 09:08:20,S02,Lab-201,22.29,41.3,668.0,ok,22.242,0.093,0.533,40.98,0.444,0.72,616.4,28.79,1.921,0.11,12.0,628.0,668.0,False
2025-03-10 09:08:20,S03,Lab-305,22.44,41.4,425.0,ok,22.497,0.079,-0.627,42.017,0.341,-1.28,430.433,7.267,-0.573,0.02,-4.0,416.0,447.0,False
2025-03-10 09:08:20,S04,Library-1F,21.43,37.5,615.0,ok,21.319,0.12,0.98,37.053,0.544,0.874,575.033,24.477,1.733,0.04,6.0,584.0,615.0,False
2025-03-10 09:08:20,S05,Canteen,22.91,45.3,432.0,ok,22.998,0.07,-0.953,45.067,0.33,0.473,431.2,8.04,0.053,-0.07,-14.0,413.0,446.0,False
2025-03-10 09:08:20,S06,Study-Hall,21.5,37.3,414.0,ok,21.486,0.086,0.123,36.847,0.379,0.96,422.567,9.024,-0.913,0.02,-7.0,401.0,441.0,False
2025-03-10 09:08:30,S01,Lecture-101,21.78,39.4,636.0,ok,21.636,0.161,0.954,38.513,0.493,1.867,509.033,67.122,2.095,0.07,56.0,533.0,636.0,False
2025-03-10 09:08:30,S02,Lab-201,22.46,40.7,654.0,ok,22.252,0.099,2.183,40.987,0.438,-0.56,619.333,27.949,1.306,0.11,6.0,628.0,668.0,False
2025-03-10 09:08:30,S03,Lab-305,22.48,43.0,431.0,ok,22.498,0.079,-0.17,42.03,0.372,1.967,430.367,7.252,0.057,0.0,1.0,416.0,447.0,False
2025-03-10 09:08:30,S04,Library-1F,21.52,37.5,609.0,ok,21.335,0.114,1.677,37.103,0.512,0.82,577.533,23.967,1.388,0.0,8.0,584.0,615.0,False
2025-03-10 09:08:30,S05,Canteen,23.09,44.5,429.0,ok,23.001,0.072,0.92,45.037,0.34,-1.133,430.933,7.974,-0.22,-0.06,2.0,413.0,446.0,False
2025-03-10 09:08:30,S06,Study-Hall,21.57,36.8,410.0,ok,21.492,0.085,0.843,36.857,0.374,-0.093,421.933,9.221,-1.257,0.04,-7.0,401.0,441.0,False
2025-03-10 09:08:40,S01,Lecture-101,21.87,39.3,634.0,ok,21.649,0.163,1.452,38.56,0.499,1.573,515.733,69.269,1.862,0.11,58.0,537.0,636.0,False
2025-03-10 09:08:40,S02,Lab-201,22.27,41.4,672.0,ok,22.255,0.099,0.18,41.007,0.443,0.827,622.633,28.133,1.884,0.08,13.0,628.0,672.0,False
2025-03-10 09:08:40,S03,Lab-305,22.62,42.0,417.0,ok,22.501,0.082,1.22,42.023,0.37,-0.06,429.833,7.63,-1.337,0.05,-2.0,416.0,447.0,False
2025-03-10 09:08:40,S04,Library-1F,21.49,37.4,610.0,ok,21.347,0.111,1.362,37.133,0.502,0.579,579.467,24.174,1.355,0.08,12.0,584.0,615.0,False
2025-03-10 09:08:40,S06,Study-Hall,21.56,37.3,417.0,ok,21.501,0.077,0.683,36.887,0.372,0.887,421.867,9.25,-0.493,0.07,-7.0,401.0,441.0,False
2025-03-10 09:08:50,S01,Lecture-101,22.05,40.2,633.0,ok,21.666,0.178,2.452,38.647,0.55,3.28,522.067,71.052,1.693,-0.01,54.0,544.0,636.0,False
2025-03-10 09:08:50,S02,Lab-201,22.31,41.4,670.0,ok,22.262,0.093,0.553,41.03,0.444,0.787,625.8,27.933,1.684,0.08,15.0,628.0,672.0,False
2025-03-10 09:08:50,S03,Lab-305,22.45,41.6,419.0,ok,22.502,0.081,-0.51,41.987,0.355,-0.847,429.4,7.868,-1.083,-0.14,-6.0,416.0,447.0,False
2025-03-10 09:08:50,S04,Library-1F,21.49,37.4,625.0,filled,21.352,0.114,1.291,37.13,0.5,0.531,582.333,24.309,1.884,0.06,12.0,597.0,625.0,False
2025-03-10 09:08:50,S05,Canteen,22.94,46.2,422.0,ok,23.0,0.072,-0.607,45.087,0.395,2.327,430.7,8.133,-0.893,-0.12,1.714,413.0,446.0,False
2025-03-10 09:08:50,S06,Study-Hall,21.45,36.6,398.0,ok,21.497,0.077,-0.507,36.867,0.371,-0.573,420.467,9.584,-2.387,0.07,-8.0,398.0,441.0,False
2025-03-10 09:08:40,S05,Canteen,22.85,45.1,419.0,ok,22.997,0.076,-1.507,45.05,0.334,0.127,430.6,8.261,-1.193,-0.17,2.0,413.0,446.0,False
2025-03-10 09:09:00,S01,Lecture-101,21.94,39.8,656.0,ok,21.676,0.185,1.541,38.703,0.579,2.097,529.333,73.271,1.885,0.06,42.0,557.0,656.0,False
2025-03-10 09:09:00,S02,Lab-201,22.3,40.9,673.0,ok,22.266,0.092,0.377,41.01,0.436,-0.26,628.9,27.835,1.69,-0.04,17.0,641.0,673.0,False
2025-03-10 09:09:00,S03,Lab-305,22.58,42.0,416.0,ok,22.509,0.078,0.78,41.997,0.351,0.027,428.967,8.24,-1.34,-0.02,-1.0,416.0,447.0,False
2025-03-10 09:09:00,S04,Library-1F,21.46,38.2,616.0,ok,21.359,0.114,0.947,37.207,0.481,2.14,584.8,23.825,1.385,0.06,9.0,597.0,625.0,False
2025-03-10 09:09:00,S05,Canteen,23.03,45.8,434.0,ok,22.997,0.077,0.333,45.097,0.411,1.447,429.7,7.795,0.39,-0.13,-4.0,413.0,443.0,False
2025-03-10 09:09:00,S06,Study-Hall,21.45,36.7,413.0,ok,21.496,0.078,-0.473,36.877,0.362,-0.333,419.867,9.464,-0.747,-0.04,-1.0,398.0,441.0,False
2025-03-10 09:09:10,S01,Lecture-101,22.02,39.9,655.0,ok,21.696,0.188,1.862,38.753,0.615,2.068,536.567,74.642,1.715,0.16,43.0,562.0,656.0,False
2025-03-10 09:09:10,S02,Lab-201,22.43,41.3,673.0,ok,22.276,0.093,1.637,41.023,0.438,0.58,631.933,27.504,1.584,-0.03,18.0,641.0,673.0,False
2025-03-10 09:09:10,S03,Lab-305,22.41,42.3,421.0,ok,22.506,0.08,-0.99,42.01,0.355,0.607,428.3,8.039,-0.797,-0.15,-6.0,416.0,447.0,False
2025-03-10 09:09:10,S04,Library-1F,21.61,37.2,618.0,ok,21.372,0.119,2.206,37.22,0.474,-0.013,587.1,23.579,1.394,0.06,11.0,597.0,625.0,False
2025-03-10 09:09:10,S05,Canteen,23.16,45.0,430.0,ok,23.005,0.08,1.633,45.08,0.405,-0.193,429.3,7.442,0.03,0.01,12.0,413.0,443.0,False
2025-03-10 09:09:10,S06,Study-Hall,21.49,36.8,420.0,ok,21.494,0.077,-0.057,36.863,0.357,-0.153,419.5,9.228,0.013,-0.04,-1.0,398.0,441.0,False
2025-03-10 09:09:20,S01,Lecture-101,21.95,40.2,667.0,ok,21.716,0.182,1.349,38.827,0.652,2.352,544.033,76.148,1.747,0.09,43.0,576.0,667.0,False
2025-03-10 09:09:20,S02,Lab-201,22.27,40.8,690.0,ok,22.278,0.093,-0.063,41.05,0.396,-0.447,635.133,28.505,2.111,-0.02,18.0,641.0,690.0,False
2025-03-10 09:09:20,S03,Lab-305,22.48,41.8,408.0,ok,22.506,0.08,-0.263,42.01,0.355,-0.42,427.467,8.796,-2.03,-0.02,-9.0,408.0,447.0,False
2025-03-10 09:09:20,S04,Library-1F,21.47,38.2,616.0,ok,21.373,0.12,0.819,37.283,0.474,1.96,588.967,23.576,1.226,0.04,9.0,597.0,625.0,False
2025-03-10 09:09:20,S05,Canteen,22.9,45.6,423.0,ok,23.002,0.083,-1.05,45.103,0.414,1.04,428.833,7.382,-0.63,0.01,12.0,413.0,443.0,False
2025-03-10 09:09:20,S06,Study-Hall,21.43,37.1,404.0,ok,21.49,0.077,-0.643,36.87,0.359,0.473,418.8,9.586,-1.55,-0.05,-1.0,398.0,441.0,False
2025-03-10 09:09:30,S01,Lecture-101,21.94,39.3,672.0,ok,21.734,0.177,1.228,38.857,0.653,0.726,552.2,76.301,1.68,0.17,49.0,576.0,672.0,False
2025-03-10 09:09:30,S02,Lab-201,22.38,41.5,683.0,ok,22.28,0.094,1.023,41.08,0.395,0.9,638.367,28.24,1.679,0.06,28.0,641.0,690.0,False
2025-03-10 09:09:30,S03,Lab-305,22.41,41.8,417.0,ok,22.497,0.075,-0.963,42.003,0.357,-0.42,426.467,8.182,-1.047,-0.07,-12.0,408.0,442.0,False
2025-03-10 09:09:30,S04,Library-1F,21.44,37.8,623.0,ok,21.378,0.119,0.559,37.327,0.459,1.033,591.467,23.053,1.444,0.04,9.0,598.0,625.0,False
2025-03-10 09:09:30,S05,Canteen,22.9,45.5,413.0,filled,23.0,0.085,-1.023,45.123,0.418,0.793,427.833,7.428,-1.583,-0.12,-6.0,413.0,442.0,False
2025-03-10 09:09:30,S06,Study-Hall,21.46,36.8,410.0,ok,21.488,0.077,-0.3,36.853,0.35,-0.14,418.267,9.617,-0.88,-0.06,-4.0,398.0,441.0,False
2025-03-10 09:09:40,S01,Lecture-101,22.04,39.3,689.0,ok,21.754,0.177,1.732,38.913,0.612,0.679,560.867,76.591,1.793,0.08,38.0,592.0,689.0,False
2025-03-10 09:09:40,S02,Lab-201,22.3,41.5,685.0,filled,22.284,0.092,0.203,41.087,0.401,0.84,641.367,28.254,1.651,0.01,17.0,641.0,690.0,False
2025-03-10 09:09:40,S03,Lab-305,22.52,42.5,428.0,ok,22.498,0.075,0.227,42.013,0.366,0.993,426.0,7.647,0.153,0.0,-8.0,408.0,440.0,False
2025-03-10 09:09:40,S04,Library-1F,21.37,37.9,623.0,ok,21.386,0.109,-0.07,37.373,0.443,1.147,594.167,21.767,1.368,-0.05,13.0,605.0,625.0,False
2025-03-10 09:09:40,S05,Canteen,22.9,45.1,423.0,filled,23.002,0.081,-0.997,45.12,0.418,-0.047,427.5,7.413,-0.483,-0.01,-6.0,413.0,442.0,False
2025-03-10 09:09:40,S06,Study-Hall,21.54,37.8,406.0,ok,21.493,0.074,0.523,36.893,0.387,1.893,417.1,8.857,-1.227,-0.1,-8.0,398.0,432.0,False
2025-03-10 09:09:50,S01,Lecture-101,22.04,39.7,696.0,ok,21.776,0.168,1.619,38.98,0.584,1.285,569.633,76.502,1.764,0.17,55.0,612.0,696.0,False
2025-03-10 09:09:50,S02,Lab-201,22.28,42.4,678.0,ok,22.288,0.089,-0.043,41.15,0.452,2.627,644.0,27.848,1.297,-0.01,13.0,654.0,690.0,False
2025-03-10 09:09:50,S03,Lab-305,22.45,42.1,414.0,ok,22.499,0.074,-0.477,42.027,0.362,0.173,425.533,7.943,-1.2,-0.03,-2.0,408.0,440.0,False
2025-03-10 09:09:50,S04,Library-1F,21.48,38.1,614.0,ok,21.392,0.11,0.855,37.427,0.431,1.453,596.567,19.687,0.911,-0.05,13.0,605.0,625.0,False
2025-03-10 09:09:50,S05,Canteen,22.94,45.2,420.0,ok,22.999,0.081,-0.62,45.137,0.411,0.16,427.2,7.531,-0.75,-0.04,-2.0,413.0,442.0,False
2025-03-10 09:09:50,S06,Study-Hall,21.43,37.0,398.0,ok,21.495,0.073,-0.633,36.897,0.387,0.213,416.2,9.382,-1.91,-0.1,-4.0,398.0,432.0,False
2025-03-10 09:10:00,S01,Lecture-101,21.94,40.2,689.0,ok,21.79,0.163,0.974,39.037,0.617,2.089,577.733,75.821,1.56,0.1,55.0,612.0,696.0,False
2025-03-10 09:10:00,S02,Lab-201,22.3,41.4,683.0,ok,22.292,0.087,0.117,41.167,0.451,0.5,646.9,27.2,1.4,0.0,11.0,654.0,690.0,False
2025-03-10 09:10:00,S03,Lab-305,22.69,42.4,433.0,ok,22.504,0.082,1.913,42.05,0.363,0.747,425.467,7.868,0.747,-0.06,11.0,408.0,440.0,False
2025-03-10 09:10:00,S04,Library-1F,21.48,38.1,616.0,ok,21.394,0.111,0.8,37.457,0.445,1.347,598.167,19.23,0.987,-0.01,0.0,605.0,625.0,False
2025-03-10 09:10:00,S05,Canteen,23.09,45.3,423.0,ok,23.006,0.078,0.913,45.133,0.409,0.327,426.933,7.534,-0.42,0.0,1.0,413.0,442.0,False
2025-03-10 09:10:00,S06,Study-Hall,21.53,36.7,398.0,ok,21.5,0.07,0.353,36.887,0.388,-0.393,415.167,9.628,-1.82,0.08,-15.0,398.0,432.0,False
2025-03-10 09:10:10,S01,Lecture-101,21.97,39.9,695.0,ok,21.806,0.158,1.1,39.1,0.605,1.399,586.233,74.123,1.547,-0.05,40.0,618.0,696.0,False
2025-03-10 09:10:10,S02,Lab-201,22.48,41.2,688.0,ok,22.301,0.092,1.88,41.157,0.447,0.067,649.6,27.122,1.511,-0.01,10.0,654.0,690.0,False
2025-03-10 09:10:10,S03,Lab-305,22.5,41.9,416.0,ok,22.508,0.078,-0.04,42.043,0.364,-0.3,424.867,7.882,-0.947,0.05,-3.0,408.0,440.0,False
2025-03-10 09:10:10,S04,Library-1F,21.55,37.7,637.0,ok,21.406,0.107,1.412,37.49,0.424,0.487,600.733,19.099,2.019,-0.01,-2.0,609.0,637.0,False
2025-03-10 09:10:10,S05,Canteen,22.98,45.1,413.0,ok,23.003,0.077,-0.263,45.143,0.404,-0.067,426.667,7.884,-1.393,-0.05,-10.0,413.0,442.0,False
2025-03-10 09:10:10,S06,Study-Hall,21.51,37.2,418.0,ok,21.494,0.06,0.103,36.917,0.376,0.627,414.733,9.172,0.283,0.06,-15.0,398.0,432.0,False
2025-03-10 09:10:20,S01,Lecture-101,21.93,39.7,703.0,ok,21.819,0.15,0.789,39.147,0.595,0.992,594.067,73.613,1.575,-0.01,39.0,633.0,703.0,False
2025-03-10 09:10:20,S02,Lab-201,22.3,41.8,692.0,ok,22.303,0.091,-0.007,41.197,0.449,1.287,652.7,26.446,1.563,0.0,15.0,654.0,692.0,False
2025-03-10 09:10:20,S03,Lab-305,22.57,42.1,427.0,ok,22.508,0.077,0.617,42.047,0.364,0.113,424.8,7.854,0.213,0.09,11.0,408.0,440.0,False
2025-03-10 09:10:20,S04,Library-1F,21.47,37.8,634.0,ok,21.415,0.1,0.598,37.52,0.412,0.62,602.833,19.18,1.742,0.01,18.0,609.0,637.0,False
2025-03-10 09:10:20,S05,Canteen,22.88,44.9,419.0,ok,22.998,0.08,-1.233,45.157,0.388,-0.487,426.1,7.801,-0.767,-0.05,-11.0,413.0,442.0,False
2025-03-10 09:10:20,S06,Study-Hall,21.44,36.9,391.0,ok,21.493,0.06,-0.537,36.923,0.374,-0.033,413.6,9.929,-2.373,0.06,-15.0,391.0,432.0,False
2025-03-10 09:10:30,S01,Lecture-101,21.84,40.0,707.0,ok,21.831,0.135,0.138,39.213,0.573,1.435,602.033,72.422,1.534,-0.02,36.0,633.0,707.0,False
2025-03-10 09:10:30,S02,Lab-201,22.3,40.8,680.0,filled,22.297,0.086,-0.027,41.2,0.446,-0.793,655.2,25.301,1.032,-0.08,5.0,670.0,692.0,False
2025-03-10 09:10:30,S03,Lab-305,22.51,42.2,435.0,ok,22.511,0.075,0.023,42.033,0.35,0.307,424.667,7.635,1.02,0.1,10.0,408.0,440.0,False
2025-03-10 09:10:30,S04,Library-1F,21.37,37.7,625.0,ok,21.421,0.092,-0.449,37.547,0.396,0.36,604.467,18.9,1.156,0.0,16.0,610.0,637.0,False
2025-03-10 09:10:30,S05,Canteen,22.98,44.3,413.0,ok,22.998,0.08,-0.18,45.14,0.414,-1.713,425.6,8.148,-1.31,0.08,-10.0,413.0,442.0,False
2025-03-10 09:10:30,S06,Study-Hall,21.56,37.7,1335.54,ok,21.494,0.061,0.667,36.947,0.4,1.553,443.951,168.673,92.194,0.05,8.0,391.0,1335.54,False
2025-03-10 09:10:40,S01,Lecture-101,22.11,40.0,707.0,filled,21.85,0.134,2.063,39.26,0.579,1.372,609.367,71.505,1.449,-0.02,35.0,633.0,707.0,False
2025-03-10 09:10:40,S02,Lab-201,22.39,41.6,703.0,ok,22.305,0.085,0.927,41.217,0.451,0.8,658.167,25.521,1.889,0.0,7.0,670.0,703.0,False
2025-03-10 09:10:40,S03,Lab-305,22.58,41.9,435.0,ok,22.513,0.076,0.69,42.023,0.349,-0.267,424.733,7.719,1.033,0.09,18.0,408.0,440.0,False
2025-03-10 09:10:40,S04,Library-1F,21.59,37.8,630.0,ok,21.427,0.097,1.693,37.587,0.356,0.507,606.633,17.92,1.351,0.03,7.0,614.0,637.0,False
2025-03-10 09:10:40,S05,Canteen,23.06,45.6,414.0,ok,22.999,0.081,0.623,45.163,0.42,0.92,424.933,8.254,-1.16,0.08,-9.0,413.0,442.0,False
2025-03-10 09:10:40,S06,Study-Hall,21.39,36.4,407.0,ok,21.489,0.063,-1.04,36.94,0.407,-1.093,443.151,168.793,-0.219,-0.02,1.0,391.0,1335.54,False
2025-03-10 09:10:50,S01,Lecture-101,22.02,40.4,726.0,ok,21.863,0.131,1.268,39.317,0.605,1.97,617.333,70.711,1.631,-0.02,18.0,655.0,726.0,False
2025-03-10 09:10:50,S02,Lab-201,22.32,41.8,699.0,ok,22.303,0.084,0.153,41.27,0.42,1.167,660.833,25.467,1.6,0.02,16.0,673.0,703.0,False
2025-03-10 09:10:50,S03,Lab-305,22.52,41.7,432.0,ok,22.513,0.076,0.073,42.033,0.335,-0.647,424.667,7.644,0.727,0.07,18.0,408.0,440.0,False
2025-03-10 09:10:50,S04,Library-1F,21.48,38.2,634.0,ok,21.436,0.089,0.53,37.613,0.371,1.227,608.733,17.281,1.527,0.04,7.0,614.0,637.0,False
2025-03-10 09:10:50,S05,Canteen,23.04,45.2,412.0,ok,23.003,0.08,0.41,45.17,0.419,0.073,424.3,8.498,-1.293,0.14,-7.0,412.0,442.0,False
2025-03-10 09:11:00,S01,Lecture-101,21.98,40.7,728.0,ok,21.871,0.13,0.894,39.393,0.63,2.288,625.267,69.269,1.565,-0.02,37.0,655.0,728.0,False
2025-03-10 09:11:00,S02,Lab-201,22.39,41.6,689.0,ok,22.31,0.082,0.867,41.277,0.424,0.66,663.5,23.998,1.106,0.09,16.0,673.0,703.0,False
2025-03-10 09:11:00,S03,Lab-305,22.54,42.3,440.0,ok,22.514,0.076,0.273,42.06,0.322,0.533,425.467,7.956,1.533,0.02,7.0,408.0,440.0,False
2025-03-10 09:11:00,S04,Library-1F,21.41,38.4,626.0,ok,21.438,0.088,-0.257,37.647,0.395,1.573,610.633,15.834,0.999,0.0,14.0,614.0,637.0,False
2025-03-10 09:11:00,S05,Canteen,23.06,45.0,410.0,ok,23.007,0.08,0.567,45.167,0.42,-0.34,423.767,8.881,-1.43,0.12,-11.0,410.0,442.0,False
2025-03-10 09:11:00,S06,Study-Hall,21.57,37.3,410.0,ok,21.488,0.061,0.813,36.99,0.351,0.72,442.985,168.825,-0.196,0.086,3.429,391.0,1335.54,False
2025-03-10 09:11:10,S01,Lecture-101,22.08,40.3,725.0,ok,21.885,0.13,1.605,39.433,0.648,1.44,632.567,67.79,1.44,0.05,31.0,667.0,728.0,False
2025-03-10 09:11:10,S02,Lab-201,22.29,41.5,697.0,ok,22.311,0.082,-0.203,41.307,0.406,0.447,666.233,22.93,1.396,0.02,14.0,678.0,703.0,False
2025-03-10 09:11:10,S03,Lab-305,22.76,42.0,440.0,ok,22.521,0.088,2.463,42.057,0.322,-0.12,425.867,8.378,1.453,0.04,24.0,408.0,440.0,False
2025-03-10 09:11:10,S04,Library-1F,21.52,38.3,630.0,ok,21.447,0.081,0.823,37.667,0.413,1.307,612.233,15.256,1.223,0.0,14.0,614.0,637.0,False
2025-03-10 09:11:10,S05,Canteen,22.96,44.3,422.0,ok,23.006,0.08,-0.47,45.123,0.44,-1.733,423.467,8.78,-0.177,0.06,-8.0,410.0,442.0,False
2025-03-10 09:11:10,S06,Study-Hall,21.43,37.4,404.0,ok,21.486,0.062,-0.577,36.993,0.354,0.82,442.551,168.91,-0.231,-0.086,7.714,391.0,1335.54,False
2025-03-10 09:10:50,S06,Study-Hall,21.53,36.9,407.0,ok,21.486,0.059,0.413,36.977,0.346,-0.08,442.885,168.846,-0.214,0.07,1.0,391.0,1335.54,False
2025-03-10 09:11:20,S01,Lecture-101,22.17,39.9,739.0,ok,21.903,0.131,2.198,39.47,0.642,0.72,640.133,66.525,1.57,0.14,33.0,672.0,739.0,False
2025-03-10 09:11:20,S02,Lab-201,22.25,42.1,701.0,ok,22.308,0.083,-0.61,41.337,0.43,1.587,668.433,22.996,1.516,-0.01,9.0,678.0,703.0,False
2025-03-10 09:11:20,S03,Lab-305,22.57,42.8,450.0,ok,22.527,0.086,0.487,42.073,0.347,1.487,426.8,9.426,2.413,0.0,13.0,414.0,450.0,False
2025-03-10 09:11:20,S04,Library-1F,21.44,38.0,644.0,ok,21.454,0.069,-0.07,37.697,0.403,0.667,614.467,14.818,2.082,-0.04,-4.0,614.0,644.0,False
2025-03-10 09:11:20,S05,Canteen,22.91,44.3,418.0,ok,23.0,0.081,-0.957,45.1,0.465,-1.647,422.967,8.644,-0.547,-0.02,-1.0,410.0,442.0,False
2025-03-10 09:11:20,S06,Study-Hall,21.42,37.2,403.0,ok,21.488,0.061,-0.67,36.997,0.357,0.42,441.985,169.021,-0.234,-0.08,6.0,391.0,1335.54,False
2025-03-10 09:11:30,S01,Lecture-101,22.11,39.7,746.0,ok,21.914,0.133,1.586,39.497,0.634,0.358,647.567,65.436,1.591,0.18,36.0,689.0,746.0,False
2025-03-10 09:11:30,S02,Lab-201,22.48,41.1,697.0,ok,22.313,0.088,1.717,41.34,0.428,-0.473,670.6,22.501,1.242,-0.01,9.0,678.0,703.0,False
2025-03-10 09:11:30,S03,Lab-305,22.51,42.4,449.0,ok,22.529,0.085,-0.167,42.077,0.35,0.653,427.6,10.251,2.22,0.06,22.0,414.0,450.0,False
2025-03-10 09:11:30,S04,Library-1F,21.51,38.1,641.0,ok,21.458,0.069,0.557,37.71,0.41,0.807,616.233,14.713,1.791,0.04,7.0,614.0,644.0,False
2025-03-10 09:11:30,S05,Canteen,23.06,45.4,422.0,ok,23.001,0.081,0.6,45.113,0.467,0.6,422.833,8.627,-0.097,-0.02,9.0,410.0,442.0,False
2025-03-10 09:11:30,S06,Study-Hall,21.44,37.3,425.0,ok,21.483,0.059,-0.477,37.007,0.361,0.607,441.751,169.041,-0.1,-0.08,-14.0,391.0,1335.54,False
2025-03-10 09:11:40,S01,Lecture-101,22.06,39.6,744.0,ok,21.925,0.131,1.093,39.51,0.632,0.163,654.6,64.021,1.474,0.18,37.0,689.0,746.0,False
2025-03-10 09:11:40,S02,Lab-201,22.32,42.0,702.0,ok,22.313,0.088,0.067,41.38,0.432,1.32,673.0,21.852,1.395,0.02,9.0,678.0,703.0,False
2025-03-10 09:11:40,S03,Lab-305,22.47,42.4,443.0,ok,22.527,0.085,-0.59,42.1,0.347,0.647,428.0,10.616,1.502,-0.06,14.0,414.0,450.0,False
2025-03-10 09:11:40,S04,Library-1F,21.6,38.2,655.0,ok,21.464,0.073,1.423,37.73,0.419,0.98,618.133,15.909,2.635,0.04,14.0,614.0,655.0,False
2025-03-10 09:11:40,S05,Canteen,22.93,44.6,422.0,ok,22.999,0.082,-0.707,45.117,0.463,-1.027,422.567,8.52,-0.083,-0.05,8.0,410.0,442.0,False
2025-03-10 09:11:40,S06,Study-Hall,21.44,36.5,408.0,filled,21.48,0.059,-0.427,37.013,0.349,-1.013,441.518,169.084,-0.2,0.0,1.0,391.0,1335.54,False
2025-03-10 09:11:50,S01,Lecture-101,22.17,39.7,752.0,ok,21.938,0.136,1.865,39.553,0.597,0.301,661.767,62.417,1.521,0.09,39.0,689.0,752.0,False
2025-03-10 09:11:50,S02,Lab-201,22.36,41.6,710.0,ok,22.318,0.086,0.473,41.407,0.419,0.44,675.633,21.371,1.693,0.04,3.0,680.0,710.0,False
2025-03-10 09:11:50,S03,Lab-305,22.56,42.1,455.0,ok,22.527,0.085,0.33,42.11,0.343,0.0,428.767,11.691,2.543,-0.01,14.0,416.0,455.0,False
2025-03-10 09:11:50,S04,Library-1F,21.5,38.5,660.0,ok,21.468,0.071,0.363,37.777,0.424,1.54,620.667,16.331,2.632,0.03,25.0,616.0,660.0,False
2025-03-10 09:11:50,S05,Canteen,23.02,44.5,413.0,ok,22.999,0.082,0.21,45.093,0.476,-1.233,421.6,7.859,-0.957,-0.02,9.0,410.0,442.0,False
2025-03-10 09:11:50,S06,Study-Hall,21.49,36.9,410.0,ok,21.482,0.058,0.1,37.01,0.35,-0.227,441.218,169.133,-0.186,-0.09,3.0,391.0,1335.54,False
2025-03-10 09:12:00,S01,Lecture-101,22.11,41.4,761.0,ok,21.95,0.135,1.267,39.647,0.658,3.093,669.0,60.853,1.59,0.09,26.0,695.0,761.0,False
2025-03-10 09:12:00,S02,Lab-201,22.23,41.0,706.0,ok,22.322,0.077,-0.877,41.393,0.426,-0.813,678.233,20.082,1.421,-0.07,7.0,680.0,710.0,False
2025-03-10 09:12:00,S03,Lab-305,22.45,41.9,465.0,ok,22.525,0.086,-0.773,42.11,0.343,-0.42,429.967,13.433,3.099,-0.07,20.0,416.0,465.0,False
2025-03-10 09:12:00,S04,Library-1F,21.43,37.6,655.0,ok,21.472,0.064,-0.38,37.773,0.425,-0.353,622.467,17.049,2.102,0.02,25.0,625.0,660.0,False
2025-03-10 09:12:00,S05,Canteen,23.03,45.5,417.0,ok,22.997,0.08,0.307,45.11,0.482,0.813,421.1,7.649,-0.46,-0.04,5.0,410.0,442.0,False
2025-03-10 09:12:00,S06,Study-Hall,21.39,36.1,403.0,ok,21.483,0.056,-0.923,36.973,0.385,-1.82,440.385,169.262,-0.226,-0.09,1.0,391.0,1335.54,False
2025-03-10 09:12:10,S01,Lecture-101,22.18,40.6,752.0,ok,21.965,0.134,1.704,39.71,0.656,1.448,675.5,58.859,1.364,0.15,26.0,703.0,761.0,False
2025-03-10 09:12:10,S02,Lab-201,22.26,42.1,720.0,ok,22.322,0.077,-0.623,41.41,0.444,1.413,680.8,20.343,2.08,-0.06,13.0,680.0,720.0,False
2025-03-10 09:12:10,S03,Lab-305,22.61,42.5,466.0,ok,22.53,0.087,0.847,42.12,0.35,0.78,430.833,14.865,2.682,0.02,25.0,427.0,466.0,False
2025-03-10 09:12:10,S04,Library-1F,21.42,37.5,651.0,ok,21.472,0.065,-0.523,37.803,0.367,-0.547,624.067,17.408,1.674,-0.05,25.0,625.0,660.0,False
2025-03-10 09:12:10,S05,Canteen,23.1,45.2,422.0,ok,23.002,0.082,1.03,45.117,0.481,0.18,420.433,6.558,0.09,-0.01,5.0,410.0,434.0,False
2025-03-10 09:12:10,S06,Study-Hall,21.6,37.0,419.0,ok,21.487,0.06,1.17,36.963,0.38,0.053,440.618,169.226,-0.126,-0.04,3.0,391.0,1335.54,False
2025-03-10 09:12:20,S01,Lecture-101,22.1,40.4,755.0,ok,21.977,0.13,1.007,39.757,0.653,1.052,681.933,56.526,1.351,0.03,27.0,707.0,761.0,False
2025-03-10 09:12:20,S02,Lab-201,22.43,41.3,708.0,ok,22.329,0.077,1.083,41.423,0.434,-0.22,682.767,20.012,1.337,-0.03,11.0,680.0,720.0,False
2025-03-10 09:12:20,S03,Lab-305,22.62,42.4,475.0,ok,22.537,0.086,0.903,42.137,0.351,0.56,432.433,16.884,2.971,0.04,26.0,432.0,475.0,False
2025-03-10 09:12:20,S04,Library-1F,21.56,38.0,655.0,ok,21.478,0.065,0.88,37.823,0.361,0.393,625.867,17.729,1.777,-0.01,25.0,625.0,660.0,False
2025-03-10 09:12:20,S05,Canteen,22.93,45.1,417.0,ok,22.996,0.081,-0.717,45.12,0.481,-0.033,420.533,6.479,-0.343,0.07,-1.0,410.0,434.0,False
2025-03-10 09:12:20,S06,Study-Hall,21.45,36.5,412.0,ok,21.486,0.061,-0.37,36.957,0.387,-0.927,440.318,169.27,-0.169,0.02,8.0,403.0,1335.54,False
2025-03-10 09:12:30,S01,Lecture-101,22.18,40.1,778.0,ok,21.992,0.125,1.564,39.817,0.595,0.526,688.533,55.768,1.7,0.07,16.0,707.0,778.0,False
2025-03-10 09:12:30,S02,Lab-201,22.51,41.9,709.0,ok,22.34,0.078,1.81,41.437,0.442,0.953,684.567,19.856,1.311,0.14,12.0,689.0,720.0,False
2025-03-10 09:12:30,S03,Lab-305,22.53,42.1,470.0,ok,22.534,0.084,-0.067,42.147,0.345,-0.073,433.833,18.195,2.225,0.04,21.0,432.0,475.0,False
2025-03-10 09:12:30,S04,Library-1F,21.48,38.2,673.0,ok,21.477,0.064,0.023,37.86,0.34,0.753,628.4,18.856,2.659,-0.03,14.0,626.0,673.0,False
2025-03-10 09:12:30,S05,Canteen,22.88,44.6,422.0,ok,22.99,0.082,-1.163,45.11,0.489,-1.04,420.367,6.371,0.147,-0.03,0.0,410.0,434.0,False
2025-03-10 09:12:30,S06,Study-Hall,21.53,36.8,414.0,ok,21.488,0.061,0.443,36.94,0.382,-0.313,440.051,169.306,-0.155,0.1,10.0,403.0,1335.54,False
2025-03-10 09:12:40,S01,Lecture-101,22.15,40.5,784.0,ok,22.001,0.126,1.261,39.873,0.575,1.149,695.467,54.203,1.712,0.04,34.0,725.0,784.0,False
2025-03-10 09:12:40,S02,Lab-201,22.38,40.7,710.0,ok,22.345,0.076,0.4,41.43,0.452,-1.473,686.367,19.623,1.281,0.11,8.0,689.0,720.0,False
2025-03-10 09:12:40,S03,Lab-305,22.57,42.2,462.0,ok,22.538,0.082,0.363,42.153,0.344,0.107,435.367,18.574,1.548,0.06,21.0,432.0,475.0,False
2025-03-10 09:12:40,S04,Library-1F,21.48,37.5,658.0,ok,21.48,0.063,0.027,37.86,0.34,-0.72,630.4,18.702,1.57,-0.03,14.0,626.0,673.0,False
2025-03-10 09:12:40,S05,Canteen,22.86,45.2,429.0,ok,22.983,0.084,-1.297,45.127,0.483,0.18,420.333,6.321,0.863,-0.05,0.0,410.0,434.0,False
2025-03-10 09:12:40,S06,Study-Hall,21.47,37.3,399.0,ok,21.484,0.057,-0.18,36.943,0.385,0.72,439.418,169.427,-0.242,0.03,4.0,399.0,1335.54,False
2025-03-10 09:12:50,S01,Lecture-101,22.21,40.2,778.0,ok,22.012,0.13,1.652,39.913,0.554,0.568,701.667,52.573,1.523,0.07,32.0,725.0,784.0,False
2025-03-10 09:12:50,S02,Lab-201,22.31,41.7,719.0,ok,22.342,0.075,-0.35,41.443,0.454,0.54,688.967,18.543,1.663,0.02,8.0,689.0,720.0,False
2025-03-10 09:12:50,S03,Lab-305,22.56,42.5,469.0,ok,22.535,0.08,0.217,42.16,0.349,0.693,436.833,19.444,1.811,0.05,20.0,440.0,475.0,False
2025-03-10 09:12:50,S04,Library-1F,21.54,39.6,664.0,ok,21.483,0.063,0.603,37.93,0.459,3.48,632.3,19.133,1.797,-0.03,9.0,626.0,673.0,False
2025-03-10 09:12:50,S05,Canteen,22.86,44.8,432.0,ok,22.979,0.087,-1.227,45.11,0.485,-0.653,420.533,6.595,1.167,-0.16,7.0,410.0,434.0,False
2025-03-10 09:12:50,S06,Study-Hall,21.58,37.2,408.0,ok,21.487,0.06,0.963,36.957,0.387,0.513,439.651,169.377,-0.185,0.09,-2.0,399.0,1335.54,False
2025-03-10 09:13:00,S01,Lecture-101,22.09,40.5,788.0,ok,22.02,0.128,0.6,39.957,0.547,1.059,707.5,52.103,1.642,0.04,32.0,725.0,788.0,False
2025-03-10 09:13:00,S03,Lab-305,22.62,42.6,478.0,ok,22.536,0.08,0.847,42.163,0.353,0.88,438.833,20.497,2.117,0.1,14.0,440.0,478.0,False
2025-03-10 09:13:00,S04,Library-1F,21.47,38.7,659.0,ok,21.481,0.063,-0.133,37.963,0.477,1.54,634.033,19.118,1.395,-0.02,4.0,630.0,673.0,False
2025-03-10 09:13:00,S05,Canteen,23.04,45.8,429.0,ok,22.977,0.085,0.61,45.133,0.501,1.38,421.067,6.612,0.847,-0.16,12.0,413.0,434.0,False
2025-03-10 09:13:00,S06,Study-Hall,21.52,37.2,415.0,filled,21.49,0.059,0.333,36.977,0.383,0.487,439.685,169.372,-0.146,0.08,0.0,399.0,1335.54,False
2025-03-10 09:13:10,S01,Lecture-101,22.15,41.2,796.0,ok,22.035,0.113,1.022,40.033,0.555,2.273,713.633,51.297,1.699,-0.02,36.0,739.0,796.0,False
2025-03-10 09:13:10,S02,Lab-201,22.35,42.0,726.0,ok,22.342,0.075,0.083,41.443,0.454,1.113,691.333,18.589,1.997,0.026,11.143,697.0,726.0,False
2025-03-10 09:13:10,S03,Lab-305,22.65,42.4,482.0,ok,22.541,0.083,1.14,42.177,0.354,0.473,440.6,21.859,2.106,0.06,13.0,443.0,482.0,False
2025-03-10 09:13:10,S04,Library-1F,21.57,38.2,665.0,ok,21.488,0.062,0.887,37.977,0.478,0.473,636.033,19.114,1.62,0.11,9.0,641.0,673.0,False
2025-03-10 09:13:10,S05,Canteen,22.85,44.7,427.0,ok,22.971,0.087,-1.27,45.09,0.479,-0.864,421.367,6.672,0.593,-0.17,12.0,413.0,434.0,False
2025-03-10 09:13:10,S06,Study-Hall,21.46,37.3,413.0,ok,21.488,0.059,-0.297,37.0,0.381,0.647,439.651,169.377,-0.158,0.03,3.0,399.0,1335.54,False
2025-03-10 09:13:20,S01,Lecture-101,22.1,40.8,807.0,ok,22.043,0.11,0.573,40.097,0.529,1.382,719.933,50.75,1.82,-0.01,41.0,744.0,807.0,False
2025-03-10 09:13:20,S02,Lab-201,22.51,40.6,723.0,ok,22.348,0.081,1.68,41.433,0.469,-1.687,693.6,18.146,1.704,0.077,11.143,697.0,726.0,False
2025-03-10 09:13:20,S03,Lab-305,22.67,42.3,472.0,ok,22.549,0.084,1.29,42.207,0.323,0.247,442.167,22.381,1.436,0.04,12.0,443.0,482.0,False
2025-03-10 09:13:20,S04,Library-1F,21.69,38.2,661.0,ok,21.496,0.071,2.023,38.0,0.471,0.447,637.567,19.213,1.306,0.14,6.0,641.0,673.0,False
2025-03-10 09:13:20,S05,Canteen,23.17,45.1,407.0,ok,22.98,0.094,1.987,45.083,0.478,0.02,420.533,6.857,-1.437,0.01,10.0,407.0,434.0,False
2025-03-10 09:13:20,S06,Study-Hall,21.5,37.2,414.0,ok,21.488,0.059,0.123,36.997,0.378,0.4,439.651,169.377,-0.151,0.05,2.0,399.0,1335.54,False
2025-03-10 09:13:30,S01,Lecture-101,22.12,40.5,807.0,ok,22.054,0.099,0.706,40.133,0.517,0.763,725.633,50.6,1.716,-0.06,52.0,744.0,807.0,False
2025-03-10 09:13:30,S02,Lab-201,22.49,41.9,717.0,ok,22.355,0.084,1.417,41.453,0.476,0.933,695.233,17.967,1.29,0.197,12.857,697.0,726.0,False
2025-03-10 09:13:30,S03,Lab-305,22.63,42.3,482.0,ok,22.554,0.084,0.813,42.183,0.287,0.187,443.867,23.416,1.78,0.04,12.0,443.0,482.0,False
2025-03-10 09:13:30,S04,Library-1F,21.47,38.3,655.0,ok,21.495,0.071,-0.263,38.027,0.465,0.6,639.1,18.683,0.907,0.09,6.0,651.0,673.0,False
2025-03-10 09:13:30,S05,Canteen,23.03,45.1,422.0,ok,22.978,0.092,0.5,45.103,0.465,0.033,420.3,6.675,0.147,0.1,0.0,407.0,434.0,False
2025-03-10 09:13:30,S06,Study-Hall,21.56,36.4,414.0,ok,21.487,0.059,0.723,36.983,0.392,-1.193,439.785,169.355,-0.151,-0.03,0.0,399.0,1335.54,False
2025-03-10 09:13:00,S02,Lab-201,22.31,41.4,717.0,ok,22.341,0.075,-0.317,41.423,0.442,-0.087,691.033,18.075,1.512,-0.01,11.0,697.0,720.0,False
2025-03-10 09:13:40,S01,Lecture-101,22.17,40.2,817.0,ok,22.064,0.094,1.16,40.163,0.492,0.129,731.733,50.202,1.806,-0.03,29.0,752.0,817.0,False
2025-03-10 09:13:40,S02,Lab-201,22.46,41.0,732.0,ok,22.356,0.083,1.1,41.463,0.463,-0.953,699.333,17.062,2.087,0.06,14.0,706.0,732.0,False
2025-03-10 09:13:40,S03,Lab-305,22.65,42.3,482.0,ok,22.555,0.085,0.963,42.193,0.285,0.233,446.033,23.848,1.628,0.08,12.0,455.0,482.0,False
2025-03-10 09:13:40,S04,Library-1F,21.67,38.1,666.0,ok,21.501,0.078,1.753,38.05,0.449,0.147,640.967,18.472,1.44,0.19,3.0,651.0,673.0,False
2025-03-10 09:13:40,S05,Canteen,22.99,44.7,431.0,ok,22.983,0.089,0.12,45.09,0.471,-0.807,420.7,6.949,1.07,0.15,0.0,407.0,434.0,False
2025-03-10 09:13:40,S06,Study-Hall,21.44,36.6,420.0,ok,21.483,0.058,-0.473,36.96,0.394,-0.767,439.885,169.342,-0.117,0.03,2.0,399.0,1335.54,False
2025-03-10 09:13:50,S01,Lecture-101,22.26,40.9,819.0,ok,22.071,0.101,1.96,40.187,0.51,1.473,737.933,49.06,1.738,-0.01,39.0,752.0,819.0,False
2025-03-10 09:13:50,S02,Lab-201,22.24,41.6,718.0,ok,22.354,0.085,-1.163,41.47,0.463,0.273,700.933,16.457,1.094,0.08,8.0,706.0,732.0,False
2025-03-10 09:13:50,S03,Lab-305,22.59,42.4,483.0,ok,22.559,0.083,0.353,42.22,0.264,0.413,448.167,24.206,1.55,0.07,13.0,462.0,483.0,False
2025-03-10 09:13:50,S04,Library-1F,21.58,38.4,665.0,ok,21.504,0.079,0.793,38.083,0.436,0.7,642.3,18.721,1.301,0.1,1.0,651.0,673.0,False
2025-03-10 09:13:50,S05,Canteen,23.19,44.7,424.0,ok,22.991,0.096,2.073,45.04,0.426,-0.78,420.767,6.971,0.33,0.17,-5.0,407.0,434.0,False
2025-03-10 09:13:50,S06,Study-Hall,21.46,37.3,418.0,ok,21.484,0.058,-0.233,36.983,0.392,0.68,440.551,169.211,-0.129,-0.07,10.0,399.0,1335.54,False
2025-03-10 09:14:00,S01,Lecture-101,22.36,40.3,814.0,ok,22.085,0.111,2.866,40.203,0.505,0.222,743.2,48.438,1.55,0.11,33.0,752.0,819.0,False
2025-03-10 09:14:00,S02,Lab-201,22.3,41.5,713.0,ok,22.354,0.085,-0.54,41.49,0.451,0.06,702.267,15.719,0.733,-0.01,1.0,708.0,732.0,False
2025-03-10 09:14:00,S03,Lab-305,22.6,43.2,499.0,ok,22.56,0.083,0.407,42.26,0.316,1.96,450.933,25.129,2.1,0.03,14.0,462.0,499.0,False
2025-03-10 09:14:00,S04,Library-1F,21.51,38.3,673.0,ok,21.505,0.079,0.063,38.087,0.438,0.433,644.2,18.852,1.64,0.1,7.0,651.0,673.0,False
2025-03-10 09:14:00,S05,Canteen,22.92,45.1,423.0,ok,22.987,0.097,-0.71,45.017,0.402,0.12,420.4,6.526,0.223,0.13,-5.0,407.0,432.0,False
2025-03-10 09:14:00,S06,Study-Hall,25.69,37.4,416.0,ok,21.625,0.77,42.063,37.007,0.396,0.833,440.651,169.195,-0.145,-0.06,10.0,399.0,1335.54,False
2025-03-10 09:14:10,S01,Lecture-101,22.08,40.4,820.0,ok,22.087,0.11,-0.045,40.22,0.503,0.389,748.7,47.435,1.586,0.11,31.0,755.0,820.0,False
2025-03-10 09:14:10,S02,Lab-201,22.49,41.4,722.0,ok,22.356,0.088,1.36,41.493,0.449,-0.18,703.9,15.107,1.255,-0.01,-1.0,708.0,732.0,False
2025-03-10 09:14:10,S03,Lab-305,22.56,42.8,494.0,ok,22.565,0.078,0.0,42.277,0.331,1.08,453.367,25.659,1.714,-0.03,16.0,462.0,499.0,False
2025-03-10 09:14:10,S04,Library-1F,21.62,38.5,668.0,ok,21.506,0.079,1.147,38.13,0.41,0.827,645.867,18.665,1.262,0.04,4.0,655.0,673.0,False
2025-03-10 09:14:10,S05,Canteen,23.03,44.6,410.0,ok,22.983,0.091,0.427,45.003,0.409,-0.833,419.733,6.533,-1.04,0.17,-6.0,407.0,432.0,False
2025-03-10 09:14:10,S06,Study-Hall,21.48,37.2,420.0,ok,21.625,0.77,-0.188,37.02,0.395,0.387,440.651,169.195,-0.122,-0.04,5.0,399.0,1335.54,False
2025-03-10 09:14:20,S01,Lecture-101,22.26,40.7,828.0,ok,22.097,0.111,1.572,40.237,0.511,0.954,754.067,46.978,1.672,0.16,24.0,778.0,828.0,False
2025-03-10 09:14:20,S02,Lab-201,22.42,41.7,731.0,ok,22.361,0.087,0.64,41.523,0.431,0.413,705.267,15.651,1.794,0.07,-1.0,709.0,732.0,False
2025-03-10 09:14:20,S03,Lab-305,22.67,43.4,498.0,ok,22.571,0.079,1.05,42.33,0.377,2.247,456.367,25.432,1.739,-0.05,20.0,462.0,499.0,False
2025-03-10 09:14:20,S04,Library-1F,21.62,37.9,674.0,ok,21.511,0.082,1.143,38.12,0.412,-0.46,647.8,18.468,1.507,0.05,12.0,655.0,674.0,False
2025-03-10 09:14:20,S05,Canteen,22.94,44.6,416.0,ok,22.984,0.09,-0.43,44.97,0.399,-0.807,419.5,6.538,-0.373,-0.1,-11.0,407.0,432.0,False
2025-03-10 09:14:20,S06,Study-Hall,21.42,36.8,408.0,ok,21.624,0.77,-0.266,37.01,0.397,-0.44,440.785,169.166,-0.193,-0.02,2.0,399.0,1335.54,False
2025-03-10 09:14:30,S01,Lecture-101,22.24,40.6,828.0,ok,22.107,0.11,1.282,40.28,0.483,0.711,759.267,46.209,1.574,0.12,21.0,778.0,828.0,False
2025-03-10 09:14:30,S02,Lab-201,22.41,41.3,730.0,ok,22.362,0.087,0.49,41.517,0.433,-0.447,706.833,15.698,1.58,-0.07,7.0,710.0,732.0,False
2025-03-10 09:14:30,S03,Lab-305,22.87,43.0,509.0,ok,22.587,0.09,2.987,42.37,0.383,1.34,459.433,26.061,2.07,0.02,16.0,462.0,509.0,False
2025-03-10 09:14:30,S04,Library-1F,21.62,38.4,676.0,ok,21.517,0.083,1.093,38.14,0.411,0.56,649.567,18.549,1.527,0.05,13.0,655.0,676.0,False
2025-03-10 09:14:30,S05,Canteen,23.01,44.8,425.0,ok,22.988,0.089,0.257,44.947,0.388,-0.34,419.9,6.493,0.55,-0.02,-6.0,407.0,432.0,False
2025-03-10 09:14:30,S06,Study-Hall,21.59,37.1,413.0,ok,21.629,0.769,-0.045,37.02,0.395,0.18,440.885,169.148,-0.164,-0.02,-1.0,399.0,1335.54,False
2025-03-10 09:14:40,S01,Lecture-101,22.26,41.2,830.0,ok,22.115,0.113,1.387,40.343,0.475,1.84,763.967,45.985,1.531,0.14,21.0,778.0,830.0,False
2025-03-10 09:14:40,S02,Lab-201,22.35,41.9,732.0,ok,22.364,0.087,-0.12,41.53,0.439,0.767,708.4,15.789,1.603,-0.08,8.0,713.0,732.0,False
2025-03-10 09:14:40,S03,Lab-305,22.64,42.7,506.0,ok,22.591,0.09,0.533,42.377,0.387,0.66,462.033,26.699,1.787,0.02,24.0,469.0,509.0,False
2025-03-10 09:14:40,S04,Library-1F,21.56,37.9,678.0,ok,21.523,0.078,0.433,38.14,0.411,-0.48,651.4,18.55,1.533,-0.05,15.0,655.0,678.0,False
2025-03-10 09:14:40,S05,Canteen,23.0,44.7,433.0,ok,22.991,0.088,0.12,44.933,0.389,-0.493,420.233,6.902,1.31,-0.03,3.0,407.0,433.0,False
2025-03-10 09:14:40,S06,Study-Hall,21.48,37.1,416.0,ok,21.627,0.77,-0.193,36.997,0.367,0.16,441.218,169.087,-0.147,-0.02,-1.0,408.0,1335.54,False
2025-03-10 09:14:50,S01,Lecture-101,22.15,41.6,835.0,ok,22.118,0.112,0.313,40.407,0.511,2.513,768.6,45.904,1.545,0.07,13.0,788.0,835.0,False
2025-03-10 09:14:50,S02,Lab-201,22.45,42.4,742.0,ok,22.369,0.087,0.863,41.53,0.439,1.74,710.533,15.863,2.128,-0.05,14.0,713.0,742.0,False
2025-03-10 09:14:50,S03,Lab-305,22.47,42.5,512.0,ok,22.591,0.089,-1.207,42.39,0.384,0.247,465.3,26.615,1.871,0.01,27.0,472.0,512.0,False
2025-03-10 09:14:50,S04,Library-1F,21.56,38.9,672.0,ok,21.526,0.078,0.37,38.167,0.433,1.52,653.333,17.511,1.11,-0.02,11.0,655.0,678.0,False
2025-03-10 09:14:50,S05,Canteen,23.05,44.3,412.0,ok,22.995,0.088,0.587,44.903,0.402,-1.267,419.967,7.064,-0.823,-0.02,1.0,407.0,433.0,False
2025-03-10 09:14:50,S06,Study-Hall,21.46,36.8,413.0,ok,21.628,0.77,-0.217,36.99,0.369,-0.393,441.718,168.977,-0.167,0.02,-5.0,408.0,1335.54,False
2025-03-10 09:15:00,S01,Lecture-101,22.22,40.7,845.0,ok,22.128,0.108,0.907,40.423,0.512,0.574,773.8,45.409,1.664,-0.04,18.0,796.0,845.0,False
2025-03-10 09:15:00,S02,Lab-201,22.57,41.7,736.0,ok,22.378,0.093,2.007,41.54,0.439,0.34,712.3,15.641,1.605,0.15,18.0,713.0,742.0,False
2025-03-10 09:15:00,S03,Lab-305,22.63,42.5,511.0,ok,22.589,0.087,0.387,42.393,0.384,0.22,467.9,27.155,1.717,0.03,28.0,472.0,512.0,False
2025-03-10 09:15:00,S04,Library-1F,21.46,38.1,665.0,ok,21.525,0.079,-0.657,38.167,0.433,-0.133,654.967,16.141,0.666,-0.02,6.0,655.0,678.0,False
2025-03-10 09:15:00,S05,Canteen,22.91,45.0,433.0,ok,22.989,0.087,-0.85,44.893,0.396,0.193,420.3,7.438,1.303,0.01,9.0,407.0,433.0,False
2025-03-10 09:15:00,S06,Study-Hall,21.66,36.3,411.0,ok,21.632,0.769,0.042,36.977,0.387,-1.38,442.151,168.878,-0.182,0.02,-5.0,408.0,1335.54,False
2025-03-10 09:15:10,S01,Lecture-101,22.32,41.3,850.0,ok,22.139,0.11,1.776,40.47,0.527,1.711,778.967,44.949,1.678,-0.04,26.0,807.0,850.0,False
2025-03-10 09:15:10,S02,Lab-201,22.33,41.8,725.0,ok,22.373,0.091,-0.483,41.56,0.437,0.52,713.533,15.108,0.812,0.15,18.0,713.0,742.0,False
2025-03-10 09:15:10,S03,Lab-305,22.6,42.5,518.0,ok,22.593,0.085,0.107,42.413,0.373,0.213,471.3,26.816,1.845,0.01,18.0,472.0,518.0,False
2025-03-10 09:15:10,S04,Library-1F,21.58,38.9,683.0,ok,21.526,0.079,0.55,38.207,0.444,1.467,656.5,16.555,1.737,-0.02,4.0,655.0,683.0,False
2025-03-10 09:15:10,S05,Canteen,23.1,45.1,426.0,ok,22.993,0.089,1.11,44.893,0.396,0.413,420.733,7.376,0.57,0.02,3.0,407.0,433.0,False
2025-03-10 09:15:10,S06,Study-Hall,21.56,36.3,411.0,filled,21.634,0.769,-0.094,36.947,0.403,-1.353,441.918,168.917,-0.184,0.08,-7.0,408.0,1335.54,False
2025-03-10 09:15:20,S01,Lecture-101,22.29,40.3,853.0,ok,22.151,0.105,1.375,40.49,0.507,-0.323,783.967,44.549,1.647,0.03,30.0,807.0,853.0,False
2025-03-10 09:15:20,S02,Lab-201,22.31,42.2,740.0,ok,22.374,0.091,-0.633,41.573,0.45,1.28,715.133,15.29,1.752,-0.09,14.0,713.0,742.0,False
2025-03-10 09:15:20,S03,Lab-305,22.73,42.5,518.0,ok,22.598,0.089,1.373,42.427,0.369,0.173,474.333,26.779,1.741,0.03,20.0,482.0,518.0,False
2025-03-10 09:15:20,S04,Library-1F,21.57,38.1,679.0,ok,21.529,0.079,0.44,38.217,0.438,-0.213,658.0,16.484,1.359,-0.05,6.0,655.0,683.0,False
2025-03-10 09:15:20,S05,Canteen,22.93,45.0,419.0,ok,22.995,0.088,-0.63,44.897,0.396,0.213,420.733,7.376,-0.173,-0.01,10.0,410.0,433.0,False
2025-03-10 09:15:20,S06,Study-Hall,21.45,37.3,415.0,ok,21.634,0.769,-0.239,36.96,0.408,0.707,442.718,168.724,-0.159,0.08,-5.0,408.0,1335.54,False
2025-03-10 09:15:30,S01,Lecture-101,22.32,41.0,848.0,ok,22.167,0.092,1.599,40.523,0.507,1.005,788.667,43.576,1.437,0.08,22.0,814.0,853.0,False
2025-03-10 09:15:30,S02,Lab-201,22.52,41.5,738.0,ok,22.381,0.094,1.463,41.597,0.426,-0.147,717.067,14.331,1.496,-0.09,8.0,713.0,742.0,False
2025-03-10 09:15:30,S03,Lab-305,22.72,42.5,531.0,ok,22.605,0.09,1.22,42.437,0.366,0.147,477.533,27.639,2.116,0.05,20.0,482.0,531.0,False
2025-03-10 09:15:30,S04,Library-1F,21.57,38.8,682.0,ok,21.536,0.073,0.407,38.253,0.439,1.167,659.9,15.821,1.456,-0.05,8.0,665.0,683.0,False
2025-03-10 09:15:30,S05,Canteen,22.87,44.3,432.0,ok,22.991,0.091,-1.247,44.897,0.396,-1.193,421.367,7.504,1.127,-0.08,10.0,410.0,433.0,False
2025-03-10 09:15:30,S06,Study-Hall,21.53,36.8,410.0,ok,21.633,0.769,-0.135,36.93,0.384,-0.32,411.867,5.734,-0.194,0.05,-2.0,408.0,425.0,False
2025-03-10 09:15:40,S01,Lecture-101,22.21,40.9,845.0,ok,22.171,0.092,0.427,40.553,0.502,0.743,793.267,41.91,1.293,0.03,20.0,814.0,853.0,False
2025-03-10 09:15:40,S02,Lab-201,22.53,41.7,743.0,ok,22.386,0.098,1.49,41.6,0.427,0.207,718.4,14.829,1.81,0.11,9.0,713.0,743.0,False
2025-03-10 09:15:40,S03,Lab-305,22.63,42.9,519.0,ok,22.607,0.09,0.25,42.47,0.361,0.927,480.333,27.436,1.5,0.05,13.0,483.0,531.0,False
2025-03-10 09:15:40,S04,Library-1F,21.68,38.6,683.0,ok,21.539,0.077,1.44,38.28,0.435,0.693,661.667,15.318,1.46,-0.05,6.0,665.0,683.0,False
2025-03-10 09:15:40,S05,Canteen,23.01,45.0,422.0,ok,22.989,0.09,0.19,44.877,0.374,0.207,421.633,7.374,0.063,-0.07,-3.0,410.0,433.0,False
2025-03-10 09:15:40,S06,Study-Hall,21.57,36.7,420.0,ok,21.639,0.768,-0.082,36.94,0.374,-0.46,412.3,5.844,0.813,0.05,2.0,408.0,425.0,False
2025-03-10 09:15:50,S01,Lecture-101,22.34,41.2,870.0,ok,22.181,0.092,1.693,40.58,0.514,1.289,798.067,42.185,1.831,0.08,18.0,814.0,870.0,False
2025-03-10 09:15:50,S02,Lab-201,22.54,41.4,734.0,ok,22.393,0.101,1.543,41.587,0.426,-0.4,719.567,14.626,1.052,0.12,6.0,713.0,743.0,False
2025-03-10 09:15:50,S03,Lab-305,22.75,42.6,539.0,ok,22.614,0.092,1.433,42.5,0.331,0.26,483.9,27.887,2.138,0.08,22.0,494.0,539.0,False
2025-03-10 09:15:50,S04,Library-1F,21.59,38.5,680.0,ok,21.543,0.077,0.51,38.29,0.437,0.44,663.2,14.745,1.197,0.03,6.0,665.0,683.0,False
2025-03-10 09:15:50,S05,Canteen,23.0,45.3,438.0,ok,22.988,0.089,0.107,44.88,0.377,0.847,422.5,7.723,1.637,-0.01,7.0,410.0,438.0,False
2025-03-10 09:15:50,S06,Study-Hall,21.39,36.9,413.0,ok,21.634,0.769,-0.324,36.94,0.374,-0.08,412.5,5.758,0.07,0.05,0.0,408.0,425.0,False
2025-03-10 09:16:00,S01,Lecture-101,22.24,41.2,869.0,ok,22.19,0.085,0.587,40.597,0.526,1.206,802.767,41.964,1.681,0.02,34.0,820.0,870.0,False
2025-03-10 09:16:00,S02,Lab-201,22.47,41.7,721.0,ok,22.396,0.102,0.765,41.59,0.427,0.227,720.633,13.438,0.098,0.08,-2.0,721.0,743.0,False
2025-03-10 09:16:00,S03,Lab-305,22.71,42.2,545.0,ok,22.62,0.093,0.957,42.497,0.334,-0.6,487.4,28.763,2.191,0.08,28.0,494.0,545.0,False
2025-03-10 09:16:00,S04,Library-1F,21.64,38.2,672.0,ok,21.55,0.075,0.973,38.283,0.436,-0.18,664.733,13.036,0.597,0.08,8.0,665.0,683.0,False
2025-03-10 09:16:00,S05,Canteen,22.85,44.6,433.0,ok,22.981,0.092,-1.38,44.867,0.38,-0.56,423.267,7.579,1.05,0.0,0.0,410.0,438.0,False
2025-03-10 09:16:00,S06,Study-Hall,21.48,37.8,425.0,ok,21.631,0.769,-0.201,36.957,0.401,1.72,413.0,6.17,1.25,0.0,7.0,408.0,425.0,False
2025-03-10 09:16:10,S01,Lecture-101,22.23,41.3,881.0,ok,22.195,0.082,0.4,40.63,0.538,1.337,807.967,41.659,1.864,0.02,25.0,828.0,881.0,False
2025-03-10 09:16:10,S02,Lab-201,22.46,42.0,748.0,ok,22.401,0.1,0.633,41.607,0.433,0.82,722.333,13.571,2.036,0.02,-2.0,721.0,748.0,False
2025-03-10 09:16:10,S03,Lab-305,22.67,42.4,531.0,ok,22.617,0.089,0.5,42.51,0.321,-0.193,490.433,28.387,1.516,0.11,27.0,498.0,545.0,False
2025-03-10 09:16:10,S04,Library-1F,21.64,38.8,680.0,ok,21.554,0.076,0.897,38.3,0.446,1.033,666.4,11.554,1.171,0.08,8.0,665.0,683.0,False
2025-03-10 09:16:10,S05,Canteen,23.05,45.4,416.0,ok,22.984,0.092,0.69,44.903,0.376,1.067,423.067,7.692,-0.727,-0.05,7.0,412.0,438.0,False
2025-03-10 09:16:10,S06,Study-Hall,21.53,36.9,421.0,ok,21.635,0.769,-0.132,36.94,0.392,-0.113,413.567,6.095,0.8,-0.08,10.0,408.0,425.0,False
2025-03-10 09:16:20,S01,Lecture-101,22.35,40.9,878.0,ok,22.201,0.087,1.55,40.663,0.522,0.502,812.6,41.453,1.681,-0.05,28.0,828.0,881.0,False
2025-03-10 09:16:20,S02,Lab-201,22.7,42.2,743.0,ok,22.416,0.11,2.978,41.61,0.437,1.187,723.733,13.46,1.523,0.14,7.0,721.0,748.0,False
2025-03-10 09:16:20,S03,Lab-305,22.62,43.0,536.0,ok,22.619,0.089,0.03,42.517,0.329,0.98,493.3,28.505,1.605,0.04,18.0,506.0,545.0,False
2025-03-10 09:16:20,S04,Library-1F,21.53,38.5,675.0,ok,21.557,0.073,-0.243,38.317,0.444,0.4,667.433,10.846,0.744,0.07,-4.0,665.0,683.0,False
2025-03-10 09:16:20,S05,Canteen,23.05,44.7,416.0,ok,22.989,0.092,0.66,44.917,0.361,-0.407,423.0,7.746,-0.707,0.12,-10.0,412.0,438.0,False
2025-03-10 09:16:20,S06,Study-Hall,21.42,37.4,418.0,ok,21.635,0.769,-0.279,36.947,0.398,0.92,414.067,5.807,0.443,-0.08,10.0,410.0,425.0,False
2025-03-10 09:16:30,S01,Lecture-101,22.26,41.4,898.0,ok,22.206,0.086,0.59,40.72,0.506,1.411,817.667,42.313,2.06,-0.06,31.0,830.0,898.0,False
2025-03-10 09:16:30,S02,Lab-201,22.38,41.5,748.0,ok,22.413,0.11,-0.33,41.623,0.427,-0.22,725.433,13.185,1.803,0.13,10.0,721.0,748.0,False
2025-03-10 09:16:30,S03,Lab-305,22.78,42.4,542.0,ok,22.628,0.091,1.613,42.517,0.329,-0.233,496.4,28.579,1.708,-0.05,18.0,506.0,545.0,False
2025-03-10 09:16:30,S04,Library-1F,21.46,38.6,691.0,ok,21.556,0.075,-0.973,38.333,0.445,0.567,669.1,10.479,2.173,-0.04,-2.0,665.0,691.0,False
2025-03-10 09:16:30,S05,Canteen,22.93,45.2,433.0,ok,22.984,0.092,-0.587,44.91,0.354,0.567,423.367,7.955,1.0,0.12,-10.0,412.0,438.0,False
2025-03-10 09:16:30,S06,Study-Hall,21.56,37.4,417.0,ok,21.639,0.768,-0.097,36.95,0.402,0.907,413.8,5.461,0.293,0.0,7.0,410.0,425.0,False
2025-03-10 09:16:40,S01,Lecture-101,22.28,40.8,896.0,ok,22.213,0.082,0.74,40.76,0.46,0.158,822.733,42.288,1.851,-0.01,48.0,835.0,898.0,False
2025-03-10 09:16:40,S02,Lab-201,22.44,42.2,730.0,ok,22.417,0.108,0.246,41.63,0.435,1.153,726.367,12.439,0.346,-0.08,3.0,721.0,748.0,False
2025-03-10 09:16:40,S03,Lab-305,22.7,42.9,566.0,ok,22.635,0.087,0.723,42.533,0.336,0.767,500.5,29.463,2.435,-0.02,23.0,511.0,566.0,False
2025-03-10 09:16:40,S04,Library-1F,21.61,38.3,688.0,ok,21.556,0.075,0.543,38.337,0.444,-0.067,670.2,10.678,1.804,-0.04,6.0,665.0,691.0,False
2025-03-10 09:16:40,S05,Canteen,23.08,45.5,425.0,ok,22.989,0.093,0.957,44.94,0.364,1.18,423.467,7.956,0.163,0.12,3.0,412.0,438.0,False
2025-03-10 09:16:40,S06,Study-Hall,21.43,36.9,424.0,ok,21.638,0.768,-0.272,36.963,0.393,-0.1,414.333,5.653,1.02,-0.1,3.0,410.0,425.0,False
2025-03-10 09:16:50,S01,Lecture-101,22.38,41.8,881.0,ok,22.22,0.087,1.667,40.83,0.453,2.08,827.033,41.397,1.378,-0.04,48.0,845.0,898.0,False
2025-03-10 09:16:50,S02,Lab-201,22.54,41.2,743.0,ok,22.423,0.11,1.136,41.617,0.442,-0.86,727.467,12.401,1.337,-0.09,5.0,721.0,748.0,False
2025-03-10 09:16:50,S03,Lab-305,22.84,42.2,563.0,ok,22.645,0.093,2.047,42.537,0.332,-0.667,504.1,30.298,2.121,0.06,32.0,511.0,566.0,False
2025-03-10 09:16:50,S04,Library-1F,21.61,38.8,684.0,ok,21.56,0.075,0.54,38.347,0.452,0.927,671.0,10.786,1.292,0.02,6.0,665.0,691.0,False
2025-03-10 09:16:50,S05,Canteen,22.91,45.4,423.0,ok,22.986,0.094,-0.793,44.97,0.364,0.92,423.8,7.708,-0.047,-0.07,-7.0,416.0,438.0,False
2025-03-10 09:16:50,S06,Study-Hall,21.39,37.3,415.0,ok,21.635,0.769,-0.323,36.977,0.397,0.673,414.5,5.594,0.067,-0.1,4.0,410.0,425.0,False
2025-03-10 09:17:00,S01,Lecture-101,22.33,41.0,906.0,ok,22.228,0.087,1.097,40.817,0.441,0.34,831.867,41.883,1.908,0.09,27.0,845.0,906.0,False
2025-03-10 09:17:00,S02,Lab-201,22.52,42.1,744.0,ok,22.433,0.105,0.882,41.653,0.434,0.967,728.733,12.069,1.333,-0.01,9.0,721.0,748.0,False
2025-03-10 09:17:00,S03,Lab-305,22.76,43.2,563.0,ok,22.655,0.088,1.153,42.58,0.331,1.327,507.367,31.206,1.944,0.05,24.0,518.0,566.0,False
2025-03-10 09:17:00,S04,Library-1F,21.67,38.9,682.0,ok,21.568,0.074,1.103,38.39,0.44,1.107,671.9,10.529,1.02,-0.03,4.0,672.0,691.0,False
2025-03-10 09:17:00,S05,Canteen,23.15,44.7,424.0,ok,22.99,0.098,1.643,44.943,0.353,-0.54,424.033,7.6,0.02,0.08,-9.0,416.0,438.0,False
2025-03-10 09:17:00,S06,Study-Hall,21.53,36.8,420.0,ok,21.64,0.768,-0.137,37.0,0.363,-0.353,415.067,5.239,0.55,-0.05,0.0,410.0,425.0,False
2025-03-10 09:17:10,S01,Lecture-101,22.36,41.0,895.0,ok,22.234,0.09,1.323,40.83,0.44,0.367,836.633,40.598,1.507,0.12,25.0,845.0,906.0,False
2025-03-10 09:17:10,S02,Lab-201,22.4,41.7,741.0,ok,22.437,0.1,-0.311,41.64,0.426,0.093,729.433,12.153,1.016,0.05,9.0,721.0,748.0,False
2025-03-10 09:17:10,S03,Lab-305,22.67,43.2,568.0,ok,22.657,0.088,0.15,42.603,0.349,1.24,510.767,32.088,1.943,0.05,24.0,518.0,568.0,False
2025-03-10 09:17:10,S04,Library-1F,21.67,38.6,688.0,ok,21.576,0.07,1.023,38.427,0.408,0.42,673.133,10.156,1.529,0.03,4.0,672.0,691.0,False
2025-03-10 09:17:10,S05,Canteen,23.01,45.1,431.0,ok,22.987,0.096,0.203,44.94,0.351,0.313,424.333,7.694,0.697,0.01,-9.0,416.0,438.0,False
2025-03-10 09:17:10,S06,Study-Hall,21.42,37.3,416.0,ok,21.634,0.769,-0.286,37.01,0.367,0.6,414.967,5.189,0.093,-0.06,-5.0,410.0,425.0,False
2025-03-10 09:17:20,S01,Lecture-101,22.31,40.9,912.0,ok,22.241,0.087,0.763,40.847,0.433,0.14,841.867,39.824,1.856,0.09,28.0,845.0,912.0,False
2025-03-10 09:17:20,S02,Lab-201,22.35,41.8,747.0,ok,22.435,0.101,-0.872,41.657,0.422,0.32,730.733,11.864,1.445,-0.07,1.0,721.0,748.0,False
2025-03-10 09:17:20,S03,Lab-305,22.77,42.7,567.0,ok,22.662,0.09,1.13,42.613,0.347,0.193,513.833,32.937,1.752,0.09,31.0,519.0,568.0,False
2025-03-10 09:17:20,S04,Library-1F,21.63,38.4,691.0,ok,21.578,0.071,0.54,38.44,0.4,-0.053,674.333,10.066,1.759,0.03,13.0,672.0,691.0,False
2025-03-10 09:17:20,S05,Canteen,23.04,45.1,427.0,ok,22.99,0.096,0.533,44.94,0.351,0.32,424.667,7.581,0.267,-0.01,11.0,416.0,438.0,False
2025-03-10 09:17:20,S06,Study-Hall,21.53,37.0,410.0,ok,21.636,0.768,-0.135,37.027,0.354,-0.02,414.9,5.241,-0.497,0.05,-5.0,410.0,425.0,False
2025-03-10 09:17:30,S01,Lecture-101,22.31,42.0,909.0,ok,22.245,0.087,0.693,40.91,0.458,2.307,846.233,39.761,1.686,0.05,28.0,845.0,912.0,False
2025-03-10 09:17:30,S02,Lab-201,22.46,42.1,740.0,ok,22.433,0.1,0.25,41.663,0.428,0.887,731.767,11.239,0.781,-0.06,-7.0,721.0,748.0,False
2025-03-10 09:17:30,S03,Lab-305,22.8,43.7,561.0,ok,22.671,0.09,1.38,42.667,0.386,2.173,516.867,32.951,1.432,0.1,31.0,519.0,568.0,False
2025-03-10 09:17:30,S04,Library-1F,21.72,38.7,691.0,ok,21.586,0.073,1.417,38.457,0.4,0.52,674.933,10.511,1.656,0.14,11.0,672.0,691.0,False
2025-03-10 09:17:30,S05,Canteen,22.88,44.7,415.0,ok,22.99,0.096,-1.103,44.943,0.348,-0.48,424.433,7.771,-0.967,-0.04,11.0,415.0,438.0,False
2025-03-10 09:17:30,S06,Study-Hall,21.49,36.2,415.0,ok,21.635,0.769,-0.19,37.007,0.383,-1.653,414.933,5.239,0.01,-0.04,-3.0,410.0,425.0,False
2025-03-10 09:17:40,S01,Lecture-101,22.45,41.4,910.0,ok,22.255,0.093,2.05,40.94,0.46,0.98,850.433,39.615,1.604,0.03,14.0,869.0,912.0,False
2025-03-10 09:17:40,S02,Lab-201,22.43,41.8,748.0,ok,22.435,0.1,-0.03,41.7,0.388,0.273,733.033,10.836,1.444,-0.01,4.0,721.0,748.0,False
2025-03-10 09:17:40,S03,Lab-305,22.72,42.6,573.0,ok,22.676,0.088,0.49,42.68,0.376,-0.133,520.567,32.809,1.704,0.07,25.0,531.0,573.0,False
2025-03-10 09:17:40,S04,Library-1F,21.6,38.5,700.0,ok,21.59,0.07,0.137,38.49,0.357,0.087,676.333,10.965,2.385,0.1,3.0,672.0,700.0,False
2025-03-10 09:17:40,S05,Canteen,22.98,45.5,425.0,ok,22.994,0.093,-0.103,44.953,0.36,1.113,424.3,7.724,0.057,-0.07,0.0,415.0,438.0,False
2025-03-10 09:17:40,S06,Study-Hall,21.44,37.3,398.0,ok,21.634,0.769,-0.254,37.007,0.383,0.587,414.9,5.346,-1.693,0.06,-8.0,398.0,425.0,False
2025-03-10 09:17:50,S01,Lecture-101,22.46,41.7,912.0,ok,22.263,0.1,2.05,40.99,0.458,1.52,854.9,38.711,1.554,0.17,14.0,869.0,912.0,False
2025-03-10 09:17:50,S02,Lab-201,22.41,42.4,741.0,ok,22.438,0.097,-0.247,41.723,0.408,1.4,733.767,10.595,0.735,-0.01,-2.0,721.0,748.0,False
2025-03-10 09:17:50,S03,Lab-305,22.79,43.2,568.0,ok,22.684,0.088,1.14,42.703,0.386,1.04,523.867,32.42,1.446,0.01,5.0,531.0,573.0,False
2025-03-10 09:17:50,S04,Library-1F,21.7,37.9,683.0,ok,21.596,0.072,1.097,38.433,0.306,-1.18,676.967,10.775,0.608,0.09,3.0,672.0,700.0,False
2025-03-10 09:17:50,S05,Canteen,22.93,45.1,418.0,ok,22.997,0.09,-0.643,44.963,0.36,0.293,423.833,7.666,-0.63,0.0,-7.0,415.0,438.0,False
2025-03-10 09:17:50,S06,Study-Hall,21.65,36.9,417.0,ok,21.636,0.769,0.021,36.997,0.382,-0.213,415.2,5.195,0.21,0.06,-2.0,398.0,425.0,False
2025-03-10 09:18:00,S01,Lecture-101,22.38,42.0,930.0,ok,22.273,0.096,1.167,41.04,0.484,2.02,859.633,38.929,1.94,0.12,16.0,878.0,930.0,False
2025-03-10 09:18:00,S02,Lab-201,22.41,41.4,746.0,filled,22.441,0.094,-0.28,41.723,0.408,-0.647,734.733,10.332,1.155,-0.11,3.0,730.0,748.0,False
2025-03-10 09:18:00,S03,Lab-305,22.75,42.8,591.0,ok,22.688,0.087,0.663,42.71,0.386,0.193,527.633,33.456,2.071,-0.01,10.0,531.0,591.0,False
2025-03-10 09:18:00,S04,Library-1F,21.66,38.5,683.0,ok,21.602,0.069,0.643,38.427,0.302,0.133,677.767,10.274,0.56,0.05,-1.0,675.0,700.0,False
2025-03-10 09:18:00,S05,Canteen,22.96,44.6,435.0,ok,22.994,0.09,-0.367,44.923,0.329,-0.727,424.033,7.881,1.117,-0.12,1.0,415.0,438.0,False
2025-03-10 09:18:00,S06,Study-Hall,21.48,37.2,419.0,ok,21.635,0.769,-0.203,36.997,0.382,0.407,415.333,5.241,0.38,0.05,-3.0,398.0,425.0,False
2025-03-10 09:18:10,S01,Lecture-101,22.46,42.6,917.0,ok,22.283,0.099,1.87,41.087,0.561,3.12,863.667,38.373,1.474,0.1,22.0,878.0,930.0,False
2025-03-10 09:18:10,S02,Lab-201,22.3,42.3,745.0,ok,22.44,0.097,-1.413,41.733,0.419,1.153,735.367,10.361,0.994,-0.11,2.0,730.0,748.0,False
2025-03-10 09:18:10,S03,Lab-305,22.87,43.3,594.0,ok,22.695,0.093,1.82,42.74,0.396,1.18,531.367,34.423,1.984,0.03,28.0,536.0,594.0,False
2025-03-10 09:18:10,S04,Library-1F,21.52,38.3,691.0,ok,21.6,0.07,-0.82,38.43,0.3,-0.253,678.633,10.257,1.288,-0.01,-1.0,675.0,700.0,False
2025-03-10 09:18:10,S05,Canteen,22.92,45.2,421.0,ok,22.996,0.087,-0.74,44.94,0.33,0.553,423.833,7.879,-0.303,-0.08,-3.0,415.0,438.0,False
2025-03-10 09:18:10,S06,Study-Hall,21.7,37.1,417.0,ok,21.643,0.768,0.085,36.99,0.378,0.207,415.467,5.231,0.167,0.23,1.0,398.0,425.0,False
2025-03-10 09:18:20,S01,Lecture-101,22.48,41.4,924.0,ok,22.296,0.099,1.967,41.107,0.561,0.558,867.567,38.361,1.572,0.13,18.0,881.0,930.0,False
2025-03-10 09:18:20,S02,Lab-201,22.44,42.3,762.0,ok,22.437,0.096,0.003,41.79,0.373,1.133,736.667,11.171,2.571,0.01,2.0,730.0,762.0,False
2025-03-10 09:18:20,S03,Lab-305,22.89,43.2,594.0,filled,22.703,0.1,1.947,42.77,0.396,0.92,535.433,34.374,1.82,0.11,27.0,542.0,594.0,False
2025-03-10 09:18:20,S04,Library-1F,21.77,38.6,694.0,ok,21.603,0.075,1.697,38.443,0.298,0.34,679.733,10.069,1.498,-0.01,3.0,682.0,700.0,False
2025-03-10 09:18:20,S05,Canteen,22.99,45.2,427.0,ok,22.99,0.08,-0.063,44.943,0.332,0.52,424.5,7.224,0.317,-0.08,0.0,415.0,438.0,False
2025-03-10 09:18:20,S06,Study-Hall,21.72,36.5,412.0,ok,21.65,0.768,0.1,36.967,0.386,-0.98,415.4,5.263,-0.347,0.17,1.0,398.0,425.0,False
2025-03-10 09:18:30,S01,Lecture-101,22.34,41.5,928.0,ok,22.303,0.094,0.44,41.14,0.554,0.701,871.6,38.134,1.575,0.15,15.0,881.0,930.0,False
2025-03-10 09:18:30,S02,Lab-201,22.31,41.3,757.0,ok,22.431,0.098,-1.273,41.77,0.383,-0.98,738.0,11.129,1.82,-0.09,16.0,730.0,762.0,False
2025-03-10 09:18:30,S03,Lab-305,23.02,42.1,601.0,ok,22.716,0.114,3.173,42.763,0.406,-1.34,539.4,34.858,1.907,0.12,27.0,561.0,601.0,False
2025-03-10 09:18:30,S04,Library-1F,21.7,38.1,700.0,ok,21.611,0.073,0.97,38.437,0.303,-0.687,681.233,9.598,2.013,0.03,3.0,682.0,700.0,False
2025-03-10 09:18:30,S05,Canteen,22.94,45.0,428.0,ok,22.987,0.08,-0.503,44.94,0.331,0.113,424.7,7.236,0.35,-0.07,0.0,415.0,438.0,False
2025-03-10 09:18:30,S06,Study-Hall,21.5,36.8,418.0,ok,21.648,0.768,-0.196,36.98,0.373,-0.333,415.533,5.277,0.26,0.21,2.0,398.0,425.0,False
2025-03-10 09:18:40,S01,Lecture-101,22.46,40.6,934.0,ok,22.313,0.094,1.567,41.153,0.535,-0.975,875.5,38.339,1.636,0.15,18.0,881.0,934.0,False
2025-03-10 09:18:40,S02,Lab-201,22.48,41.8,749.0,ok,22.432,0.098,0.487,41.797,0.354,0.06,738.567,11.245,0.988,0.01,10.0,740.0,762.0,False
2025-03-10 09:18:40,S03,Lab-305,22.76,43.4,604.0,ok,22.719,0.114,0.388,42.8,0.412,1.273,543.467,35.047,1.853,0.12,34.0,561.0,604.0,False
2025-03-10 09:18:40,S04,Library-1F,21.7,39.0,698.0,filled,21.612,0.074,0.893,38.467,0.313,1.127,682.3,9.625,1.677,0.07,7.0,682.0,700.0,False
2025-03-10 09:18:40,S05,Canteen,22.99,44.3,426.0,ok,22.987,0.08,0.027,44.927,0.348,-1.28,424.533,7.143,0.13,0.01,2.0,415.0,438.0,False
2025-03-10 09:18:40,S06,Study-Hall,21.32,37.1,433.0,ok,21.644,0.77,-0.427,36.997,0.366,0.24,415.967,6.122,1.747,0.01,8.0,398.0,433.0,False
2025-03-10 09:18:50,S01,Lecture-101,22.34,42.0,947.0,ok,22.316,0.094,0.27,41.19,0.554,1.583,879.767,38.952,1.865,-0.11,24.0,895.0,947.0,False
2025-03-10 09:18:50,S02,Lab-201,22.42,42.3,756.0,ok,22.438,0.091,-0.12,41.82,0.363,1.007,739.833,10.986,1.55,-0.01,15.0,740.0,762.0,False
2025-03-10 09:18:50,S03,Lab-305,22.73,42.6,603.0,ok,22.724,0.111,0.094,42.807,0.407,-0.4,547.467,34.754,1.699,-0.03,35.0,561.0,604.0,False
2025-03-10 09:18:50,S04,Library-1F,21.68,39.4,697.0,ok,21.615,0.075,0.683,38.5,0.356,1.867,683.367,9.412,1.47,0.0,7.0,682.0,700.0,False
2025-03-10 09:18:50,S05,Canteen,23.06,45.1,425.0,ok,22.983,0.072,0.727,44.94,0.347,0.347,424.567,7.142,0.047,0.06,8.0,415.0,438.0,False
2025-03-10 09:18:50,S06,Study-Hall,21.32,37.1,415.0,ok,21.64,0.771,-0.421,36.99,0.362,0.207,415.867,6.112,-0.097,-0.17,3.0,398.0,433.0,False
2025-03-10 09:19:00,S01,Lecture-101,22.43,41.2,934.0,ok,22.318,0.096,1.143,41.22,0.528,0.018,883.767,38.118,1.392,-0.02,22.0,895.0,947.0,False
2025-03-10 09:19:00,S02,Lab-201,22.46,41.8,754.0,ok,22.443,0.087,0.22,41.83,0.358,-0.04,741.2,10.043,1.29,0.05,8.0,740.0,762.0,False
2025-03-10 09:19:00,S03,Lab-305,22.88,42.7,610.0,ok,22.733,0.112,1.404,42.79,0.4,-0.213,551.167,35.32,1.799,0.01,31.0,561.0,610.0,False
2025-03-10 09:19:00,S04,Library-1F,21.55,38.5,690.0,ok,21.616,0.073,-0.65,38.507,0.354,0.0,683.933,9.277,0.663,0.02,14.0,683.0,700.0,False
2025-03-10 09:19:00,S05,Canteen,23.06,45.2,430.0,ok,22.988,0.072,0.77,44.943,0.349,0.52,424.8,7.203,0.543,0.1,1.0,415.0,438.0,False
2025-03-10 09:19:00,S06,Study-Hall,21.5,36.6,410.0,ok,21.5,0.099,-0.181,36.963,0.361,-0.78,415.667,6.205,-0.587,-0.16,-2.0,398.0,433.0,False
2025-03-10 09:19:10,S01,Lecture-101,22.49,41.5,936.0,ok,22.332,0.09,1.72,41.257,0.507,0.53,887.633,37.302,1.37,-0.03,19.0,909.0,947.0,False
2025-03-10 09:19:10,S02,Lab-201,22.4,41.5,757.0,ok,22.44,0.087,-0.433,41.833,0.355,-0.66,742.367,9.764,1.573,0.01,11.0,740.0,762.0,False
2025-03-10 09:19:10,S03,Lab-305,22.8,42.8,617.0,ok,22.741,0.108,0.595,42.79,0.4,0.02,555.267,35.593,1.864,0.01,19.0,561.0,617.0,False
2025-03-10 09:19:10,S04,Library-1F,21.81,39.3,682.0,ok,21.623,0.081,1.937,38.533,0.383,1.587,684.4,8.787,-0.193,0.02,7.0,682.0,700.0,False
2025-03-10 09:19:10,S05,Canteen,22.94,45.0,407.0,ok,22.985,0.073,-0.477,44.957,0.343,0.113,424.7,7.433,-1.78,0.13,4.0,407.0,438.0,False
2025-03-10 09:19:10,S06,Study-Hall,21.38,37.1,425.0,ok,21.497,0.101,-1.2,36.96,0.359,0.273,415.833,6.39,0.933,-0.27,-2.0,398.0,433.0,False
2025-03-10 09:19:20,S01,Lecture-101,22.39,41.7,947.0,ok,22.336,0.09,0.583,41.29,0.502,0.874,891.6,37.068,1.592,-0.03,12.0,909.0,947.0,False
2025-03-10 09:19:20,S02,Lab-201,22.4,42.0,760.0,ok,22.44,0.088,-0.403,41.843,0.355,0.333,743.333,10.032,1.763,-0.01,11.0,740.0,762.0,False
2025-03-10 09:19:20,S03,Lab-305,22.73,43.5,625.0,ok,22.743,0.107,-0.105,42.793,0.406,1.42,559.5,36.096,1.959,-0.07,23.0,561.0,625.0,False
2025-03-10 09:19:20,S04,Library-1F,21.59,39.3,693.0,ok,21.622,0.082,-0.327,38.58,0.388,1.533,685.033,8.696,0.86,-0.07,-1.0,682.0,700.0,False
2025-03-10 09:19:20,S05,Canteen,22.95,44.9,424.0,ok,22.985,0.072,-0.347,44.967,0.337,-0.113,424.967,7.252,-0.07,-0.01,-3.0,407.0,438.0,False
2025-03-10 09:19:20,S06,Study-Hall,21.39,36.6,425.0,filled,21.496,0.102,-1.055,36.953,0.364,-0.72,416.4,6.425,0.917,-0.31,8.0,398.0,433.0,False
2025-03-10 09:19:30,S01,Lecture-101,22.36,41.6,957.0,ok,22.34,0.088,0.24,41.323,0.488,0.618,895.9,36.918,1.764,-0.07,23.0,910.0,957.0,False
2025-03-10 09:19:30,S02,Lab-201,22.54,41.5,762.0,ok,22.444,0.089,1.003,41.85,0.346,-0.687,744.4,10.264,1.861,0.09,3.0,741.0,762.0,False
2025-03-10 09:19:30,S03,Lab-305,22.78,42.6,623.0,ok,22.74,0.105,0.343,42.78,0.405,-0.387,563.3,36.594,1.759,-0.11,29.0,568.0,625.0,False
2025-03-10 09:19:30,S04,Library-1F,21.89,38.7,696.0,ok,21.631,0.095,2.683,38.59,0.387,0.24,685.7,8.746,1.097,0.11,-1.0,682.0,700.0,False
2025-03-10 09:19:30,S05,Canteen,23.05,44.5,429.0,ok,22.986,0.073,0.65,44.957,0.346,-0.933,425.1,7.289,0.403,0.01,-3.0,407.0,438.0,False
2025-03-10 09:19:30,S06,Study-Hall,21.62,37.0,420.0,ok,21.497,0.103,1.219,36.95,0.363,0.093,416.633,6.425,0.36,-0.31,8.0,398.0,433.0,False
2025-03-10 09:19:40,S01,Lecture-101,22.56,41.5,947.0,ok,22.35,0.095,2.2,41.333,0.488,0.353,899.8,35.881,1.384,-0.07,19.0,912.0,957.0,False
2025-03-10 09:19:40,S02,Lab-201,22.44,42.5,751.0,ok,22.447,0.087,-0.04,41.87,0.366,1.3,745.033,10.057,0.643,0.0,3.0,741.0,762.0,False
2025-03-10 09:19:40,S03,Lab-305,22.94,43.1,623.0,ok,22.75,0.109,1.911,42.793,0.409,0.64,567.2,36.511,1.631,-0.11,22.0,568.0,625.0,False
2025-03-10 09:19:40,S04,Library-1F,21.67,39.8,695.0,ok,21.634,0.094,0.393,38.653,0.424,2.42,686.267,8.781,0.93,-0.03,-3.0,682.0,700.0,False
2025-03-10 09:19:40,S05,Canteen,22.86,44.4,416.0,ok,22.982,0.077,-1.263,44.947,0.358,-1.113,424.533,7.314,-0.91,-0.04,-3.0,407.0,438.0,False
2025-03-10 09:19:40,S06,Study-Hall,21.55,36.7,416.0,ok,21.499,0.104,0.517,36.937,0.364,-0.5,416.633,6.425,-0.063,0.05,2.0,410.0,433.0,False
2025-03-10 09:19:50,S01,Lecture-101,22.37,42.6,948.0,ok,22.357,0.087,0.2,41.367,0.538,2.533,903.567,34.758,1.343,0.03,14.0,917.0,957.0,False
2025-03-10 09:19:50,S02,Lab-201,22.55,42.7,757.0,ok,22.45,0.089,1.03,41.88,0.385,1.66,745.533,10.271,1.19,0.12,1.0,745.0,762.0,False
2025-03-10 09:19:50,S03,Lab-305,22.91,43.3,641.0,ok,22.765,0.099,1.467,42.82,0.416,1.013,571.5,37.372,2.021,0.15,20.0,591.0,641.0,False
2025-03-10 09:19:50,S04,Library-1F,21.68,38.7,695.0,ok,21.638,0.094,0.457,38.647,0.422,0.093,687.033,8.491,0.873,-0.02,-3.0,682.0,700.0,False
2025-03-10 09:19:50,S05,Canteen,22.88,44.8,432.0,ok,22.976,0.078,-1.017,44.963,0.338,-0.293,425.2,7.039,0.747,-0.11,3.0,407.0,438.0,False
2025-03-10 09:19:50,S06,Study-Hall,21.59,36.5,415.0,ok,21.503,0.105,0.879,36.927,0.372,-0.873,416.7,6.396,-0.163,0.27,-2.0,410.0,433.0,False
2025-03-10 09:20:00,S01,Lecture-101,22.51,41.7,953.0,ok,22.367,0.088,1.527,41.4,0.527,0.619,907.167,34.069,1.422,0.08,14.0,917.0,957.0,False
2025-03-10 09:20:00,S03,Lab-305,22.8,43.1,637.0,ok,22.771,0.096,0.35,42.84,0.414,0.56,575.7,37.419,1.753,0.15,33.0,594.0,641.0,False
2025-03-10 09:20:00,S04,Library-1F,21.58,38.9,696.0,ok,21.642,0.088,-0.583,38.673,0.411,0.507,688.067,7.552,0.897,-0.01,-2.0,682.0,700.0,False
2025-03-10 09:20:00,S05,Canteen,23.14,45.3,447.0,ok,22.984,0.082,1.64,44.973,0.343,0.673,425.667,7.976,2.18,-0.18,6.0,407.0,447.0,False
2025-03-10 09:20:00,S06,Study-Hall,21.46,37.6,426.0,ok,21.497,0.101,-0.414,36.97,0.372,1.347,417.2,6.52,0.93,0.23,1.0,410.0,433.0,False
2025-03-10 09:20:10,S01,Lecture-101,22.47,41.7,962.0,ok,22.372,0.089,1.03,41.413,0.529,0.57,910.9,33.723,1.609,0.04,17.0,924.0,962.0,False
2025-03-10 09:20:10,S02,Lab-201,22.52,42.1,771.0,ok,22.449,0.088,0.697,41.893,0.385,0.44,746.7,11.105,2.479,0.051,2.571,745.0,771.0,False
2025-03-10 09:20:10,S03,Lab-305,22.72,43.1,616.0,ok,22.775,0.091,-0.507,42.86,0.412,0.52,578.967,36.473,1.077,0.0,27.0,594.0,641.0,False
2025-03-10 09:20:10,S04,Library-1F,21.71,38.6,700.0,ok,21.647,0.088,0.677,38.663,0.409,-0.147,688.633,7.792,1.193,0.0,6.0,682.0,700.0,False
2025-03-10 09:20:10,S05,Canteen,23.06,45.2,448.0,ok,22.982,0.081,0.763,44.977,0.345,0.453,426.4,8.958,2.233,0.0,22.0,407.0,448.0,False
2025-03-10 09:20:10,S06,Study-Hall,21.72,37.3,424.0,ok,21.502,0.108,2.222,37.003,0.355,0.66,417.633,6.526,0.68,0.21,9.0,410.0,433.0,False
2025-03-10 09:20:00,S02,Lab-201,22.44,41.4,751.0,ok,22.446,0.087,-0.103,41.87,0.393,-0.96,746.033,10.156,0.532,-0.02,-3.0,745.0,762.0,False
2025-03-10 09:20:20,S01,Lecture-101,22.39,42.0,958.0,ok,22.375,0.088,0.18,41.47,0.496,1.109,914.4,32.947,1.397,0.04,22.0,928.0,962.0,False
2025-03-10 09:20:20,S02,Lab-201,22.56,42.3,763.0,ok,22.461,0.083,1.077,41.883,0.398,0.84,748.333,10.61,1.492,0.12,6.0,749.0,771.0,False
2025-03-10 09:20:20,S03,Lab-305,22.61,43.0,632.0,ok,22.771,0.095,-1.647,42.877,0.407,0.28,582.767,35.836,1.454,-0.08,15.0,601.0,641.0,False
2025-03-10 09:20:20,S04,Library-1F,21.64,38.7,690.0,ok,21.649,0.087,-0.067,38.683,0.395,0.073,689.0,7.579,0.137,0.05,6.0,682.0,700.0,False
2025-03-10 09:20:20,S05,Canteen,23.22,44.2,468.0,ok,22.992,0.091,2.377,44.95,0.373,-1.553,428.033,11.631,4.16,0.19,24.0,407.0,468.0,False
2025-03-10 09:20:20,S06,Study-Hall,21.55,36.9,421.0,ok,21.505,0.108,0.445,36.99,0.351,-0.207,417.833,6.534,0.337,0.16,-1.0,410.0,433.0,False
2025-03-10 09:20:30,S01,Lecture-101,22.5,42.4,957.0,ok,22.381,0.09,1.247,41.517,0.515,1.86,918.033,31.343,1.293,0.08,11.0,934.0,962.0,False
2025-03-10 09:20:30,S02,Lab-201,22.44,42.0,759.0,ok,22.458,0.082,-0.207,41.9,0.392,0.233,749.033,10.598,1.005,0.12,3.0,749.0,771.0,False
2025-03-10 09:20:30,S03,Lab-305,22.83,43.1,635.0,ok,22.774,0.095,0.593,42.897,0.402,0.447,586.233,35.685,1.458,-0.06,9.0,603.0,641.0,False
2025-03-10 09:20:30,S04,Library-1F,21.72,39.3,698.0,ok,21.654,0.087,0.71,38.7,0.41,1.233,689.533,7.633,0.9,-0.1,5.0,682.0,700.0,False
2025-03-10 09:20:30,S05,Canteen,23.09,45.7,491.0,ok,22.999,0.089,0.98,44.997,0.376,1.5,430.0,16.354,5.414,0.14,44.0,407.0,491.0,False
2025-03-10 09:20:30,S06,Study-Hall,21.3,36.6,422.0,ok,21.498,0.114,-1.904,36.983,0.356,-0.78,418.233,6.404,0.417,0.16,-3.0,410.0,433.0,False
2025-03-10 09:20:40,S01,Lecture-101,22.41,41.9,961.0,ok,22.388,0.084,0.287,41.55,0.506,0.744,921.9,29.097,1.371,0.02,11.0,934.0,962.0,False
2025-03-10 09:20:40,S02,Lab-201,22.45,41.8,753.0,ok,22.455,0.081,-0.08,41.903,0.391,-0.2,749.367,10.558,0.374,0.01,-1.0,751.0,771.0,False
2025-03-10 09:20:40,S03,Lab-305,22.77,43.2,644.0,ok,22.779,0.091,-0.043,42.907,0.406,0.607,590.4,34.852,1.619,-0.01,12.0,603.0,644.0,False
2025-03-10 09:20:40,S04,Library-1F,21.66,38.5,702.0,ok,21.653,0.087,0.06,38.697,0.411,-0.4,690.167,7.857,1.247,-0.01,3.0,682.0,702.0,False
2025-03-10 09:20:40,S05,Canteen,23.18,46.0,499.0,ok,23.005,0.095,1.807,45.03,0.419,2.007,432.567,20.557,4.219,0.23,67.0,407.0,499.0,False
2025-03-10 09:20:40,S06,Study-Hall,21.49,36.7,417.0,ok,21.495,0.113,-0.067,36.983,0.356,-0.567,418.133,6.399,-0.123,-0.06,1.0,410.0,433.0,False
2025-03-10 09:20:50,S01,Lecture-101,22.37,41.3,983.0,ok,22.389,0.084,-0.18,41.553,0.504,-0.494,925.667,29.459,2.1,0.04,13.0,934.0,983.0,False
2025-03-10 09:20:50,S02,Lab-201,22.52,41.4,752.0,ok,22.455,0.08,0.647,41.903,0.391,-1.007,749.967,10.159,0.249,-0.09,-4.0,751.0,771.0,False
2025-03-10 09:20:50,S03,Lab-305,22.95,43.1,648.0,ok,22.786,0.096,1.71,42.923,0.403,0.387,594.033,34.99,1.653,-0.08,21.0,610.0,648.0,False
2025-03-10 09:20:50,S04,Library-1F,21.63,39.2,696.0,ok,21.655,0.086,-0.233,38.72,0.42,1.007,690.7,7.684,0.583,-0.02,3.0,682.0,702.0,False
2025-03-10 09:20:50,S05,Canteen,23.15,45.9,523.0,ok,23.01,0.099,1.45,45.05,0.445,1.74,435.4,26.368,4.399,0.27,70.0,407.0,523.0,False
2025-03-10 09:20:50,S06,Study-Hall,21.46,37.1,405.0,ok,21.497,0.112,-0.309,36.99,0.357,0.233,417.867,6.776,-1.313,-0.13,1.0,405.0,433.0,False
2025-03-10 09:21:00,S01,Lecture-101,22.28,42.4,972.0,ok,22.39,0.082,-1.09,41.593,0.523,1.679,929.1,28.617,1.573,-0.14,24.0,936.0,983.0,False
2025-03-10 09:21:00,S02,Lab-201,22.52,42.3,769.0,ok,22.456,0.081,0.653,41.923,0.395,0.793,751.567,9.171,1.874,0.08,2.0,751.0,771.0,False
2025-03-10 09:21:00,S03,Lab-305,22.92,43.4,649.0,ok,22.793,0.098,1.343,42.963,0.388,0.953,597.5,35.116,1.571,0.01,11.0,616.0,649.0,False
2025-03-10 09:21:00,S04,Library-1F,21.6,39.1,701.0,ok,21.653,0.086,-0.547,38.75,0.413,0.76,691.667,7.048,1.03,-0.04,6.0,682.0,702.0,False
2025-03-10 09:21:00,S05,Canteen,23.17,45.6,537.0,ok,23.021,0.098,1.6,45.083,0.448,1.1,438.867,32.227,3.853,0.29,91.0,407.0,537.0,False
2025-03-10 09:21:00,S06,Study-Hall,21.54,37.8,415.0,ok,21.499,0.112,0.382,36.99,0.357,1.62,417.533,6.658,-0.287,-0.06,-1.0,405.0,433.0,False
2025-03-10 09:21:10,S01,Lecture-101,22.59,42.5,974.0,ok,22.402,0.084,1.997,41.633,0.545,1.735,932.2,28.262,1.569,-0.1,21.0,947.0,983.0,False
2025-03-10 09:21:10,S02,Lab-201,22.36,41.8,762.0,ok,22.453,0.083,-0.963,41.917,0.396,-0.247,752.033,9.338,1.043,0.0,5.0,751.0,771.0,False
2025-03-10 09:21:10,S03,Lab-305,22.78,43.4,644.0,ok,22.796,0.096,-0.127,42.997,0.381,0.873,601.267,33.772,1.324,0.12,11.0,616.0,649.0,False
2025-03-10 09:21:10,S04,Library-1F,21.63,39.3,698.0,ok,21.653,0.086,-0.233,38.767,0.425,1.1,692.267,6.782,0.633,-0.05,2.0,690.0,702.0,False
2025-03-10 09:21:10,S05,Canteen,23.25,45.8,536.0,ok,23.027,0.107,2.293,45.097,0.463,1.433,442.867,36.46,3.014,0.11,89.0,416.0,537.0,False
2025-03-10 09:21:10,S06,Study-Hall,21.58,37.1,425.0,ok,21.501,0.113,0.721,36.997,0.357,0.22,417.667,6.769,0.747,-0.05,-9.0,405.0,433.0,False
2025-03-10 09:21:20,S02,Lab-201,22.54,42.0,755.0,ok,22.448,0.071,0.87,41.91,0.392,0.167,752.433,9.194,0.297,0.0,-1.0,751.0,771.0,False
2025-03-10 09:21:20,S03,Lab-305,22.96,43.2,644.0,filled,22.808,0.094,1.637,43.003,0.383,0.407,604.867,32.299,1.265,0.2,12.0,616.0,649.0,False
2025-03-10 09:21:20,S04,Library-1F,21.66,38.3,713.0,ok,21.657,0.083,0.07,38.76,0.431,-0.933,693.533,6.991,2.073,-0.01,5.0,690.0,713.0,False
2025-03-10 09:21:20,S05,Canteen,23.14,46.3,551.0,ok,23.03,0.109,1.055,45.15,0.506,2.407,447.367,41.07,2.966,0.03,89.0,416.0,551.0,False
2025-03-10 09:21:20,S06,Study-Hall,21.46,37.0,418.0,ok,21.502,0.112,-0.364,36.983,0.348,0.007,417.667,6.769,0.033,-0.01,-6.0,405.0,433.0,False
2025-03-10 09:21:30,S01,Lecture-101,22.47,41.6,979.0,ok,22.406,0.084,0.677,41.657,0.527,-0.061,935.567,27.59,1.656,0.0,13.714,947.0,983.0,False
2025-03-10 09:21:30,S02,Lab-201,22.41,42.1,750.0,ok,22.449,0.07,-0.377,41.93,0.386,0.38,752.5,9.168,-0.243,-0.11,-8.0,750.0,771.0,False
2025-03-10 09:21:30,S03,Lab-305,22.74,43.5,656.0,ok,22.806,0.095,-0.677,43.04,0.376,0.993,608.667,31.339,1.583,0.06,12.0,616.0,656.0,False
2025-03-10 09:21:30,S04,Library-1F,21.84,38.2,700.0,ok,21.67,0.081,1.827,38.747,0.442,-1.12,693.833,7.071,0.647,-0.05,2.0,690.0,713.0,False
2025-03-10 09:21:30,S05,Canteen,23.26,46.4,561.0,ok,23.041,0.115,2.112,45.19,0.555,2.469,451.633,45.892,2.767,0.16,83.0,416.0,561.0,False
2025-03-10 09:21:30,S06,Study-Hall,21.57,37.0,416.0,ok,21.503,0.112,0.604,36.97,0.34,0.033,417.633,6.775,-0.167,0.02,-4.0,405.0,433.0,False
2025-03-10 09:21:40,S01,Lecture-101,22.41,41.2,978.0,ok,22.411,0.079,0.037,41.65,0.532,-0.867,938.233,27.7,1.538,0.0,17.143,947.0,983.0,False
2025-03-10 09:21:40,S02,Lab-201,22.54,42.8,771.0,ok,22.452,0.072,0.913,41.95,0.415,1.74,753.867,8.744,1.85,0.09,-4.0,750.0,771.0,False
2025-03-10 09:21:40,S03,Lab-305,22.76,43.2,652.0,ok,22.808,0.093,-0.463,43.05,0.376,0.32,611.533,31.235,1.383,-0.01,17.0,616.0,656.0,False
2025-03-10 09:21:40,S04,Library-1F,21.57,39.8,714.0,ok,21.669,0.082,-1.0,38.797,0.474,2.107,694.7,7.879,2.017,0.0,15.0,690.0,714.0,False
2025-03-10 09:21:40,S05,Canteen,23.35,46.3,582.0,ok,23.05,0.128,2.69,45.217,0.589,1.998,456.867,51.374,2.841,0.08,70.0,432.0,582.0,False
2025-03-10 09:21:40,S06,Study-Hall,21.53,36.6,418.0,ok,21.506,0.111,0.244,36.96,0.346,-0.74,417.433,6.668,0.037,0.04,-3.0,405.0,433.0,False
2025-03-10 09:21:20,S01,Lecture-101,22.55,41.6,974.0,filled,22.409,0.087,1.477,41.657,0.527,-0.061,935.4,27.333,1.479,0.08,16.0,947.0,983.0,False
2025-03-10 09:21:50,S01,Lecture-101,22.54,42.5,982.0,ok,22.426,0.082,1.197,41.7,0.528,1.624,944.2,25.81,1.51,0.06,18.0,953.0,983.0,False
2025-03-10 09:21:50,S02,Lab-201,22.46,41.8,763.0,ok,22.449,0.07,0.08,41.97,0.391,-0.3,754.533,8.649,0.913,0.01,10.0,750.0,771.0,False
2025-03-10 09:21:50,S03,Lab-305,22.78,43.1,670.0,ok,22.806,0.093,-0.283,43.08,0.34,0.1,615.1,31.609,1.872,-0.07,12.0,616.0,670.0,False
2025-03-10 09:21:50,S04,Library-1F,21.77,39.8,712.0,filled,21.674,0.084,1.013,38.83,0.508,2.007,695.633,8.219,1.73,0.11,14.0,690.0,714.0,False
2025-03-10 09:21:50,S05,Canteen,23.46,46.2,578.0,ok,23.069,0.145,3.207,45.243,0.615,1.669,462.033,55.481,2.358,0.2,79.0,447.0,582.0,False
2025-03-10 09:21:50,S06,Study-Hall,21.51,37.5,399.0,ok,21.51,0.109,0.036,36.967,0.355,1.08,416.9,7.462,-1.843,0.07,-1.0,399.0,433.0,False
2025-03-10 09:22:00,S01,Lecture-101,22.57,42.3,997.0,ok,22.434,0.084,1.443,41.743,0.522,1.135,947.233,26.504,2.046,0.17,10.0,957.0,997.0,False
2025-03-10 09:22:00,S02,Lab-201,22.6,42.1,765.0,ok,22.452,0.074,1.507,41.97,0.391,0.26,755.233,8.617,1.047,0.02,12.0,750.0,771.0,False
2025-03-10 09:22:00,S03,Lab-305,22.64,43.2,676.0,ok,22.802,0.098,-1.663,43.08,0.34,0.24,618.867,31.918,1.927,-0.16,22.0,616.0,676.0,False
2025-03-10 09:22:00,S04,Library-1F,21.72,38.8,699.0,ok,21.676,0.084,0.46,38.827,0.508,-0.059,696.2,7.823,0.337,0.09,11.0,690.0,714.0,False
2025-03-10 09:22:00,S05,Canteen,23.35,45.9,589.0,ok,23.075,0.153,1.938,45.283,0.618,1.068,467.533,59.605,2.288,0.18,59.0,448.0,589.0,False
2025-03-10 09:22:00,S06,Study-Hall,21.53,37.5,403.0,ok,21.51,0.109,0.183,36.99,0.366,1.067,416.333,7.854,-1.39,0.04,-12.0,399.0,433.0,False
2025-03-10 09:22:10,S01,Lecture-101,22.57,42.0,989.0,ok,22.441,0.086,1.363,41.777,0.505,0.491,950.367,25.659,1.576,0.2,15.0,957.0,997.0,False
2025-03-10 09:22:10,S02,Lab-201,22.58,42.2,752.0,ok,22.458,0.077,1.28,41.987,0.39,0.46,755.6,8.215,-0.323,0.06,1.0,750.0,771.0,False
2025-03-10 09:22:10,S03,Lab-305,22.83,42.6,680.0,ok,22.808,0.094,0.277,43.06,0.35,-0.96,622.6,32.311,1.915,-0.14,28.0,632.0,680.0,False
2025-03-10 09:22:10,S04,Library-1F,21.67,39.0,703.0,ok,21.676,0.084,-0.057,38.84,0.507,0.341,696.7,7.76,0.68,0.09,5.0,690.0,714.0,False
2025-03-10 09:22:10,S05,Canteen,23.41,45.8,613.0,ok,23.089,0.165,2.181,45.307,0.624,0.837,473.6,64.795,2.44,0.24,53.0,468.0,613.0,False
2025-03-10 09:22:10,S06,Study-Hall,21.58,37.2,409.0,ok,21.515,0.109,0.641,36.987,0.364,0.42,416.1,7.967,-0.733,-0.01,-12.0,399.0,433.0,False
2025-03-10 09:22:20,S01,Lecture-101,22.51,42.2,985.0,ok,22.447,0.083,0.693,41.82,0.482,0.838,952.8,25.355,1.35,0.02,15.0,957.0,997.0,False
2025-03-10 09:22:20,S02,Lab-201,22.54,42.2,754.0,ok,22.464,0.076,0.82,42.0,0.39,0.427,755.833,8.06,-0.16,0.06,-8.0,750.0,771.0,False
2025-03-10 09:22:20,S03,Lab-305,22.93,43.5,682.0,ok,22.813,0.097,1.223,43.087,0.352,0.88,626.433,32.309,1.838,-0.09,36.0,635.0,682.0,False
2025-03-10 09:22:20,S04,Library-1F,21.69,39.2,701.0,ok,21.678,0.084,0.143,38.867,0.504,0.71,697.033,7.721,0.43,0.06,0.0,696.0,714.0,False
2025-03-10 09:22:20,S05,Canteen,23.32,46.1,627.0,ok,23.098,0.17,1.406,45.34,0.639,1.272,480.267,69.921,2.367,0.18,76.0,491.0,627.0,False
2025-03-10 09:22:20,S06,Study-Hall,21.54,37.0,410.0,ok,21.516,0.109,0.227,36.987,0.364,0.027,416.1,7.967,-0.61,0.0,-9.0,399.0,433.0,False
2025-03-10 09:22:30,S01,Lecture-101,22.41,42.2,991.0,ok,22.451,0.079,-0.373,41.827,0.486,0.76,955.533,24.886,1.507,-0.04,15.0,961.0,997.0,False
2025-03-10 09:22:30,S02,Lab-201,22.54,42.1,765.0,ok,22.467,0.077,0.757,42.0,0.39,0.2,756.667,7.649,0.917,0.13,-1.0,750.0,771.0,False
2025-03-10 09:22:30,S03,Lab-305,22.9,43.2,691.0,ok,22.816,0.098,0.87,43.07,0.333,0.227,630.767,31.946,1.998,0.12,38.0,644.0,691.0,False
2025-03-10 09:22:30,S04,Library-1F,21.82,38.8,711.0,ok,21.681,0.087,1.423,38.87,0.503,-0.132,697.7,8.039,1.397,0.03,3.0,696.0,714.0,False
2025-03-10 09:22:30,S06,Study-Hall,21.63,36.7,421.0,ok,21.52,0.111,1.052,37.003,0.337,-0.573,416.3,8.014,0.49,0.01,-8.0,399.0,433.0,False
2025-03-10 09:22:40,S01,Lecture-101,22.54,42.0,1000.0,ok,22.454,0.081,0.893,41.847,0.48,0.347,958.533,24.631,1.787,0.04,13.0,972.0,1000.0,False
2025-03-10 09:22:40,S02,Lab-201,22.4,41.9,775.0,ok,22.466,0.077,-0.67,42.003,0.389,-0.2,757.567,8.165,1.833,0.0,10.0,750.0,775.0,False
2025-03-10 09:22:40,S03,Lab-305,22.83,42.7,693.0,ok,22.82,0.096,0.137,43.073,0.329,-0.74,634.767,31.976,1.948,0.14,39.0,644.0,693.0,False
2025-03-10 09:22:40,S04,Library-1F,21.66,39.1,699.0,ok,21.683,0.086,-0.21,38.89,0.5,0.457,697.667,8.032,0.13,0.03,-12.0,696.0,714.0,False
2025-03-10 09:22:40,S05,Canteen,23.46,46.3,631.0,ok,23.117,0.177,2.135,45.393,0.65,1.503,487.467,73.972,2.156,0.137,65.143,499.0,631.0,False
2025-03-10 09:22:40,S06,Study-Hall,21.48,36.7,422.0,ok,21.522,0.11,-0.365,36.983,0.336,-0.607,417.1,7.289,0.57,0.01,3.0,399.0,433.0,False
2025-03-10 09:22:50,S01,Lecture-101,22.43,42.1,983.0,ok,22.453,0.081,-0.237,41.86,0.482,0.507,960.9,23.385,0.993,-0.04,12.0,972.0,1000.0,False
2025-03-10 09:22:50,S02,Lab-201,22.45,41.7,770.0,ok,22.467,0.077,-0.16,41.98,0.385,-0.607,758.533,7.847,1.243,-0.01,7.0,750.0,775.0,False
2025-03-10 09:22:50,S03,Lab-305,22.96,42.9,692.0,ok,22.826,0.099,1.4,43.063,0.33,-0.347,638.9,31.049,1.79,0.14,36.0,644.0,693.0,False
2025-03-10 09:22:50,S04,Library-1F,21.53,39.5,703.0,ok,21.677,0.09,-1.53,38.943,0.475,1.22,698.333,7.59,0.533,-0.11,-9.0,698.0,714.0,False
2025-03-10 09:22:50,S05,Canteen,23.49,46.2,645.0,ok,23.134,0.187,2.109,45.417,0.666,1.241,494.8,78.342,2.13,0.171,60.0,523.0,645.0,False
2025-03-10 09:22:50,S06,Study-Hall,21.6,37.0,412.0,ok,21.52,0.108,0.714,36.987,0.336,0.033,416.933,7.348,-0.51,0.07,5.0,399.0,433.0,False
2025-03-10 09:23:00,S01,Lecture-101,22.4,41.9,1000.0,ok,22.453,0.081,-0.527,41.857,0.481,0.08,963.233,23.686,1.672,-0.11,18.0,974.0,1000.0,False
2025-03-10 09:23:00,S02,Lab-201,22.42,42.2,761.0,ok,22.468,0.077,-0.473,42.007,0.371,0.44,759.033,7.49,0.247,-0.12,5.0,750.0,775.0,False
2025-03-10 09:23:00,S03,Lab-305,22.73,43.3,694.0,ok,22.825,0.1,-0.957,43.08,0.328,0.473,642.333,31.263,1.775,0.07,23.0,644.0,694.0,False
2025-03-10 09:23:00,S04,Library-1F,21.62,39.0,707.0,ok,21.676,0.091,-0.573,38.96,0.468,0.113,699.133,7.171,0.867,-0.1,-9.0,698.0,714.0,False
2025-03-10 09:23:00,S05,Canteen,23.45,45.6,651.0,ok,23.152,0.192,1.686,45.433,0.665,0.275,502.567,81.933,1.994,0.094,57.429,536.0,651.0,False
2025-03-10 09:23:00,S06,Study-Hall,21.48,36.7,408.0,ok,21.52,0.108,-0.37,36.97,0.337,-0.573,416.567,7.514,-0.893,-0.05,9.0,399.0,433.0,False
2025-03-10 09:22:30,S05,Canteen,23.46,46.8,624.0,ok,23.117,0.177,2.135,45.41,0.68,2.286,487.233,73.514,2.056,0.16,73.0,499.0,627.0,False
2025-03-10 09:23:10,S01,Lecture-101,22.4,42.4,1002.0,ok,22.451,0.081,-0.533,41.85,0.472,1.087,966.067,23.04,1.637,-0.17,11.0,974.0,1002.0,False
2025-03-10 09:23:10,S02,Lab-201,22.41,41.3,772.0,ok,22.471,0.071,-0.577,41.973,0.389,-1.413,759.933,7.367,1.297,-0.16,7.0,750.0,775.0,False
2025-03-10 09:23:10,S03,Lab-305,22.74,43.3,709.0,ok,22.821,0.101,-0.85,43.08,0.328,0.44,646.167,32.17,2.132,-0.04,18.0,644.0,709.0,False
2025-03-10 09:23:10,S04,Library-1F,21.74,38.3,703.0,ok,21.683,0.087,0.64,38.96,0.468,-1.32,699.533,7.036,0.387,-0.1,0.0,699.0,714.0,False
2025-03-10 09:23:10,S05,Canteen,23.5,47.2,653.0,ok,23.188,0.199,1.691,45.573,0.753,2.453,516.6,86.089,1.72,0.08,62.0,551.0,653.0,False
2025-03-10 09:23:10,S06,Study-Hall,21.56,37.1,412.0,ok,21.515,0.103,0.37,36.97,0.337,0.26,416.4,7.559,-0.457,0.03,9.0,399.0,433.0,False
2025-03-10 09:23:20,S01,Lecture-101,22.32,42.0,1012.0,ok,22.446,0.085,-1.313,41.87,0.465,0.3,969.0,23.101,1.994,-0.17,13.0,978.0,1012.0,False
2025-03-10 09:23:20,S02,Lab-201,22.57,42.1,765.0,ok,22.476,0.073,0.987,41.967,0.384,0.253,760.033,7.416,0.507,-0.16,11.0,750.0,775.0,False
2025-03-10 09:23:20,S03,Lab-305,22.81,43.4,704.0,ok,22.818,0.1,-0.106,43.087,0.333,0.64,649.833,32.288,1.798,-0.09,24.0,652.0,709.0,False
2025-03-10 09:23:20,S04,Library-1F,21.7,38.7,693.0,ok,21.681,0.085,0.167,38.963,0.466,-0.52,699.5,7.065,-0.653,0.01,2.0,693.0,714.0,False
2025-03-10 09:23:20,S05,Canteen,23.55,47.3,666.0,ok,23.206,0.206,1.817,45.643,0.813,2.292,524.567,88.535,1.735,0.15,40.0,561.0,666.0,False
2025-03-10 09:23:20,S06,Study-Hall,21.53,37.2,407.0,ok,21.509,0.096,0.142,36.993,0.328,0.46,416.233,7.713,-0.94,-0.01,-1.0,399.0,433.0,False
2025-03-10 09:23:30,S01,Lecture-101,22.47,41.7,1017.0,ok,22.45,0.082,0.24,41.877,0.461,-0.34,971.967,23.367,2.078,-0.11,23.0,978.0,1017.0,False
2025-03-10 09:23:30,S02,Lab-201,22.41,42.0,764.0,ok,22.479,0.067,-0.657,41.99,0.363,0.067,760.267,7.428,0.397,-0.13,11.0,752.0,775.0,False
2025-03-10 09:23:30,S03,Lab-305,22.87,43.5,716.0,ok,22.813,0.093,0.52,43.133,0.284,0.827,653.667,33.106,2.049,-0.09,27.0,652.0,716.0,False
2025-03-10 09:23:30,S04,Library-1F,21.64,39.1,709.0,ok,21.679,0.086,-0.41,38.997,0.437,0.273,699.8,7.275,0.95,0.01,0.0,693.0,714.0,False
2025-03-10 09:23:30,S05,Canteen,23.58,47.5,677.0,ok,23.228,0.211,1.811,45.727,0.871,2.285,532.867,90.812,1.722,0.14,42.0,578.0,677.0,False
2025-03-10 09:23:30,S06,Study-Hall,21.49,37.0,418.0,ok,21.509,0.096,-0.19,37.0,0.326,0.013,416.233,7.713,0.177,-0.05,2.0,399.0,433.0,False
2025-03-10 09:23:40,S01,Lecture-101,22.48,42.6,1005.0,ok,22.451,0.082,0.297,41.943,0.412,1.447,974.333,22.982,1.414,-0.04,21.0,982.0,1017.0,False
2025-03-10 09:23:40,S02,Lab-201,22.49,41.6,766.0,ok,22.479,0.067,0.11,41.983,0.369,-0.78,760.833,7.183,0.573,-0.05,0.0,752.0,775.0,False
2025-03-10 09:23:40,S03,Lab-305,22.84,43.1,721.0,ok,22.816,0.093,0.27,43.123,0.28,-0.067,657.567,33.935,2.034,-0.06,25.0,670.0,721.0,False
2025-03-10 09:23:40,S04,Library-1F,21.78,38.8,697.0,ok,21.682,0.087,1.01,38.99,0.438,-0.393,699.767,7.286,-0.28,0.01,-4.0,693.0,714.0,False
2025-03-10 09:23:40,S05,Canteen,23.56,47.0,684.0,ok,23.247,0.214,1.576,45.817,0.857,1.463,541.467,92.543,1.664,0.1,50.0,578.0,684.0,False
2025-03-10 09:23:40,S06,Study-Hall,21.58,36.3,408.0,ok,21.517,0.089,0.713,36.973,0.349,-1.4,415.4,7.171,-0.823,-0.01,-13.0,399.0,426.0,False
2025-03-10 09:23:50,S01,Lecture-101,22.54,42.2,1017.0,ok,22.458,0.081,0.89,41.95,0.414,0.513,976.667,23.655,1.857,0.05,26.0,983.0,1017.0,False
2025-03-10 09:23:50,S02,Lab-201,22.48,41.4,750.0,ok,22.481,0.066,0.007,41.953,0.379,-1.167,760.633,7.402,-1.083,0.03,-6.0,750.0,775.0,False
2025-03-10 09:23:50,S03,Lab-305,22.81,43.4,719.0,ok,22.818,0.091,-0.057,43.15,0.266,0.553,661.433,34.111,1.81,-0.06,27.0,676.0,721.0,False
2025-03-10 09:23:50,S04,Library-1F,21.67,38.7,714.0,ok,21.681,0.087,-0.117,38.967,0.434,-0.58,700.333,7.712,1.423,0.01,6.0,693.0,714.0,False
2025-03-10 09:23:50,S05,Canteen,23.49,47.0,686.0,ok,23.261,0.216,1.135,45.88,0.873,1.38,550.167,93.48,1.562,0.1,53.0,589.0,686.0,False
2025-03-10 09:23:50,S06,Study-Hall,21.44,36.4,409.0,ok,21.521,0.083,-0.773,36.95,0.364,-1.147,415.2,7.265,-0.64,-0.11,-12.0,403.0,426.0,False
2025-03-10 09:24:00,S01,Lecture-101,22.59,42.7,1018.0,ok,22.463,0.084,1.323,42.0,0.411,1.5,979.467,23.4,1.747,0.11,17.0,983.0,1018.0,False
2025-03-10 09:24:00,S02,Lab-201,22.3,42.0,769.0,ok,22.476,0.074,-1.813,41.96,0.377,0.093,761.133,7.445,0.837,0.06,-4.0,750.0,775.0,False
2025-03-10 09:24:00,S03,Lab-305,22.92,44.0,716.0,ok,22.82,0.092,1.017,43.193,0.295,1.7,664.967,34.09,1.6,0.01,26.0,680.0,721.0,False
2025-03-10 09:24:00,S04,Library-1F,21.58,39.1,710.0,ok,21.682,0.086,-1.013,38.987,0.426,0.267,701.0,7.652,0.967,0.05,7.0,693.0,714.0,False
2025-03-10 09:24:00,S05,Canteen,23.53,47.1,697.0,ok,23.277,0.218,1.246,45.943,0.89,1.398,559.067,94.351,1.571,0.07,41.0,613.0,697.0,False
2025-03-10 09:24:00,S06,Study-Hall,21.5,37.2,403.0,ok,21.521,0.083,-0.213,36.97,0.36,0.5,414.967,7.545,-1.22,0.02,-4.0,403.0,426.0,False
2025-03-10 09:24:10,S01,Lecture-101,22.58,41.8,1008.0,ok,22.466,0.087,1.17,42.01,0.402,-0.4,981.867,22.462,1.219,0.18,17.0,983.0,1018.0,False
2025-03-10 09:24:10,S02,Lab-201,22.52,42.1,771.0,ok,22.48,0.073,0.44,41.98,0.368,0.28,761.6,7.614,0.987,0.06,-1.0,750.0,775.0,False
2025-03-10 09:24:10,S03,Lab-305,22.88,44.0,722.0,ok,22.822,0.093,0.603,43.233,0.32,1.613,668.467,34.384,1.673,0.14,25.0,682.0,722.0,False
2025-03-10 09:24:10,S04,Library-1F,21.67,39.4,705.0,ok,21.678,0.083,-0.123,38.99,0.429,0.827,701.767,6.786,0.4,0.05,7.0,693.0,714.0,False
2025-03-10 09:24:10,S05,Canteen,23.62,47.2,703.0,ok,23.299,0.217,1.576,46.017,0.901,1.411,568.933,93.372,1.526,0.04,46.0,624.0,703.0,False
2025-03-10 09:24:10,S06,Study-Hall,21.46,36.4,406.0,ok,21.524,0.079,-0.613,36.947,0.374,-1.14,414.333,7.471,-0.897,-0.1,-6.0,403.0,426.0,False
2025-03-10 09:24:20,S01,Lecture-101,22.46,43.0,1013.0,ok,22.468,0.086,-0.06,42.053,0.436,1.98,984.067,22.159,1.386,0.18,11.0,983.0,1018.0,False
2025-03-10 09:24:20,S02,Lab-201,22.39,42.3,771.0,ok,22.48,0.073,-0.9,41.99,0.373,0.64,761.967,7.797,0.94,-0.03,6.0,750.0,775.0,False
2025-03-10 09:24:20,S03,Lab-305,22.63,65.8,718.0,ok,22.819,0.098,-1.923,43.977,4.134,45.133,671.567,34.522,1.441,0.14,14.0,691.0,722.0,False
2025-03-10 09:24:20,S04,Library-1F,21.78,38.9,718.0,ok,21.684,0.083,1.023,38.977,0.425,-0.18,702.6,7.195,1.623,-0.03,7.0,693.0,718.0,False
2025-03-10 09:24:20,S05,Canteen,23.62,47.5,708.0,filled,23.322,0.214,1.478,46.103,0.914,1.647,578.4,92.564,1.489,0.12,50.0,624.0,708.0,False
2025-03-10 09:24:20,S06,Study-Hall,21.55,37.2,399.0,ok,21.529,0.075,0.26,36.967,0.371,0.507,413.467,7.696,-1.533,-0.03,-5.0,399.0,426.0,False
2025-03-10 09:24:30,S01,Lecture-101,22.48,42.5,1019.0,ok,22.472,0.083,0.117,42.083,0.435,0.893,986.133,22.437,1.576,0.08,1.0,983.0,1019.0,False
2025-03-10 09:24:30,S02,Lab-201,22.4,42.2,769.0,ok,22.475,0.074,-0.797,42.013,0.363,0.42,762.2,7.902,0.703,-0.01,6.0,750.0,775.0,False
2025-03-10 09:24:30,S03,Lab-305,22.8,43.4,732.0,ok,22.82,0.098,-0.19,44.003,4.127,-0.139,675.2,34.967,1.751,-0.01,13.0,692.0,732.0,False
2025-03-10 09:24:30,S04,Library-1F,21.69,39.6,700.0,ok,21.677,0.073,0.06,39.007,0.436,1.247,702.733,7.105,-0.26,-0.01,2.0,693.0,718.0,False
2025-03-10 09:24:30,S05,Canteen,23.64,47.3,712.0,ok,23.341,0.215,1.486,46.197,0.888,1.309,587.833,91.225,1.443,0.07,42.0,631.0,712.0,False
2025-03-10 09:24:30,S06,Study-Hall,21.46,37.3,418.0,ok,21.524,0.074,-0.693,36.977,0.376,0.667,413.4,7.646,0.453,-0.07,-6.0,399.0,426.0,False
2025-03-10 09:24:40,S01,Lecture-101,22.33,42.7,1018.0,ok,22.465,0.086,-1.423,42.123,0.434,1.233,988.5,21.905,1.42,-0.01,6.0,983.0,1019.0,False
2025-03-10 09:24:40,S02,Lab-201,22.54,43.1,770.0,ok,22.478,0.074,0.65,42.033,0.405,2.173,762.833,7.733,0.78,-0.09,5.0,750.0,775.0,False
2025-03-10 09:24:40,S03,Lab-305,22.79,42.6,741.0,ok,22.815,0.095,-0.297,43.987,4.132,-0.34,679.133,35.525,1.882,-0.05,16.0,692.0,741.0,False
2025-03-10 09:24:40,S04,Library-1F,21.65,39.2,710.0,ok,21.677,0.073,-0.273,38.987,0.412,0.387,703.233,7.07,0.727,-0.01,13.0,693.0,718.0,False
2025-03-10 09:24:40,S05,Canteen,23.58,47.7,722.0,ok,23.365,0.2,1.108,46.307,0.861,1.694,598.033,88.413,1.471,0.06,35.0,645.0,722.0,False
2025-03-10 09:24:40,S06,Study-Hall,21.47,36.3,411.0,ok,21.521,0.075,-0.54,36.963,0.393,-1.353,413.233,7.641,-0.24,-0.06,3.0,399.0,426.0,False
2025-03-10 09:24:50,S01,Lecture-101,22.45,43.0,1018.0,ok,22.467,0.084,-0.147,42.137,0.455,1.753,990.833,21.158,1.347,-0.03,1.0,1000.0,1019.0,False
2025-03-10 09:24:50,S02,Lab-201,22.48,42.5,780.0,ok,22.476,0.073,0.017,42.027,0.395,0.933,763.6,8.257,1.717,0.0,6.0,750.0,780.0,False
2025-03-10 09:24:50,S03,Lab-305,22.87,43.4,727.0,ok,22.813,0.094,0.553,43.99,4.131,-0.142,682.0,35.811,1.347,-0.04,13.0,694.0,741.0,False
2025-03-10 09:24:50,S04,Library-1F,21.7,38.8,722.0,ok,21.677,0.074,0.233,38.99,0.41,-0.373,704.133,7.678,1.877,0.02,1.0,693.0,722.0,False
2025-03-10 09:24:50,S05,Canteen,23.73,47.7,736.0,ok,23.394,0.188,1.827,46.403,0.849,1.618,608.167,86.119,1.56,0.08,38.0,651.0,736.0,False
2025-03-10 09:24:50,S06,Study-Hall,21.49,36.3,414.0,ok,21.518,0.074,-0.313,36.957,0.402,-1.327,413.2,7.636,0.077,-0.02,5.0,399.0,426.0,False
2025-03-10 09:25:00,S01,Lecture-101,22.63,43.1,1022.0,ok,22.471,0.089,1.627,42.183,0.48,1.927,993.133,20.648,1.473,-0.09,1.0,1002.0,1022.0,False
2025-03-10 09:25:00,S02,Lab-201,22.57,42.6,773.0,ok,22.48,0.075,0.94,42.067,0.39,1.147,764.333,8.074,0.94,0.06,7.0,750.0,780.0,False
2025-03-10 09:25:00,S03,Lab-305,22.72,43.4,729.0,ok,22.811,0.096,-0.933,44.0,4.13,-0.143,685.067,35.764,1.312,-0.05,10.0,704.0,741.0,False
2025-03-10 09:25:00,S04,Library-1F,21.65,39.2,686.0,ok,21.68,0.071,-0.273,39.0,0.411,0.42,703.8,8.24,-1.813,-0.02,0.0,686.0,722.0,False
2025-03-10 09:25:00,S05,Canteen,23.78,47.5,735.0,ok,23.415,0.195,2.052,46.477,0.846,1.292,617.767,83.547,1.473,0.2,49.0,653.0,736.0,False
2025-03-10 09:25:00,S06,Study-Hall,21.6,37.2,412.0,ok,21.523,0.074,0.82,36.943,0.387,0.487,412.733,7.244,-0.12,-0.01,4.0,399.0,425.0,False
2025-03-10 09:25:10,S01,Lecture-101,22.6,41.9,1032.0,ok,22.476,0.092,1.287,42.19,0.474,-0.567,995.467,20.961,1.882,0.02,5.0,1005.0,1032.0,False
2025-03-10 09:25:10,S02,Lab-201,22.44,41.8,783.0,ok,22.478,0.075,-0.403,42.057,0.393,-0.533,764.733,8.69,1.867,0.0,11.0,750.0,783.0,False
2025-03-10 09:25:10,S03,Lab-305,22.82,43.9,765.0,ok,22.814,0.094,0.093,44.027,4.126,-0.024,690.033,36.185,2.235,-0.06,10.0,704.0,765.0,False
2025-03-10 09:25:10,S04,Library-1F,21.69,39.8,710.0,ok,21.679,0.071,0.103,39.04,0.429,1.6,704.133,8.283,0.62,0.02,0.0,686.0,722.0,False
2025-03-10 09:25:10,S05,Canteen,23.83,46.7,736.0,ok,23.441,0.197,2.131,46.527,0.811,0.264,627.367,79.831,1.415,0.25,39.0,666.0,736.0,False
2025-03-10 09:25:10,S06,Study-Hall,21.54,36.6,401.0,ok,21.517,0.065,0.173,36.92,0.385,-0.687,411.967,7.228,-1.173,0.08,6.0,399.0,425.0,False
2025-03-10 09:25:20,S01,Lecture-101,22.43,43.0,1042.0,ok,22.477,0.091,-0.457,42.223,0.495,1.62,998.267,21.39,2.22,0.02,19.0,1005.0,1042.0,False
2025-03-10 09:25:20,S02,Lab-201,22.55,42.5,768.0,ok,22.477,0.074,0.723,42.063,0.399,0.887,764.9,8.703,0.327,0.16,2.0,750.0,783.0,False
2025-03-10 09:25:20,S03,Lab-305,22.93,42.9,744.0,ok,22.825,0.088,1.16,44.023,4.127,-0.273,693.767,35.766,1.491,-0.06,26.0,716.0,765.0,False
2025-03-10 09:25:20,S04,Library-1F,21.63,39.5,705.0,ok,21.679,0.071,-0.49,39.067,0.432,0.92,704.633,7.841,0.087,-0.02,-5.0,686.0,722.0,False
2025-03-10 09:25:20,S05,Canteen,23.72,48.4,739.0,ok,23.457,0.199,1.418,46.667,0.756,2.31,636.4,76.436,1.398,0.16,33.0,677.0,739.0,False
2025-03-10 09:25:20,S06,Study-Hall,21.47,36.7,403.0,ok,21.514,0.065,-0.467,36.913,0.388,-0.44,411.367,7.199,-0.897,0.04,0.0,399.0,425.0,False
2025-03-10 09:25:30,S01,Lecture-101,22.54,43.2,1037.0,ok,22.478,0.091,0.63,42.25,0.526,1.953,1000.933,21.052,1.811,0.06,24.0,1005.0,1042.0,False
2025-03-10 09:25:30,S02,Lab-201,22.41,42.5,778.0,ok,22.476,0.075,-0.673,42.08,0.406,0.873,765.533,8.947,1.31,0.04,7.0,750.0,783.0,False
2025-03-10 09:25:30,S03,Lab-305,22.87,42.9,741.0,ok,22.826,0.089,0.453,44.017,4.129,-0.272,697.3,34.988,1.321,0.07,22.0,716.0,765.0,False
2025-03-10 09:25:30,S04,Library-1F,21.67,38.6,705.0,ok,21.677,0.071,-0.087,39.043,0.438,-0.933,704.867,7.74,0.037,-0.02,0.0,686.0,722.0,False
2025-03-10 09:25:30,S05,Canteen,23.68,48.0,743.0,ok,23.477,0.19,1.12,46.743,0.771,1.763,644.8,73.705,1.395,0.1,31.0,684.0,743.0,False
2025-03-10 09:25:30,S06,Study-Hall,21.64,37.4,404.0,ok,21.525,0.055,1.26,36.94,0.393,0.973,410.767,7.03,-0.737,0.08,-3.0,399.0,425.0,False
2025-03-10 09:25:40,S01,Lecture-101,22.57,42.5,1036.0,ok,22.484,0.092,0.917,42.27,0.523,0.476,1003.433,20.594,1.666,0.08,19.0,1008.0,1042.0,False
2025-03-10 09:25:40,S02,Lab-201,22.42,42.4,784.0,ok,22.475,0.075,-0.563,42.1,0.407,0.64,766.567,9.235,1.847,0.02,8.0,750.0,784.0,False
2025-03-10 09:25:40,S03,Lab-305,22.96,43.5,744.0,ok,22.832,0.091,1.34,44.027,4.127,-0.125,700.633,34.495,1.335,0.14,12.0,716.0,765.0,False
2025-03-10 09:25:40,S04,Library-1F,21.64,39.2,708.0,ok,21.676,0.071,-0.37,39.067,0.426,0.313,705.067,7.741,0.313,-0.05,-5.0,686.0,722.0,False
2025-03-10 09:25:40,S05,Canteen,23.91,47.4,753.0,ok,23.501,0.198,2.276,46.79,0.767,0.851,653.267,70.915,1.468,0.1,31.0,686.0,753.0,False
2025-03-10 09:25:40,S06,Study-Hall,21.48,36.6,406.0,ok,21.525,0.055,-0.453,36.937,0.395,-0.68,410.4,6.981,-0.477,0.01,-7.0,399.0,425.0,False
2025-03-10 09:25:50,S01,Lecture-101,22.61,42.9,1032.0,ok,22.492,0.092,1.263,42.323,0.502,1.204,1005.067,20.859,1.387,0.12,18.0,1008.0,1042.0,False
2025-03-10 09:25:50,S02,Lab-201,22.52,42.5,784.0,filled,22.475,0.075,0.447,42.137,0.391,0.8,767.633,9.342,1.743,-0.06,14.0,768.0,784.0,False
2025-03-10 09:25:50,S03,Lab-305,22.89,42.9,755.0,ok,22.83,0.089,0.577,44.02,4.129,-0.273,704.2,34.397,1.576,0.09,12.0,716.0,765.0,False
2025-03-10 09:25:50,S04,Library-1F,21.77,38.8,703.0,ok,21.681,0.073,0.937,39.053,0.428,-0.533,705.3,7.562,-0.207,-0.02,-5.0,686.0,722.0,False
2025-03-10 09:25:50,S05,Canteen,23.81,47.2,765.0,ok,23.523,0.194,1.563,46.833,0.752,0.534,661.333,69.332,1.576,0.17,31.0,697.0,765.0,False
2025-03-10 09:25:50,S06,Study-Hall,21.57,36.5,421.0,ok,21.529,0.055,0.45,36.917,0.402,-0.873,410.933,7.163,1.06,0.1,-8.0,399.0,425.0,False
2025-03-10 09:26:00,S01,Lecture-101,22.43,43.1,1046.0,ok,22.497,0.084,-0.617,42.347,0.522,1.547,1007.533,21.187,1.962,0.12,18.0,1008.0,1046.0,False
2025-03-10 09:26:00,S02,Lab-201,22.52,41.9,764.0,ok,22.475,0.075,0.447,42.123,0.392,-0.473,767.467,9.361,-0.363,-0.02,11.0,764.0,784.0,False
2025-03-10 09:26:00,S03,Lab-305,22.69,44.2,764.0,ok,22.823,0.091,-1.403,44.047,4.127,0.044,708.033,34.441,1.739,0.1,26.0,718.0,765.0,False
2025-03-10 09:26:00,S04,Library-1F,21.7,38.9,704.0,ok,21.684,0.071,0.19,39.047,0.429,-0.307,705.4,7.523,-0.13,0.05,-6.0,686.0,722.0,False
2025-03-10 09:26:00,S05,Canteen,23.81,48.4,757.0,filled,23.545,0.189,1.48,46.927,0.767,2.084,668.667,67.334,1.38,0.08,22.0,703.0,765.0,False
2025-03-10 09:26:00,S06,Study-Hall,21.44,36.9,412.0,ok,21.525,0.057,-0.887,36.887,0.366,-0.033,410.833,7.125,0.107,-0.01,0.0,399.0,425.0,False
2025-03-10 09:26:10,S01,Lecture-101,22.54,42.1,1043.0,ok,22.495,0.082,0.433,42.333,0.523,-0.473,1009.833,21.166,1.674,-0.06,21.0,1013.0,1046.0,False
2025-03-10 09:26:10,S02,Lab-201,22.59,42.1,776.0,ok,22.483,0.075,1.147,42.133,0.387,-0.047,767.933,9.428,0.853,0.04,-4.0,764.0,784.0,False
2025-03-10 09:26:10,S03,Lab-305,22.93,43.8,750.0,ok,22.828,0.093,1.073,44.06,4.126,-0.06,711.567,33.054,1.219,0.07,26.0,718.0,765.0,False
2025-03-10 09:26:10,S05,Canteen,23.95,48.1,776.0,ok,23.568,0.194,2.148,47.003,0.765,1.53,676.667,65.253,1.594,0.03,29.0,708.0,776.0,False
2025-03-10 09:26:10,S06,Study-Hall,21.58,37.0,402.0,ok,21.525,0.057,0.547,36.883,0.364,0.227,410.067,6.777,-0.883,0.03,0.0,399.0,422.0,False
2025-03-10 09:26:20,S01,Lecture-101,22.62,42.0,1055.0,ok,22.497,0.085,1.25,42.347,0.508,-0.638,1012.533,21.599,2.134,-0.06,14.0,1018.0,1055.0,False
2025-03-10 09:26:20,S02,Lab-201,22.56,42.0,766.0,ok,22.484,0.076,0.77,42.133,0.387,-0.267,768.3,9.117,-0.193,0.01,-7.0,764.0,784.0,False
2025-03-10 09:26:20,S03,Lab-305,22.91,43.2,752.0,ok,22.826,0.091,0.823,44.06,4.126,-0.208,715.167,31.275,1.223,0.09,8.0,727.0,765.0,False
2025-03-10 09:26:20,S04,Library-1F,21.71,38.5,712.0,ok,21.687,0.071,0.257,39.02,0.437,-1.093,705.867,7.482,0.66,0.017,-5.143,686.0,722.0,False
2025-03-10 09:26:20,S05,Canteen,23.96,48.2,787.0,ok,23.595,0.19,2.019,47.067,0.784,1.563,684.533,63.79,1.691,0.17,40.0,712.0,787.0,False
2025-03-10 09:26:20,S06,Study-Hall,21.54,37.3,409.0,ok,21.528,0.055,0.147,36.893,0.371,0.833,409.767,6.611,-0.107,0.0,6.0,401.0,422.0,False
2025-03-10 09:26:30,S02,Lab-201,22.41,42.1,770.0,ok,22.484,0.076,-0.737,42.133,0.387,-0.067,768.967,8.438,0.17,0.12,-8.0,764.0,784.0,False
2025-03-10 09:26:30,S03,Lab-305,22.9,43.3,757.0,ok,22.831,0.09,0.74,44.053,4.127,-0.184,718.533,30.101,1.338,0.04,8.0,727.0,765.0,False
2025-03-10 09:26:30,S04,Library-1F,21.68,39.3,719.0,ok,21.688,0.07,-0.07,39.053,0.418,0.56,706.067,7.755,1.313,0.043,6.0,686.0,722.0,False
2025-03-10 09:26:30,S05,Canteen,24.04,48.7,785.0,ok,23.621,0.195,2.346,47.143,0.827,2.084,692.0,61.914,1.575,0.24,46.0,722.0,787.0,False
2025-03-10 09:26:30,S06,Study-Hall,21.46,37.9,411.0,ok,21.524,0.056,-0.68,36.923,0.414,2.013,409.6,6.51,0.123,0.0,6.0,401.0,422.0,False
2025-03-10 09:26:40,S01,Lecture-101,22.48,42.5,1054.0,ok,22.498,0.085,-0.173,42.377,0.489,0.302,1015.033,21.922,1.92,0.0,14.571,1018.0,1055.0,False
2025-03-10 09:26:40,S02,Lab-201,22.41,41.9,774.0,ok,22.479,0.076,-0.737,42.103,0.368,-0.467,769.067,8.481,0.503,-0.01,-8.0,764.0,784.0,False
2025-03-10 09:26:40,S03,Lab-305,22.79,42.8,765.0,ok,22.832,0.09,-0.413,44.04,4.13,-0.304,722.3,28.516,1.544,-0.03,13.0,727.0,765.0,False
2025-03-10 09:26:40,S04,Library-1F,21.62,38.7,715.0,ok,21.68,0.065,-0.677,39.07,0.392,-0.707,706.567,7.833,0.893,0.009,8.571,686.0,722.0,False
2025-03-10 09:26:40,S05,Canteen,23.83,48.3,785.0,ok,23.637,0.192,1.068,47.21,0.838,1.398,698.767,60.555,1.502,0.24,42.0,735.0,787.0,False
2025-03-10 09:26:40,S06,Study-Hall,21.53,37.3,407.0,ok,21.524,0.056,0.057,36.947,0.415,0.753,409.233,6.328,-0.26,0.05,5.0,401.0,422.0,False
2025-03-10 09:26:10,S04,Library-1F,21.73,39.2,707.0,ok,21.688,0.071,0.457,39.043,0.427,0.307,705.7,7.396,0.16,0.04,-6.0,686.0,722.0,False
2025-03-10 09:26:50,S01,Lecture-101,22.49,43.5,1046.0,ok,22.5,0.083,-0.077,42.453,0.478,2.247,1017.3,21.472,1.413,-0.043,14.571,1018.0,1055.0,False
2025-03-10 09:26:50,S02,Lab-201,22.51,42.3,774.0,ok,22.481,0.076,0.307,42.12,0.365,0.393,769.433,8.447,0.493,-0.01,-10.0,764.0,784.0,False
2025-03-10 09:26:50,S03,Lab-305,22.77,43.5,773.0,ok,22.832,0.09,-0.623,44.053,4.128,-0.131,725.733,28.201,1.778,-0.1,21.0,729.0,773.0,False
2025-03-10 09:26:50,S04,Library-1F,21.72,39.4,718.0,ok,21.684,0.061,0.343,39.037,0.347,0.7,706.533,7.934,1.167,0.01,13.0,686.0,722.0,False
2025-03-10 09:26:50,S05,Canteen,23.88,48.3,794.0,ok,23.651,0.194,1.264,47.28,0.838,1.301,705.967,58.508,1.573,0.07,32.0,735.0,794.0,False
2025-03-10 09:26:50,S06,Study-Hall,21.4,37.1,402.0,ok,21.521,0.061,-1.243,36.933,0.403,0.307,409.333,6.183,-0.723,-0.11,1.0,401.0,422.0,False
2025-03-10 09:26:30,S01,Lecture-101,22.58,42.3,1036.0,ok,22.501,0.086,0.827,42.37,0.489,-0.092,1014.433,21.048,1.086,0.04,6.0,1018.0,1055.0,False
2025-03-10 09:27:00,S01,Lecture-101,22.62,42.9,1035.0,ok,22.503,0.086,1.183,42.467,0.485,0.907,1020.367,20.421,0.77,-0.08,10.0,1032.0,1055.0,False
2025-03-10 09:27:00,S02,Lab-201,22.63,42.7,767.0,ok,22.482,0.078,1.49,42.14,0.38,1.16,769.5,8.419,-0.243,-0.01,-10.0,764.0,784.0,False
2025-03-10 09:27:00,S03,Lab-305,22.88,43.8,777.0,ok,22.84,0.082,0.48,44.073,4.125,-0.061,729.1,28.088,1.818,-0.1,18.0,741.0,777.0,False
2025-03-10 09:27:00,S04,Library-1F,21.75,38.8,714.0,ok,21.685,0.062,0.66,39.037,0.347,-0.473,707.033,7.915,0.747,0.02,11.0,703.0,722.0,False
2025-03-10 09:27:00,S05,Canteen,24.02,47.9,786.0,ok,23.674,0.197,1.901,47.347,0.803,0.74,712.533,55.925,1.368,0.07,29.0,736.0,794.0,False
2025-03-10 09:27:00,S06,Study-Hall,21.55,36.8,405.0,ok,21.521,0.061,0.293,36.91,0.389,-0.267,409.4,6.123,-0.433,0.05,-7.0,401.0,422.0,False
2025-03-10 09:27:10,S01,Lecture-101,22.53,43.2,1062.0,ok,22.502,0.085,0.267,42.507,0.495,1.467,1022.8,20.898,2.039,-0.01,3.0,1032.0,1062.0,False
2025-03-10 09:27:10,S02,Lab-201,22.56,42.8,766.0,ok,22.481,0.077,0.78,42.16,0.399,1.32,769.967,7.779,-0.35,0.04,-9.0,764.0,784.0,False
2025-03-10 09:27:10,S03,Lab-305,22.86,43.4,767.0,ok,22.841,0.082,0.2,44.1,4.118,-0.163,732.0,27.324,1.349,-0.03,18.0,741.0,777.0,False
2025-03-10 09:27:10,S04,Library-1F,21.58,38.6,711.0,ok,21.682,0.064,-1.05,39.023,0.356,-0.873,707.3,7.91,0.397,-0.01,10.0,703.0,722.0,False
2025-03-10 09:27:10,S05,Canteen,23.94,49.3,790.0,ok,23.691,0.196,1.355,47.463,0.825,2.432,718.433,54.378,1.385,0.13,25.0,739.0,794.0,False
2025-03-10 09:27:10,S06,Study-Hall,21.61,37.0,414.0,ok,21.522,0.062,0.887,36.903,0.385,0.18,409.567,6.179,0.46,-0.02,-7.0,402.0,422.0,False
2025-03-10 09:27:20,S01,Lecture-101,22.58,42.5,1060.0,ok,22.504,0.087,0.78,42.517,0.491,-0.013,1025.3,20.705,1.78,0.04,14.0,1032.0,1062.0,False
2025-03-10 09:27:20,S02,Lab-201,22.53,42.3,768.0,ok,22.481,0.077,0.487,42.163,0.4,0.28,770.433,7.186,-0.197,0.0,1.0,764.0,784.0,False
2025-03-10 09:27:20,S04,Library-1F,21.8,39.3,715.0,ok,21.686,0.068,1.18,39.027,0.358,0.553,707.767,7.938,0.77,0.04,7.0,703.0,722.0,False
2025-03-10 09:27:20,S05,Canteen,23.9,48.5,803.0,ok,23.711,0.186,1.065,47.543,0.804,1.257,724.3,53.663,1.555,-0.01,14.0,743.0,803.0,False
2025-03-10 09:27:20,S06,Study-Hall,21.46,37.0,403.0,ok,21.52,0.063,-0.623,36.903,0.385,0.193,409.333,6.294,-0.657,0.01,-4.0,402.0,422.0,False
2025-03-10 09:27:30,S01,Lecture-101,22.64,42.2,1056.0,ok,22.512,0.088,1.357,42.517,0.491,-0.633,1027.467,20.391,1.483,0.0,17.0,1032.0,1062.0,False
2025-03-10 09:27:30,S02,Lab-201,22.62,41.8,757.0,ok,22.484,0.08,1.39,42.153,0.405,-0.727,770.167,7.534,-1.343,0.0,-4.0,757.0,784.0,False
2025-03-10 09:27:30,S03,Lab-305,22.83,43.9,787.0,ok,22.838,0.081,-0.11,44.113,4.116,-0.049,735.5,27.424,2.013,-0.043,21.429,741.0,787.0,False
2025-03-10 09:27:30,S04,Library-1F,21.74,38.7,716.0,ok,21.683,0.064,0.543,39.023,0.361,-0.653,707.933,8.06,0.823,0.03,3.0,703.0,722.0,False
2025-03-10 09:27:30,S05,Canteen,24.09,48.8,800.0,ok,23.732,0.193,2.036,47.61,0.823,1.563,730.167,51.911,1.411,-0.02,15.0,753.0,803.0,False
2025-03-10 09:27:30,S06,Study-Hall,21.46,37.6,419.0,ok,21.514,0.06,-0.597,36.933,0.404,1.393,409.267,6.175,0.967,-0.08,5.0,402.0,422.0,False
2025-03-10 09:27:40,S01,Lecture-101,22.54,42.4,1051.0,ok,22.512,0.088,0.28,42.53,0.482,-0.233,1029.167,20.146,1.154,0.0,2.0,1032.0,1062.0,False
2025-03-10 09:27:40,S02,Lab-201,22.49,42.1,780.0,ok,22.487,0.079,0.063,42.16,0.402,-0.107,770.333,7.698,0.983,0.12,-2.0,757.0,784.0,False
2025-03-10 09:27:40,S03,Lab-305,22.98,43.9,791.0,ok,22.84,0.084,1.423,44.137,4.113,-0.052,738.833,27.901,2.024,-0.043,30.0,744.0,791.0,False
2025-03-10 09:27:40,S04,Library-1F,21.83,39.2,726.0,ok,21.689,0.069,1.47,39.027,0.362,0.353,708.833,8.522,1.807,0.12,1.0,703.0,726.0,False
2025-03-10 09:27:40,S05,Canteen,24.02,49.1,803.0,ok,23.75,0.192,1.498,47.703,0.828,1.81,735.9,50.046,1.403,0.06,18.0,757.0,803.0,False
2025-03-10 09:27:40,S06,Study-Hall,21.57,37.1,404.0,ok,21.517,0.061,0.56,36.947,0.402,0.333,408.667,5.756,-0.527,-0.07,-5.0,402.0,421.0,False
2025-03-10 09:27:50,S01,Lecture-101,22.47,42.3,1055.0,ok,22.513,0.087,-0.42,42.537,0.477,-0.46,1031.567,18.693,1.282,0.05,9.0,1035.0,1062.0,False
2025-03-10 09:27:50,S02,Lab-201,22.31,42.3,775.0,ok,22.482,0.085,-1.767,42.18,0.393,0.28,770.5,7.745,0.467,0.08,1.0,757.0,784.0,False
2025-03-10 09:27:50,S03,Lab-305,22.97,44.1,791.0,ok,22.845,0.087,1.297,44.183,4.104,-0.009,742.1,28.087,1.87,0.06,29.143,750.0,791.0,False
2025-03-10 09:27:50,S04,Library-1F,21.79,39.1,712.0,ok,21.697,0.065,1.013,39.013,0.351,0.147,709.133,8.468,0.317,0.11,-2.0,704.0,726.0,False
2025-03-10 09:27:50,S05,Canteen,23.97,48.6,810.0,ok,23.766,0.19,1.142,47.783,0.793,1.083,741.4,48.762,1.481,0.14,18.0,757.0,810.0,False
2025-03-10 09:27:50,S06,Study-Hall,21.63,37.0,411.0,ok,21.518,0.062,1.13,36.947,0.402,0.107,408.633,5.738,0.233,0.11,4.0,402.0,421.0,False
2025-03-10 09:27:20,S03,Lab-305,23.01,43.0,775.0,ok,22.844,0.087,1.69,44.083,4.121,-0.267,735.1,26.725,1.574,-0.03,23.0,741.0,777.0,False
2025-03-10 09:28:00,S01,Lecture-101,22.61,43.2,1054.0,ok,22.52,0.086,0.967,42.58,0.477,1.327,1033.367,18.14,1.2,0.05,8.0,1035.0,1062.0,False
2025-03-10 09:28:00,S02,Lab-201,22.62,42.3,773.0,ok,22.489,0.088,1.38,42.183,0.394,0.24,770.9,7.545,0.25,-0.02,1.0,757.0,784.0,False
2025-03-10 09:28:00,S03,Lab-305,22.89,43.1,794.0,ok,22.852,0.088,0.433,44.18,4.105,-0.265,748.2,26.725,1.816,0.18,18.0,750.0,794.0,False
2025-03-10 09:28:00,S04,Library-1F,21.62,39.0,726.0,ok,21.697,0.065,-0.773,39.013,0.351,-0.027,709.767,8.997,1.687,0.07,11.0,707.0,726.0,False
2025-03-10 09:28:00,S05,Canteen,24.04,48.9,823.0,ok,23.786,0.187,1.441,47.893,0.704,1.408,747.133,47.87,1.673,0.14,24.0,776.0,823.0,False
2025-03-10 09:28:00,S06,Study-Hall,21.56,37.0,425.0,ok,21.521,0.062,0.42,36.957,0.4,0.107,409.2,6.467,1.637,0.04,6.0,402.0,425.0,False
2025-03-10 09:28:10,S01,Lecture-101,22.51,42.5,1065.0,ok,22.524,0.083,-0.103,42.583,0.476,-0.16,1035.467,18.03,1.744,-0.02,9.0,1035.0,1065.0,False
2025-03-10 09:28:10,S02,Lab-201,22.78,42.5,765.0,ok,22.501,0.101,2.913,42.223,0.361,0.633,770.667,7.617,-0.59,0.06,6.0,757.0,784.0,False
2025-03-10 09:28:10,S03,Lab-305,23.04,43.3,789.0,ok,22.862,0.091,1.88,44.18,4.105,-0.214,750.867,26.67,1.527,0.11,18.0,752.0,794.0,False
2025-03-10 09:28:10,S04,Library-1F,21.78,39.6,730.0,ok,21.699,0.066,0.827,39.057,0.34,1.173,710.667,9.625,2.023,0.06,12.0,711.0,730.0,False
2025-03-10 09:28:10,S05,Canteen,23.98,48.7,809.0,ok,23.802,0.182,1.04,47.943,0.706,1.146,752.333,45.716,1.292,0.04,20.0,785.0,823.0,False
2025-03-10 09:28:10,S06,Study-Hall,21.65,36.8,412.0,ok,21.524,0.066,1.293,36.947,0.4,-0.313,409.2,6.467,0.28,0.08,7.0,402.0,425.0,False
2025-03-10 09:28:20,S01,Lecture-101,22.67,42.0,1060.0,ok,22.536,0.078,1.46,42.583,0.476,-1.167,1037.067,18.006,1.361,0.03,0.0,1035.0,1065.0,False
2025-03-10 09:28:20,S02,Lab-201,22.55,42.0,773.0,ok,22.5,0.101,0.484,42.22,0.362,-0.447,770.933,7.552,0.233,0.06,6.0,757.0,784.0,False
2025-03-10 09:28:20,S03,Lab-305,22.92,43.9,795.0,ok,22.866,0.091,0.58,44.197,4.102,-0.068,753.9,26.329,1.655,0.04,19.0,757.0,795.0,False
2025-03-10 09:28:20,S04,Library-1F,21.7,38.9,724.0,ok,21.699,0.066,0.013,39.063,0.335,-0.313,711.7,9.322,1.333,-0.05,12.0,711.0,730.0,False
2025-03-10 09:28:20,S05,Canteen,24.03,49.1,823.0,ok,23.818,0.18,1.255,48.003,0.726,1.638,757.567,44.461,1.546,0.09,33.0,785.0,823.0,False
2025-03-10 09:28:20,S06,Study-Hall,21.47,37.0,404.0,ok,21.522,0.067,-0.537,36.94,0.397,0.107,409.1,6.525,-0.52,0.01,7.0,402.0,425.0,False
2025-03-10 09:28:30,S01,Lecture-101,22.64,42.6,1060.0,ok,22.541,0.079,1.043,42.613,0.445,0.033,1038.5,18.065,1.274,0.06,0.0,1035.0,1065.0,False
2025-03-10 09:28:30,S02,Lab-201,22.55,42.4,773.0,ok,22.505,0.1,0.493,42.233,0.361,0.36,771.233,7.445,0.207,-0.01,7.0,757.0,784.0,False
2025-03-10 09:28:30,S03,Lab-305,22.86,44.3,800.0,ok,22.865,0.091,-0.057,44.223,4.1,0.025,756.7,26.624,1.751,0.06,20.0,765.0,800.0,False
2025-03-10 09:28:30,S04,Library-1F,21.72,39.0,735.0,ok,21.701,0.065,0.213,39.06,0.335,-0.127,712.567,10.227,2.33,-0.02,15.0,711.0,735.0,False
2025-03-10 09:28:30,S05,Canteen,24.01,49.4,827.0,ok,23.832,0.177,1.067,48.067,0.762,1.925,762.567,43.513,1.562,0.07,23.0,785.0,827.0,False
2025-03-10 09:28:30,S06,Study-Hall,21.46,36.2,403.0,ok,21.521,0.068,-0.617,36.913,0.419,-1.48,408.6,6.393,-0.61,0.01,-10.0,402.0,425.0,False
2025-03-10 09:28:40,S01,Lecture-101,22.51,42.9,1064.0,ok,22.542,0.078,-0.313,42.623,0.449,0.573,1040.467,17.494,1.412,0.06,4.0,1035.0,1065.0,False
2025-03-10 09:28:40,S02,Lab-201,22.25,42.1,774.0,ok,22.497,0.11,-2.55,42.25,0.342,-0.267,771.5,7.394,0.277,0.02,5.0,757.0,784.0,False
2025-03-10 09:28:40,S03,Lab-305,22.99,43.7,795.0,ok,22.87,0.094,1.247,44.243,4.096,-0.128,759.167,26.63,1.439,-0.06,8.0,767.0,800.0,False
2025-03-10 09:28:40,S04,Library-1F,21.61,38.9,713.0,ok,21.696,0.066,-0.913,39.063,0.333,-0.32,713.1,9.796,0.042,-0.1,8.0,711.0,735.0,False
2025-03-10 09:28:40,S05,Canteen,24.06,49.3,825.0,ok,23.849,0.174,1.283,48.143,0.767,1.618,767.267,42.333,1.435,0.01,22.0,786.0,827.0,False
2025-03-10 09:28:40,S06,Study-Hall,21.5,36.8,411.0,ok,21.518,0.067,-0.207,36.93,0.404,-0.227,408.7,6.407,0.24,0.01,0.0,402.0,425.0,False
2025-03-10 09:28:50,S01,Lecture-101,22.65,42.4,1064.0,ok,22.546,0.081,1.077,42.63,0.443,-0.447,1042.033,17.425,1.345,0.1,9.0,1035.0,1065.0,False
2025-03-10 09:28:50,S02,Lab-201,22.62,41.7,789.0,ok,22.502,0.112,1.118,42.26,0.32,-1.1,772.8,6.895,1.75,0.06,-1.0,757.0,789.0,False
2025-03-10 09:28:50,S03,Lab-305,22.87,43.3,804.0,ok,22.872,0.093,-0.003,44.24,4.097,-0.23,762.0,26.731,1.684,-0.1,9.0,767.0,804.0,False
2025-03-10 09:28:50,S04,Library-1F,21.61,38.7,723.0,ok,21.694,0.067,-0.857,39.063,0.333,-0.727,713.4,9.961,0.99,-0.18,7.0,711.0,735.0,False
2025-03-10 09:28:50,S05,Canteen,24.07,48.8,826.0,ok,23.868,0.165,1.267,48.203,0.744,0.856,771.933,40.752,1.387,0.04,23.0,786.0,827.0,False
2025-03-10 09:28:50,S06,Study-Hall,21.43,37.2,414.0,ok,21.518,0.067,-0.88,36.957,0.394,0.54,408.867,6.479,0.53,-0.11,0.0,403.0,425.0,False
2025-03-10 09:29:00,S01,Lecture-101,22.58,42.6,1065.0,ok,22.546,0.081,0.34,42.627,0.443,-0.06,1043.6,17.302,1.318,0.04,10.0,1051.0,1065.0,False
2025-03-10 09:29:00,S02,Lab-201,22.47,42.1,779.0,ok,22.507,0.106,-0.282,42.263,0.318,-0.32,773.133,6.947,0.62,-0.02,4.0,757.0,789.0,False
2025-03-10 09:29:00,S03,Lab-305,23.02,43.9,810.0,ok,22.876,0.097,1.477,44.237,4.097,-0.083,765.133,26.662,1.796,0.02,13.0,767.0,810.0,False
2025-03-10 09:29:00,S04,Library-1F,21.78,38.4,719.0,ok,21.7,0.065,0.863,39.04,0.354,-1.327,713.7,9.99,0.56,-0.18,-7.0,711.0,735.0,False
2025-03-10 09:29:00,S05,Canteen,24.03,48.9,826.0,ok,23.885,0.155,0.979,48.263,0.725,0.936,776.233,39.355,1.327,0.04,16.0,790.0,827.0,False
2025-03-10 09:29:00,S06,Study-Hall,21.47,37.1,409.0,ok,21.517,0.068,-0.477,36.953,0.392,0.287,409.067,6.384,0.013,-0.1,0.0,403.0,425.0,False
2025-03-10 09:29:10,S01,Lecture-101,22.55,44.0,1069.0,ok,22.545,0.08,0.043,42.7,0.482,2.747,1045.633,16.541,1.468,0.07,10.0,1051.0,1069.0,False
2025-03-10 09:29:10,S02,Lab-201,22.57,42.2,775.0,ok,22.509,0.106,0.592,42.267,0.317,-0.127,773.267,6.943,0.187,-0.05,6.0,757.0,789.0,False
2025-03-10 09:29:10,S03,Lab-305,22.91,44.0,817.0,ok,22.877,0.097,0.343,44.237,4.097,-0.058,768.3,27.002,1.945,-0.06,19.0,775.0,817.0,False
2025-03-10 09:29:10,S04,Library-1F,21.74,39.2,716.0,ok,21.703,0.066,0.397,39.033,0.349,0.32,714.067,9.861,0.23,-0.04,-7.0,712.0,735.0,False
2025-03-10 09:29:10,S05,Canteen,24.02,48.9,833.0,ok,23.898,0.148,0.873,48.32,0.705,0.879,780.567,38.152,1.442,0.05,16.0,800.0,833.0,False
2025-03-10 09:29:10,S06,Study-Hall,21.48,36.4,421.0,ok,21.517,0.067,-0.367,36.953,0.392,-1.107,409.567,6.714,1.193,-0.16,2.0,403.0,425.0,False
2025-03-10 09:29:20,S01,Lecture-101,22.52,42.8,1076.0,ok,22.547,0.079,-0.247,42.693,0.479,0.2,1047.733,16.252,1.836,-0.06,9.0,1051.0,1076.0,False
2025-03-10 09:29:20,S02,Lab-201,22.49,42.6,769.0,ok,22.512,0.104,-0.179,42.277,0.322,0.667,773.2,6.975,-0.427,-0.13,2.0,757.0,789.0,False
2025-03-10 09:29:20,S03,Lab-305,22.81,43.5,810.0,ok,22.883,0.086,-0.667,43.493,0.447,-0.18,771.367,26.308,1.544,-0.01,16.0,787.0,817.0,False
2025-03-10 09:29:20,S04,Library-1F,21.7,38.7,711.0,ok,21.7,0.064,-0.027,39.027,0.353,-0.667,713.833,9.847,-0.307,0.04,-10.0,711.0,735.0,False
2025-03-10 09:29:20,S05,Canteen,24.04,48.9,837.0,ok,23.912,0.141,0.956,48.367,0.695,0.823,784.867,36.941,1.479,0.0,10.0,800.0,837.0,False
2025-03-10 09:29:20,S06,Study-Hall,21.55,36.9,422.0,ok,21.517,0.067,0.327,36.943,0.389,-0.107,410.333,6.779,1.243,-0.08,9.0,403.0,425.0,False
2025-03-10 09:29:30,S01,Lecture-101,22.59,42.3,1076.0,ok,22.55,0.078,0.433,42.687,0.483,-0.787,1049.633,16.108,1.739,-0.09,16.0,1051.0,1076.0,False
2025-03-10 09:29:30,S02,Lab-201,22.49,41.8,773.0,ok,22.515,0.102,-0.215,42.263,0.334,-0.953,773.333,6.93,-0.02,-0.06,0.0,765.0,789.0,False
2025-03-10 09:29:30,S04,Library-1F,21.7,38.6,720.0,filled,21.7,0.064,0.0,38.993,0.344,-0.853,714.5,9.551,0.617,-0.02,-14.0,711.0,735.0,False
2025-03-10 09:29:30,S05,Canteen,24.27,49.3,840.0,ok,23.933,0.146,2.543,48.433,0.685,1.343,789.133,35.603,1.492,0.03,14.0,803.0,840.0,False
2025-03-10 09:29:30,S06,Study-Hall,21.63,36.9,408.0,ok,21.523,0.07,1.127,36.93,0.383,-0.087,410.0,6.633,-0.233,0.08,17.0,403.0,425.0,False
2025-03-10 09:29:40,S01,Lecture-101,22.57,43.0,1085.0,ok,22.558,0.066,0.197,42.697,0.487,0.627,1051.867,16.216,2.196,-0.07,16.0,1054.0,1085.0,False
2025-03-10 09:29:40,S02,Lab-201,22.53,41.7,767.0,ok,22.515,0.102,0.144,42.217,0.31,-1.127,773.233,7.001,-0.633,-0.06,-4.0,765.0,789.0,False
2025-03-10 09:29:40,S03,Lab-305,23.08,43.8,818.0,ok,22.892,0.092,1.973,43.507,0.45,0.613,774.233,26.555,1.773,-0.009,18.857,789.0,818.0,False
2025-03-10 09:29:40,S04,Library-1F,21.58,38.9,714.0,ok,21.698,0.067,-1.203,38.983,0.342,-0.187,714.633,9.514,-0.05,0.0,-10.0,711.0,735.0,False
2025-03-10 09:29:40,S05,Canteen,24.08,49.3,835.0,ok,23.95,0.132,1.008,48.487,0.688,1.265,792.9,34.206,1.288,0.05,12.0,809.0,840.0,False
2025-03-10 09:29:40,S06,Study-Hall,21.48,36.2,401.0,ok,21.523,0.069,-0.43,36.927,0.389,-1.46,409.667,6.83,-0.9,0.08,4.0,401.0,425.0,False
2025-03-10 09:29:50,S01,Lecture-101,22.68,43.1,1085.0,ok,22.566,0.067,1.217,42.7,0.489,0.807,1054.1,16.003,2.043,-0.05,21.0,1054.0,1085.0,False
2025-03-10 09:29:50,S02,Lab-201,22.39,42.6,775.0,ok,22.512,0.104,-1.226,42.22,0.313,0.767,773.067,6.893,0.177,-0.06,-1.0,765.0,789.0,False
2025-03-10 09:29:50,S03,Lab-305,22.93,43.6,823.0,ok,22.897,0.09,0.38,43.54,0.417,0.187,776.967,27.228,1.836,0.009,19.714,789.0,823.0,False
2025-03-10 09:29:50,S04,Library-1F,21.77,39.6,718.0,ok,21.7,0.068,0.72,39.01,0.358,1.233,714.5,9.435,0.337,0.09,-5.0,711.0,735.0,False
2025-03-10 09:29:50,S05,Canteen,24.04,49.7,844.0,ok,23.96,0.126,0.684,48.553,0.706,1.763,796.5,33.69,1.494,0.02,14.0,809.0,844.0,False
2025-03-10 09:29:50,S06,Study-Hall,21.52,36.8,408.0,ok,21.524,0.069,-0.033,36.943,0.372,-0.253,409.467,6.786,-0.167,0.06,-3.0,401.0,425.0,False
2025-03-10 09:30:00,S01,Lecture-101,22.7,43.6,1087.0,ok,22.568,0.07,1.34,42.717,0.511,1.8,1056.267,15.907,2.056,0.1,21.0,1060.0,1087.0,False
2025-03-10 09:30:00,S02,Lab-201,22.47,41.9,775.0,filled,22.509,0.104,-0.403,42.197,0.31,-0.64,773.133,6.902,0.193,0.0,-4.0,765.0,789.0,False
2025-03-10 09:30:00,S03,Lab-305,22.95,43.2,821.0,ok,22.899,0.091,0.533,43.533,0.42,-0.68,780.1,26.682,1.617,0.069,18.0,789.0,823.0,False
2025-03-10 09:30:00,S04,Library-1F,21.77,40.2,704.0,ok,21.704,0.069,0.697,39.043,0.418,2.38,715.1,8.027,-1.05,0.16,-5.0,704.0,735.0,False
2025-03-10 09:30:00,S05,Canteen,24.13,49.2,839.0,ok,23.972,0.125,1.349,48.61,0.686,0.916,799.967,32.472,1.262,0.02,13.0,809.0,844.0,False
2025-03-10 09:30:00,S06,Study-Hall,21.38,37.0,430.0,ok,21.517,0.072,-1.443,36.937,0.369,0.113,410.067,7.746,2.053,0.01,-3.0,401.0,430.0,False
2025-03-10 09:29:30,S03,Lab-305,22.85,43.9,813.0,ok,22.884,0.085,-0.327,43.51,0.453,0.813,774.067,26.285,1.583,-0.07,18.0,789.0,817.0,False
2025-03-10 09:30:10,S01,Lecture-101,22.59,42.9,1085.0,ok,22.568,0.07,0.217,42.75,0.488,0.359,1058.033,16.061,1.806,0.1,20.0,1060.0,1087.0,False
2025-03-10 09:30:10,S02,Lab-201,22.61,42.6,780.0,ok,22.514,0.105,0.974,42.223,0.309,0.807,773.033,6.775,0.687,-0.1,-4.0,767.0,789.0,False
2025-03-10 09:30:10,S03,Lab-305,22.89,44.4,830.0,ok,22.906,0.083,-0.137,43.567,0.448,1.7,785.067,26.678,1.846,0.02,13.0,795.0,830.0,False
2025-03-10 09:30:10,S04,Library-1F,21.7,39.0,717.0,ok,21.705,0.069,-0.043,39.017,0.393,-0.087,715.333,7.976,0.19,0.03,-2.0,704.0,735.0,False
2025-03-10 09:30:10,S05,Canteen,24.02,49.2,848.0,filled,23.978,0.122,0.385,48.693,0.592,0.859,803.7,31.281,1.479,0.01,18.0,823.0,848.0,False
2025-03-10 09:30:10,S06,Study-Hall,21.52,37.6,410.0,ok,21.516,0.072,0.03,36.97,0.383,1.327,410.367,7.554,-0.007,0.05,-4.0,401.0,430.0,False
2025-03-10 09:30:20,S01,Lecture-101,22.49,44.0,1083.0,ok,22.57,0.067,-0.78,42.783,0.538,2.5,1059.4,16.391,1.554,0.04,16.0,1060.0,1087.0,False
2025-03-10 09:30:20,S02,Lab-201,22.36,42.7,764.0,ok,22.508,0.108,-1.473,42.23,0.317,0.953,772.9,6.915,-0.903,-0.02,0.0,764.0,789.0,False
2025-03-10 09:30:20,S03,Lab-305,22.94,43.2,848.0,ok,22.906,0.083,0.34,43.577,0.436,-0.733,788.533,27.887,2.359,0.03,20.0,795.0,848.0,False
2025-03-10 09:30:20,S04,Library-1F,21.7,39.7,720.0,ok,21.707,0.067,-0.047,39.023,0.403,1.367,715.833,7.773,0.467,-0.04,1.0,704.0,735.0,False
2025-03-10 09:30:20,S05,Canteen,24.27,49.4,852.0,ok,23.997,0.123,2.39,48.727,0.603,1.194,807.467,29.999,1.544,0.1,15.0,825.0,852.0,False
2025-03-10 09:30:20,S06,Study-Hall,21.53,37.1,424.0,ok,21.518,0.072,0.137,36.983,0.38,0.26,411.067,7.817,1.363,0.04,3.0,401.0,430.0,False
2025-03-10 09:30:30,S01,Lecture-101,22.66,43.1,1092.0,ok,22.574,0.069,0.9,42.78,0.535,0.589,1061.233,16.868,1.989,0.04,9.0,1064.0,1092.0,False
2025-03-10 09:30:30,S02,Lab-201,22.56,41.9,774.0,ok,22.513,0.107,0.48,42.21,0.319,-0.66,772.767,6.852,0.11,0.07,1.0,764.0,789.0,False
2025-03-10 09:30:30,S03,Lab-305,22.86,44.0,840.0,ok,22.906,0.083,-0.463,43.613,0.423,0.847,791.833,27.926,1.846,0.04,27.0,795.0,848.0,False
2025-03-10 09:30:30,S04,Library-1F,21.76,39.4,720.0,filled,21.71,0.068,0.53,39.05,0.401,0.753,716.333,7.531,0.417,0.0,4.0,704.0,735.0,False
2025-03-10 09:30:30,S05,Canteen,24.19,49.6,867.0,ok,24.014,0.113,1.569,48.78,0.607,1.449,811.6,29.345,1.985,0.15,15.0,825.0,867.0,False
2025-03-10 09:30:30,S06,Study-Hall,21.52,37.1,429.0,ok,21.514,0.068,0.017,36.973,0.372,0.233,411.9,8.352,1.793,-0.03,3.0,401.0,430.0,False
2025-03-10 09:30:40,S01,Lecture-101,22.59,42.2,1092.0,ok,22.575,0.069,0.16,42.77,0.543,-1.084,1063.1,17.077,1.824,0.02,16.0,1064.0,1092.0,False
2025-03-10 09:30:40,S02,Lab-201,22.54,42.2,771.0,ok,22.517,0.106,0.252,42.203,0.317,-0.02,772.333,6.52,-0.177,0.05,2.0,764.0,789.0,False
2025-03-10 09:30:40,S03,Lab-305,22.91,43.8,829.0,ok,22.904,0.083,0.04,43.623,0.424,0.373,794.667,27.208,1.331,0.06,27.0,804.0,848.0,False
2025-03-10 09:30:40,S04,Library-1F,21.75,38.8,712.0,ok,21.714,0.067,0.4,39.037,0.402,-0.5,716.467,7.413,-0.433,0.05,6.0,704.0,735.0,False
2025-03-10 09:30:40,S05,Canteen,24.03,49.3,858.0,ok,24.018,0.111,0.145,48.843,0.555,0.857,815.1,28.36,1.581,0.11,21.0,826.0,867.0,False
2025-03-10 09:30:40,S06,Study-Hall,21.53,37.8,430.0,ok,21.516,0.068,0.157,37.013,0.395,1.653,412.7,8.898,1.81,-0.02,21.0,401.0,430.0,False
2025-03-10 09:30:50,S01,Lecture-101,22.77,42.9,1090.0,ok,22.58,0.077,1.953,42.77,0.543,0.239,1065.033,16.714,1.575,0.07,7.0,1065.0,1092.0,False
2025-03-10 09:30:50,S02,Lab-201,22.51,41.8,774.0,ok,22.517,0.106,-0.066,42.18,0.32,-0.807,772.0,6.148,0.167,0.05,1.0,764.0,789.0,False
2025-03-10 09:30:50,S03,Lab-305,22.93,43.9,838.0,ok,22.906,0.083,0.257,43.657,0.404,0.553,797.433,27.256,1.593,-0.02,20.0,810.0,848.0,False
2025-03-10 09:30:50,S04,Library-1F,21.64,39.5,725.0,ok,21.709,0.067,-0.737,39.06,0.408,0.927,717.2,7.117,0.853,0.05,2.0,704.0,735.0,False
2025-03-10 09:30:50,S05,Canteen,24.26,49.6,851.0,ok,24.033,0.112,2.182,48.923,0.478,1.363,817.967,27.453,1.266,0.11,18.0,826.0,867.0,False
2025-03-10 09:30:50,S06,Study-Hall,21.63,37.0,433.0,ok,21.518,0.07,1.14,37.03,0.383,-0.027,413.1,9.532,2.03,0.01,22.0,401.0,433.0,False
2025-03-10 09:31:00,S01,Lecture-101,22.58,42.9,1099.0,ok,22.585,0.072,0.0,42.763,0.54,0.239,1066.8,17.419,2.032,-0.09,7.0,1069.0,1099.0,False
2025-03-10 09:31:00,S02,Lab-201,22.45,41.7,779.0,ok,22.514,0.106,-0.631,42.173,0.328,-0.96,772.5,6.084,0.7,0.04,-1.0,764.0,789.0,False
2025-03-10 09:31:00,S03,Lab-305,22.88,43.6,854.0,ok,22.912,0.072,-0.257,43.637,0.391,-0.113,800.433,28.379,2.075,-0.04,17.0,810.0,854.0,False
2025-03-10 09:31:00,S05,Canteen,24.28,49.9,856.0,ok,24.048,0.113,2.2,48.973,0.499,1.953,821.267,25.771,1.385,0.18,17.0,833.0,867.0,False
2025-03-10 09:31:00,S06,Study-Hall,21.73,37.3,448.0,ok,21.528,0.079,2.12,37.043,0.385,0.54,414.3,11.46,3.49,0.15,25.0,401.0,448.0,False
2025-03-10 09:31:10,S01,Lecture-101,22.58,42.9,1099.0,filled,22.586,0.071,-0.05,42.79,0.526,0.253,1068.667,17.777,1.849,-0.1,14.0,1076.0,1099.0,False
2025-03-10 09:31:10,S02,Lab-201,22.5,42.5,784.0,ok,22.511,0.105,-0.135,42.187,0.333,0.653,772.767,6.409,1.15,0.03,4.0,764.0,789.0,False
2025-03-10 09:31:10,S03,Lab-305,22.88,43.9,851.0,ok,22.91,0.073,-0.32,43.64,0.393,0.527,803.8,28.18,1.782,-0.05,28.0,810.0,854.0,False
2025-03-10 09:31:10,S04,Library-1F,21.76,39.4,721.0,ok,21.711,0.068,0.507,39.077,0.412,0.68,717.767,6.694,0.38,-0.017,6.0,704.0,735.0,False
2025-03-10 09:31:10,S05,Canteen,24.15,49.8,860.0,ok,24.055,0.113,0.899,49.03,0.493,1.653,824.067,25.241,1.503,0.22,12.0,835.0,867.0,False
2025-03-10 09:31:10,S06,Study-Hall,21.47,37.1,459.0,ok,21.524,0.079,-0.577,37.047,0.385,0.113,416.2,13.83,3.901,0.11,38.0,401.0,459.0,False
2025-03-10 09:31:00,S04,Library-1F,21.71,39.0,718.0,ok,21.71,0.067,0.007,39.063,0.407,-0.12,717.667,6.666,0.08,-0.06,4.0,704.0,735.0,False
2025-03-10 09:31:20,S01,Lecture-101,22.55,42.5,1090.0,ok,22.584,0.071,-0.363,42.807,0.508,-0.551,1069.833,17.996,1.2,-0.01,14.0,1076.0,1099.0,False
2025-03-10 09:31:20,S02,Lab-201,22.45,42.6,776.0,ok,22.508,0.106,-0.582,42.207,0.339,0.827,773.1,6.305,0.323,-0.02,4.0,764.0,789.0,False
2025-03-10 09:31:20,S03,Lab-305,22.76,43.3,839.0,ok,22.905,0.078,-1.503,43.643,0.389,-0.68,806.7,27.122,1.249,-0.06,21.0,813.0,854.0,False
2025-03-10 09:31:20,S04,Library-1F,21.86,39.3,714.0,ok,21.716,0.073,1.493,39.097,0.399,0.46,718.2,6.321,-0.413,0.06,1.0,704.0,735.0,False
2025-03-10 09:31:20,S05,Canteen,24.23,49.9,849.0,ok,24.064,0.116,1.549,49.087,0.492,1.74,826.133,24.632,0.988,0.1,8.0,835.0,867.0,False
2025-03-10 09:31:20,S06,Study-Hall,21.55,37.0,461.0,ok,21.524,0.079,0.26,37.037,0.382,-0.093,417.933,15.987,3.239,0.03,35.0,401.0,461.0,False
2025-03-10 09:31:30,S01,Lecture-101,22.67,43.9,1089.0,ok,22.587,0.073,0.86,42.86,0.536,2.153,1071.6,17.142,1.065,-0.01,5.0,1083.0,1099.0,False
2025-03-10 09:31:30,S02,Lab-201,22.7,42.5,774.0,ok,22.517,0.11,1.822,42.22,0.343,0.587,773.233,6.279,0.09,-0.06,2.0,764.0,789.0,False
2025-03-10 09:31:30,S03,Lab-305,22.79,43.5,859.0,ok,22.902,0.08,-1.153,43.65,0.385,-0.287,810.1,27.07,1.928,-0.1,11.0,818.0,859.0,False
2025-03-10 09:31:30,S04,Library-1F,21.57,39.5,709.0,ok,21.712,0.077,-1.457,39.103,0.404,0.807,717.867,6.538,-0.92,0.06,-6.0,704.0,735.0,False
2025-03-10 09:31:30,S05,Canteen,24.21,49.9,850.0,ok,24.07,0.119,1.26,49.127,0.508,1.627,828.3,23.731,0.969,0.02,-2.0,835.0,867.0,False
2025-03-10 09:31:30,S06,Study-Hall,21.7,37.8,472.0,ok,21.532,0.084,1.757,37.033,0.374,1.527,419.967,18.72,3.382,0.03,37.0,401.0,472.0,False
2025-03-10 09:31:40,S01,Lecture-101,22.56,43.0,1084.0,ok,22.59,0.07,-0.27,42.877,0.532,0.261,1072.6,16.953,0.723,-0.03,-3.0,1083.0,1099.0,False
2025-03-10 09:31:40,S02,Lab-201,22.52,42.2,779.0,ok,22.521,0.108,0.024,42.23,0.337,-0.04,773.4,6.366,0.577,-0.02,5.0,764.0,789.0,False
2025-03-10 09:31:40,S03,Lab-305,22.86,43.9,849.0,ok,22.904,0.078,-0.417,43.687,0.352,0.5,812.9,26.584,1.437,-0.12,9.0,821.0,859.0,False
2025-03-10 09:31:40,S04,Library-1F,21.79,38.8,714.0,ok,21.718,0.077,0.78,39.107,0.401,-0.607,717.833,6.555,-0.387,0.04,-6.0,704.0,735.0,False
2025-03-10 09:31:40,S05,Canteen,24.19,50.1,858.0,ok,24.082,0.112,1.013,49.187,0.513,1.917,830.733,22.865,1.252,0.02,-8.0,839.0,867.0,False
2025-03-10 09:31:40,S06,Study-Hall,21.46,38.2,472.0,ok,21.53,0.085,-0.723,37.063,0.429,2.333,422.133,20.812,2.78,0.02,43.0,408.0,472.0,False
2025-03-10 09:31:50,S01,Lecture-101,22.61,43.2,1094.0,ok,22.594,0.068,0.203,42.867,0.523,0.608,1074.2,16.618,1.262,-0.05,-3.0,1083.0,1099.0,False
2025-03-10 09:31:50,S02,Lab-201,22.52,42.0,782.0,ok,22.521,0.108,-0.009,42.22,0.34,-0.46,773.667,6.557,0.86,-0.02,5.0,764.0,789.0,False
2025-03-10 09:31:50,S03,Lab-305,23.01,43.8,866.0,ok,22.912,0.076,1.06,43.697,0.351,0.227,816.0,27.186,1.997,-0.05,21.0,821.0,866.0,False
2025-03-10 09:31:50,S04,Library-1F,21.78,39.1,714.0,ok,21.72,0.077,0.623,39.097,0.397,-0.013,717.7,6.592,-0.383,0.03,-6.0,704.0,735.0,False
2025-03-10 09:31:50,S05,Canteen,24.15,50.2,849.0,ok,24.091,0.106,0.612,49.25,0.517,1.975,832.567,22.007,0.799,0.0,-8.0,839.0,867.0,False
2025-03-10 09:31:50,S06,Study-Hall,21.82,37.9,478.0,ok,21.544,0.097,2.9,37.09,0.455,1.673,424.667,22.807,2.684,0.17,42.0,410.0,478.0,False
2025-03-10 09:32:00,S01,Lecture-101,22.66,43.2,1089.0,ok,22.595,0.069,0.663,42.877,0.526,0.638,1076.0,15.079,0.891,0.02,-3.0,1083.0,1099.0,False
2025-03-10 09:32:00,S02,Lab-201,22.63,43.1,778.0,ok,22.521,0.108,1.01,42.233,0.366,1.76,774.033,6.478,0.433,0.01,5.0,764.0,789.0,False
2025-03-10 09:32:00,S03,Lab-305,22.87,44.3,864.0,ok,22.912,0.076,-0.42,43.713,0.367,1.207,818.9,27.521,1.766,-0.04,26.0,829.0,866.0,False
2025-03-10 09:32:00,S04,Library-1F,21.8,39.2,718.0,ok,21.721,0.079,0.803,39.11,0.393,0.207,717.833,6.555,0.03,0.08,-4.0,709.0,735.0,False
2025-03-10 09:32:00,S05,Canteen,24.37,49.5,853.0,ok,24.102,0.116,2.645,49.303,0.451,0.483,834.8,20.464,0.928,-0.07,-3.0,848.0,867.0,False
2025-03-10 09:32:00,S06,Study-Hall,21.66,37.3,488.0,ok,21.548,0.099,1.16,37.107,0.453,0.42,427.433,25.243,2.777,0.03,45.0,410.0,488.0,False
2025-03-10 09:32:10,S01,Lecture-101,22.66,43.0,1093.0,ok,22.599,0.069,0.65,42.87,0.523,0.234,1077.033,15.149,1.127,0.08,-6.0,1083.0,1099.0,False
2025-03-10 09:32:10,S02,Lab-201,22.46,42.3,786.0,ok,22.518,0.108,-0.57,42.217,0.35,0.133,774.7,6.65,1.197,0.02,3.0,764.0,789.0,False
2025-03-10 09:32:10,S03,Lab-305,22.94,43.7,857.0,ok,22.914,0.076,0.283,43.723,0.363,-0.027,821.9,26.557,1.384,0.06,13.0,829.0,866.0,False
2025-03-10 09:32:10,S04,Library-1F,21.64,39.1,727.0,ok,21.723,0.076,-0.813,39.127,0.381,-0.02,718.367,6.631,0.917,0.07,-3.0,709.0,735.0,False
2025-03-10 09:32:10,S05,Canteen,24.26,49.2,856.0,ok,24.113,0.116,1.356,49.3,0.452,-0.207,837.0,18.975,1.036,0.0,-3.0,849.0,867.0,False
2025-03-10 09:32:10,S06,Study-Hall,21.62,37.7,488.0,ok,21.548,0.099,0.723,37.13,0.465,1.187,429.9,27.408,2.399,0.03,40.0,424.0,488.0,False
2025-03-10 09:32:20,S01,Lecture-101,22.56,42.5,1092.0,ok,22.599,0.069,-0.393,42.87,0.523,-0.707,1078.1,15.034,0.988,0.08,-7.0,1084.0,1099.0,False
2025-03-10 09:32:20,S02,Lab-201,22.39,42.2,791.0,ok,22.513,0.11,-1.186,42.213,0.35,-0.033,775.467,7.157,1.63,0.01,7.0,771.0,791.0,False
2025-03-10 09:32:20,S03,Lab-305,22.97,44.1,868.0,ok,22.913,0.074,0.557,43.76,0.342,0.753,825.0,26.32,1.736,0.06,13.0,829.0,868.0,False
2025-03-10 09:32:20,S04,Library-1F,21.73,39.6,707.0,ok,21.721,0.074,0.067,39.137,0.39,0.947,718.1,6.925,-1.137,-0.03,0.0,707.0,735.0,False
2025-03-10 09:32:20,S05,Canteen,24.3,50.5,862.0,ok,24.126,0.113,1.618,49.367,0.477,2.4,838.967,18.378,1.317,0.07,0.0,849.0,867.0,False
2025-03-10 09:32:20,S06,Study-Hall,21.56,37.6,485.0,ok,21.551,0.098,0.12,37.15,0.473,0.94,432.633,28.692,2.01,0.07,29.0,429.0,488.0,False
2025-03-10 09:32:30,S01,Lecture-101,22.54,42.8,1095.0,ok,22.595,0.069,-0.587,42.89,0.508,-0.134,1079.4,14.741,1.124,-0.02,3.0,1084.0,1099.0,False
2025-03-10 09:32:30,S02,Lab-201,22.37,42.1,774.0,ok,22.505,0.111,-1.299,42.223,0.342,-0.227,776.033,6.261,-0.147,-0.11,10.0,771.0,791.0,False
2025-03-10 09:32:30,S03,Lab-305,22.8,43.4,874.0,ok,22.912,0.076,-1.13,43.743,0.347,-0.72,827.9,26.778,1.862,0.15,17.0,829.0,874.0,False
2025-03-10 09:32:30,S04,Library-1F,21.74,39.2,714.0,ok,21.721,0.074,0.19,39.153,0.381,0.127,718.033,6.955,-0.41,-0.03,0.0,707.0,735.0,False
2025-03-10 09:32:30,S05,Canteen,24.26,50.6,865.0,ok,24.132,0.116,1.181,49.427,0.515,2.467,841.133,17.433,1.417,0.05,12.0,849.0,867.0,False
2025-03-10 09:32:30,S06,Study-Hall,21.74,37.9,512.0,ok,21.561,0.102,1.887,37.16,0.485,1.5,435.733,32.001,2.766,0.07,27.0,430.0,512.0,False
2025-03-10 09:32:40,S01,Lecture-101,22.7,43.2,1096.0,ok,22.601,0.071,1.047,42.917,0.502,0.61,1080.9,14.023,1.126,0.0,6.0,1084.0,1099.0,False
2025-03-10 09:32:40,S02,Lab-201,22.63,42.2,783.0,ok,22.51,0.114,1.121,42.227,0.341,-0.047,776.133,6.35,0.697,-0.13,7.0,774.0,791.0,False
2025-03-10 09:32:40,S03,Lab-305,22.89,44.6,861.0,ok,22.909,0.075,-0.22,43.767,0.38,1.713,830.233,26.5,1.236,0.1,19.0,838.0,874.0,False
2025-03-10 09:32:40,S04,Library-1F,21.74,39.8,724.0,ok,21.718,0.071,0.19,39.173,0.399,1.293,717.967,6.886,0.597,-0.05,0.0,707.0,735.0,False
2025-03-10 09:32:40,S05,Canteen,24.14,50.2,863.0,ok,24.136,0.114,0.069,49.463,0.529,1.503,843.133,16.313,1.254,0.05,13.0,849.0,867.0,False
2025-03-10 09:32:40,S06,Study-Hall,21.76,38.0,506.0,ok,21.567,0.108,1.954,37.19,0.509,1.68,439.133,33.877,2.196,0.19,34.0,433.0,512.0,False
2025-03-10 09:32:50,S01,Lecture-101,22.46,43.1,1106.0,ok,22.6,0.072,-1.407,42.943,0.49,0.365,1082.6,13.865,1.79,-0.07,7.0,1084.0,1106.0,False
2025-03-10 09:32:50,S02,Lab-201,22.51,42.6,777.0,ok,22.516,0.107,0.003,42.237,0.348,0.747,776.2,6.348,0.087,-0.01,-2.0,774.0,791.0,False
2025-03-10 09:32:50,S03,Lab-305,22.95,43.9,878.0,ok,22.908,0.074,0.41,43.76,0.376,0.267,833.133,26.817,1.803,0.03,15.0,839.0,878.0,False
2025-03-10 09:32:50,S04,Library-1F,21.68,39.7,710.0,ok,21.714,0.07,-0.38,39.193,0.41,1.053,717.9,6.955,-0.797,-0.04,0.0,707.0,735.0,False
2025-03-10 09:32:50,S05,Canteen,24.37,50.7,856.0,ok,24.149,0.117,2.06,49.533,0.55,2.336,844.667,15.216,0.789,0.07,13.0,849.0,867.0,False
2025-03-10 09:32:50,S06,Study-Hall,21.72,37.9,519.0,ok,21.57,0.111,1.413,37.22,0.524,1.395,442.733,36.427,2.358,0.04,40.0,448.0,519.0,False
2025-03-10 09:33:00,S01,Lecture-101,22.55,43.0,1098.0,ok,22.598,0.072,-0.503,42.937,0.487,0.113,1084.067,13.038,1.111,-0.06,9.0,1084.0,1106.0,False
2025-03-10 09:33:00,S02,Lab-201,22.54,42.3,780.0,ok,22.514,0.106,0.221,42.237,0.348,0.127,776.433,6.355,0.38,0.02,1.0,774.0,791.0,False
2025-03-10 09:33:00,S03,Lab-305,22.98,44.2,885.0,ok,22.911,0.075,0.717,43.797,0.362,0.88,836.167,27.379,1.934,0.08,14.0,839.0,885.0,False
2025-03-10 09:33:00,S04,Library-1F,21.76,39.6,706.0,ok,21.719,0.069,0.457,39.213,0.415,0.813,717.233,7.108,-1.19,-0.05,-4.0,706.0,735.0,False
2025-03-10 09:33:00,S05,Canteen,24.4,49.7,873.0,ok,24.161,0.124,2.145,49.56,0.537,0.303,846.333,15.497,1.862,0.18,10.0,849.0,873.0,False
2025-03-10 09:33:00,S06,Study-Hall,21.78,37.3,522.0,ok,21.577,0.118,1.886,37.23,0.522,0.153,445.967,39.011,2.176,0.1,41.0,459.0,522.0,False
2025-03-10 09:33:10,S01,Lecture-101,22.74,43.2,1107.0,ok,22.606,0.075,1.417,42.96,0.483,0.527,1085.467,13.175,1.759,-0.11,13.0,1084.0,1107.0,False
2025-03-10 09:33:10,S02,Lab-201,22.53,41.7,762.0,ok,22.505,0.093,0.155,42.21,0.358,-1.073,776.333,6.562,-1.443,0.01,-5.0,762.0,791.0,False
2025-03-10 09:33:10,S03,Lab-305,23.06,44.0,882.0,ok,22.912,0.077,1.487,43.82,0.352,0.407,839.267,27.118,1.674,0.04,18.0,839.0,885.0,False
2025-03-10 09:33:10,S04,Library-1F,21.66,39.2,725.0,ok,21.715,0.068,-0.59,39.2,0.409,-0.027,717.067,6.853,0.777,-0.1,-8.0,706.0,735.0,False
2025-03-10 09:33:10,S05,Canteen,24.17,50.4,867.0,ok,24.168,0.119,0.07,49.617,0.533,1.563,848.267,14.246,1.334,0.11,14.0,849.0,873.0,False
2025-03-10 09:33:10,S06,Study-Hall,21.76,38.2,529.0,ok,21.581,0.122,1.552,37.277,0.544,1.858,449.867,41.281,2.128,0.1,34.0,461.0,529.0,False
2025-03-10 09:33:20,S01,Lecture-101,22.58,43.4,1111.0,ok,22.603,0.074,-0.26,43.007,0.453,0.88,1087.167,13.065,1.938,-0.08,15.0,1084.0,1111.0,False
2025-03-10 09:33:20,S02,Lab-201,22.47,42.0,773.0,ok,22.503,0.093,-0.353,42.21,0.358,-0.42,776.333,6.562,-0.333,0.07,-13.0,762.0,791.0,False
2025-03-10 09:33:20,S03,Lab-305,22.9,43.9,881.0,ok,22.911,0.077,-0.12,43.82,0.352,0.16,842.133,26.821,1.539,0.04,18.0,849.0,885.0,False
2025-03-10 09:33:20,S04,Library-1F,21.65,39.5,720.0,ok,21.713,0.069,-0.65,39.22,0.408,0.6,716.933,6.751,0.293,-0.07,2.0,706.0,735.0,False
2025-03-10 09:33:20,S05,Canteen,24.33,49.9,859.0,ok,24.178,0.119,1.367,49.643,0.526,0.531,849.467,13.544,0.753,0.03,11.0,849.0,873.0,False
2025-03-10 09:33:20,S06,Study-Hall,21.69,38.0,532.0,ok,21.588,0.121,0.896,37.31,0.557,1.329,454.133,42.958,1.99,0.14,41.0,472.0,532.0,False
2025-03-10 09:33:30,S01,Lecture-101,22.61,43.1,1097.0,ok,22.602,0.073,0.07,43.023,0.447,0.187,1088.4,12.125,0.753,0.05,14.0,1084.0,1111.0,False
2025-03-10 09:33:30,S02,Lab-201,22.42,43.1,775.0,ok,22.498,0.094,-0.827,42.233,0.392,1.78,776.4,6.537,-0.133,0.08,-13.0,762.0,791.0,False
2025-03-10 09:33:30,S03,Lab-305,22.94,43.3,891.0,ok,22.914,0.076,0.287,43.787,0.352,-1.04,845.167,27.036,1.822,0.0,14.0,849.0,891.0,False
2025-03-10 09:33:30,S04,Library-1F,21.78,40.0,716.0,ok,21.715,0.07,0.667,39.253,0.43,1.56,716.3,5.826,-0.093,-0.07,6.0,706.0,727.0,False
2025-03-10 09:33:30,S05,Canteen,24.25,50.6,875.0,ok,24.186,0.116,0.606,49.683,0.552,1.818,851.067,13.633,1.885,-0.01,5.0,849.0,875.0,False
2025-03-10 09:33:30,S06,Study-Hall,21.79,38.3,535.0,ok,21.599,0.124,1.661,37.38,0.545,1.776,458.533,44.279,1.882,0.14,44.0,472.0,535.0,False
2025-03-10 09:33:40,S01,Lecture-101,22.55,43.6,1102.0,ok,22.603,0.072,-0.52,43.047,0.458,1.153,1089.667,11.454,1.122,0.02,7.0,1089.0,1111.0,False
2025-03-10 09:33:40,S02,Lab-201,22.49,42.1,779.0,ok,22.506,0.081,-0.083,42.233,0.392,-0.267,776.567,6.537,0.26,0.08,-8.0,762.0,791.0,False
2025-03-10 09:33:40,S03,Lab-305,22.84,43.4,895.0,ok,22.909,0.076,-0.74,43.777,0.359,-0.773,848.5,26.802,1.843,0.01,23.0,857.0,895.0,False
2025-03-10 09:33:40,S04,Library-1F,21.68,39.8,712.0,ok,21.718,0.068,-0.353,39.283,0.436,1.093,716.267,5.848,-0.43,-0.06,2.0,706.0,727.0,False
2025-03-10 09:33:40,S05,Canteen,24.16,50.3,864.0,ok,24.189,0.113,-0.222,49.717,0.558,1.117,852.367,12.901,0.949,-0.01,1.0,849.0,875.0,False
2025-03-10 09:33:40,S06,Study-Hall,21.72,37.7,546.0,ok,21.607,0.125,0.971,37.41,0.536,0.587,463.033,46.104,1.975,-0.02,29.0,478.0,546.0,False
2025-03-10 09:33:50,S01,Lecture-101,22.63,43.0,1099.0,ok,22.603,0.072,0.267,43.067,0.442,-0.093,1090.833,10.492,0.815,0.07,3.0,1089.0,1111.0,False
2025-03-10 09:33:50,S02,Lab-201,22.54,42.5,775.0,ok,22.504,0.078,0.337,42.26,0.381,0.533,776.1,6.105,-0.157,-0.02,-2.0,762.0,791.0,False
2025-03-10 09:33:50,S03,Lab-305,22.76,43.6,885.0,ok,22.905,0.08,-1.49,43.787,0.349,-0.353,851.2,26.238,1.362,-0.05,17.0,857.0,895.0,False
2025-03-10 09:33:50,S04,Library-1F,21.76,38.9,716.0,ok,21.723,0.065,0.423,39.29,0.428,-0.767,716.033,5.708,-0.027,0.02,2.0,706.0,727.0,False
2025-03-10 09:33:50,S05,Canteen,24.22,50.2,876.0,ok,24.194,0.111,0.273,49.763,0.537,0.866,854.033,12.604,1.832,-0.04,12.0,853.0,876.0,False
2025-03-10 09:33:50,S06,Study-Hall,21.75,38.0,560.0,ok,21.617,0.123,1.149,37.437,0.546,1.1,467.9,48.399,2.103,0.01,34.0,485.0,560.0,False
2025-03-10 09:34:00,S01,Lecture-101,22.57,43.6,1108.0,ok,22.602,0.072,-0.327,43.1,0.443,1.067,1092.267,9.752,1.636,0.02,4.0,1092.0,1111.0,False
2025-03-10 09:34:00,S02,Lab-201,22.61,41.9,779.0,ok,22.508,0.08,1.063,42.253,0.386,-0.72,776.1,6.105,0.29,0.0,-1.0,762.0,791.0,False
2025-03-10 09:34:00,S03,Lab-305,22.83,44.5,899.0,ok,22.899,0.078,-0.753,43.807,0.372,1.427,854.167,26.45,1.822,-0.12,17.0,857.0,899.0,False
2025-03-10 09:34:00,S04,Library-1F,21.78,39.1,711.0,ok,21.723,0.065,0.573,39.313,0.395,-0.38,715.767,5.752,-0.503,0.02,2.0,706.0,727.0,False
2025-03-10 09:34:00,S05,Canteen,24.21,51.4,870.0,ok,24.2,0.107,0.144,49.847,0.59,3.047,855.5,11.761,1.267,-0.16,7.0,856.0,876.0,False
2025-03-10 09:34:00,S06,Study-Hall,21.81,38.4,561.0,ok,21.629,0.124,1.57,37.48,0.569,1.766,472.967,49.951,1.924,-0.01,41.0,485.0,561.0,False
2025-03-10 09:34:10,S01,Lecture-101,22.65,43.2,1093.0,ok,22.606,0.072,0.477,43.073,0.41,0.2,1093.067,8.706,0.073,0.08,-7.0,1092.0,1111.0,False
2025-03-10 09:34:10,S02,Lab-201,22.44,42.2,791.0,ok,22.504,0.081,-0.683,42.253,0.386,-0.107,776.633,6.677,1.49,0.01,2.0,762.0,791.0,False
2025-03-10 09:34:10,S03,Lab-305,23.01,43.8,888.0,ok,22.902,0.081,1.11,43.8,0.37,-0.013,856.533,26.185,1.279,-0.15,6.0,861.0,899.0,False
2025-03-10 09:34:10,S04,Library-1F,21.65,40.1,730.0,ok,21.72,0.066,-0.727,39.343,0.42,1.573,716.233,6.312,1.423,0.08,6.0,706.0,730.0,False
2025-03-10 09:34:10,S05,Canteen,24.41,50.8,873.0,ok,24.213,0.108,1.965,49.91,0.587,1.616,856.833,11.384,1.488,-0.15,6.0,856.0,876.0,False
2025-03-10 09:34:10,S06,Study-Hall,21.84,38.4,568.0,ok,21.641,0.127,1.699,37.547,0.555,1.617,477.867,51.852,1.903,0.05,39.0,485.0,568.0,False
2025-03-10 09:34:20,S01,Lecture-101,22.72,42.8,1106.0,ok,22.612,0.073,1.143,43.073,0.41,-0.547,1094.067,8.395,1.293,0.07,-1.0,1093.0,1111.0,False
2025-03-10 09:34:20,S02,Lab-201,22.61,42.4,776.0,ok,22.508,0.083,1.06,42.247,0.381,0.293,776.867,6.522,-0.063,0.08,6.0,762.0,791.0,False
2025-03-10 09:34:20,S03,Lab-305,23.03,43.4,909.0,ok,22.91,0.082,1.277,43.797,0.374,-0.8,859.833,26.356,2.004,0.03,17.0,861.0,909.0,False
2025-03-10 09:34:20,S04,Library-1F,21.72,39.4,710.0,ok,21.72,0.066,0.003,39.367,0.402,0.113,716.2,6.343,-0.623,0.06,-9.0,706.0,730.0,False
2025-03-10 09:34:20,S05,Canteen,24.4,51.0,873.0,ok,24.225,0.108,1.733,49.98,0.587,1.857,858.033,11.115,1.42,0.07,6.0,856.0,876.0,False
2025-03-10 09:34:20,S06,Study-Hall,21.84,38.5,565.0,ok,21.65,0.131,1.571,37.6,0.568,1.718,482.633,53.097,1.68,0.08,36.0,506.0,568.0,False
2025-03-10 09:34:30,S01,Lecture-101,22.67,43.0,1103.0,ok,22.615,0.073,0.577,43.097,0.384,-0.147,1094.967,7.819,0.893,0.06,-4.0,1093.0,1111.0,False
2025-03-10 09:34:30,S02,Lab-201,22.55,41.2,798.0,ok,22.51,0.083,0.42,42.227,0.419,-2.093,777.7,7.53,2.113,0.08,18.0,762.0,798.0,False
2025-03-10 09:34:30,S03,Lab-305,22.81,43.9,916.0,ok,22.908,0.084,-0.997,43.797,0.374,0.207,863.267,26.75,2.131,0.07,27.0,861.0,916.0,False
2025-03-10 09:34:30,S04,Library-1F,21.72,38.8,713.0,ok,21.721,0.066,-0.003,39.373,0.39,-1.133,715.967,6.327,-0.32,0.06,-7.0,706.0,730.0,False
2025-03-10 09:34:30,S05,Canteen,24.38,50.4,874.0,ok,24.229,0.111,1.435,50.017,0.578,0.715,859.167,10.945,1.436,0.15,6.0,856.0,876.0,False
2025-03-10 09:34:30,S06,Study-Hall,21.91,38.2,576.0,ok,21.66,0.139,1.987,37.643,0.562,1.057,488.233,53.809,1.758,0.08,36.0,506.0,576.0,False
2025-03-10 09:34:40,S01,Lecture-101,22.66,42.8,1111.0,ok,22.618,0.073,0.45,43.09,0.387,-0.593,1095.833,8.112,1.603,0.09,4.0,1093.0,1111.0,False
2025-03-10 09:34:40,S02,Lab-201,22.56,42.1,773.0,ok,22.511,0.083,0.5,42.24,0.408,-0.253,777.9,7.312,-0.47,0.09,1.0,762.0,798.0,False
2025-03-10 09:34:40,S03,Lab-305,22.89,44.7,911.0,ok,22.902,0.077,-0.183,43.827,0.408,1.807,866.367,26.712,1.784,-0.01,20.0,878.0,916.0,False
2025-03-10 09:34:40,S04,Library-1F,21.62,39.4,707.0,ok,21.722,0.064,-1.01,39.39,0.38,0.053,715.733,6.528,-0.897,0.04,-6.0,706.0,730.0,False
2025-03-10 09:34:40,S05,Canteen,24.41,50.2,869.0,ok,24.24,0.113,1.627,50.047,0.562,0.317,860.3,10.083,0.898,0.15,9.0,856.0,876.0,False
2025-03-10 09:34:40,S06,Study-Hall,21.72,38.1,579.0,ok,21.668,0.135,0.434,37.707,0.497,0.813,494.167,53.671,1.687,0.12,41.0,519.0,579.0,False
2025-03-10 09:34:50,S01,Lecture-101,22.71,42.6,1105.0,ok,22.619,0.074,0.92,43.073,0.397,-0.98,1096.5,8.012,0.917,0.06,6.0,1093.0,1111.0,False
2025-03-10 09:34:50,S02,Lab-201,22.55,42.3,780.0,ok,22.516,0.081,0.39,42.23,0.403,0.12,778.067,7.301,0.21,0.06,5.0,762.0,798.0,False
2025-03-10 09:34:50,S03,Lab-305,22.87,43.4,915.0,ok,22.9,0.077,-0.32,43.82,0.414,-0.853,869.433,26.843,1.821,0.03,24.0,881.0,916.0,False
2025-03-10 09:34:50,S04,Library-1F,21.69,39.2,709.0,ok,21.72,0.063,-0.323,39.377,0.379,-0.38,715.433,6.626,-0.673,-0.07,-7.0,706.0,730.0,False
2025-03-10 09:34:50,S05,Canteen,24.48,50.8,878.0,ok,24.254,0.114,2.136,50.083,0.575,1.339,861.433,10.098,1.755,0.19,-1.0,859.0,878.0,False
2025-03-10 09:34:50,S06,Study-Hall,21.78,38.0,593.0,ok,21.676,0.134,0.831,37.747,0.469,0.587,500.333,54.056,1.841,0.03,33.0,522.0,593.0,False
2025-03-10 09:35:00,S01,Lecture-101,22.63,43.4,1101.0,ok,22.617,0.073,0.11,43.067,0.39,0.653,1096.967,7.845,0.45,0.09,3.0,1093.0,1111.0,False
2025-03-10 09:35:00,S02,Lab-201,22.48,42.0,770.0,ok,22.517,0.08,-0.363,42.233,0.4,-0.46,777.9,7.429,-0.807,0.01,-6.0,762.0,798.0,False
2025-03-10 09:35:00,S03,Lab-305,22.88,43.0,915.0,ok,22.898,0.077,-0.2,43.813,0.426,-1.64,872.567,26.478,1.698,0.05,20.0,881.0,916.0,False
2025-03-10 09:35:00,S04,Library-1F,21.82,39.5,718.0,ok,21.721,0.065,1.003,39.353,0.347,0.247,715.9,6.277,0.257,-0.07,-3.0,707.0,730.0,False
2025-03-10 09:35:00,S05,Canteen,24.43,51.2,875.0,ok,24.264,0.116,1.537,50.15,0.585,1.943,862.633,9.459,1.343,0.22,5.0,859.0,878.0,False
2025-03-10 09:35:00,S06,Study-Hall,21.92,38.7,595.0,ok,21.694,0.129,1.823,37.803,0.478,1.907,505.833,55.039,1.751,0.03,33.0,529.0,595.0,False
2025-03-10 09:35:10,S01,Lecture-101,22.75,43.1,1109.0,ok,22.622,0.077,1.333,43.073,0.389,0.067,1097.767,7.807,1.203,0.08,6.0,1093.0,1111.0,False
2025-03-10 09:35:10,S02,Lab-201,22.64,41.8,794.0,ok,22.518,0.082,1.233,42.207,0.402,-0.867,778.367,7.985,1.61,0.01,1.0,770.0,798.0,False
2025-03-10 09:35:10,S03,Lab-305,22.85,43.3,921.0,ok,22.896,0.077,-0.477,43.777,0.421,-1.027,875.6,26.645,1.829,0.04,27.0,881.0,921.0,False
2025-03-10 09:35:10,S04,Library-1F,21.7,39.2,710.0,ok,21.721,0.065,-0.213,39.36,0.342,-0.307,715.667,6.364,-0.59,-0.06,-6.0,707.0,730.0,False
2025-03-10 09:35:10,S05,Canteen,24.41,49.8,865.0,ok,24.277,0.109,1.254,50.17,0.561,-0.599,863.2,9.053,0.237,0.21,2.0,859.0,878.0,False
2025-03-10 09:35:10,S06,Study-Hall,21.89,38.6,604.0,ok,21.707,0.129,1.521,37.837,0.498,1.593,512.3,54.787,1.784,0.08,34.0,532.0,604.0,False
2025-03-10 09:35:20,S01,Lecture-101,22.65,43.1,1103.0,ok,22.627,0.072,0.28,43.043,0.347,0.053,1098.433,7.342,0.523,0.0,-3.0,1093.0,1111.0,False
2025-03-10 09:35:20,S02,Lab-201,22.42,42.5,784.0,ok,22.52,0.078,-0.977,42.2,0.395,0.587,779.033,7.568,0.563,-0.13,5.0,770.0,798.0,False
2025-03-10 09:35:20,S03,Lab-305,23.07,43.5,923.0,ok,22.901,0.083,1.737,43.787,0.41,-0.553,878.1,27.472,1.779,-0.13,22.0,885.0,923.0,False
2025-03-10 09:35:20,S04,Library-1F,21.68,39.6,707.0,ok,21.721,0.066,-0.413,39.357,0.339,0.48,715.233,6.5,-0.867,-0.02,-1.0,707.0,730.0,False
2025-03-10 09:35:20,S05,Canteen,24.33,50.6,869.0,ok,24.279,0.11,0.481,50.21,0.547,0.767,863.767,8.858,0.58,0.01,-4.0,864.0,878.0,False
2025-03-10 09:35:20,S06,Study-Hall,21.82,39.0,607.0,ok,21.716,0.126,0.878,37.9,0.521,2.327,518.4,54.804,1.729,0.05,39.0,535.0,607.0,False
2025-03-10 09:35:30,S01,Lecture-101,22.58,43.6,1113.0,ok,22.625,0.073,-0.473,43.06,0.362,1.113,1099.133,7.7,1.457,-0.02,6.0,1093.0,1113.0,False
2025-03-10 09:35:30,S02,Lab-201,22.56,42.3,777.0,ok,22.52,0.078,0.403,42.213,0.391,0.2,779.133,7.519,-0.203,0.01,-7.0,770.0,798.0,False
2025-03-10 09:35:30,S03,Lab-305,22.95,43.8,909.0,ok,22.904,0.083,0.493,43.78,0.408,0.027,880.4,27.058,1.125,-0.06,12.0,885.0,923.0,False
2025-03-10 09:35:30,S04,Library-1F,21.66,38.9,719.0,ok,21.717,0.066,-0.607,39.34,0.349,-0.913,715.2,6.478,0.377,-0.04,-3.0,707.0,730.0,False
2025-03-10 09:35:30,S05,Canteen,24.55,50.3,875.0,ok,24.291,0.119,2.463,50.233,0.535,0.165,864.033,9.076,1.123,0.01,-4.0,864.0,878.0,False
2025-03-10 09:35:30,S06,Study-Hall,21.92,38.3,620.0,ok,21.73,0.126,1.614,37.94,0.504,0.767,524.767,55.154,1.854,0.05,39.0,546.0,620.0,False
2025-03-10 09:35:40,S01,Lecture-101,22.68,42.3,1111.0,ok,22.628,0.073,0.553,43.063,0.354,-1.52,1099.767,7.873,1.187,-0.02,5.0,1093.0,1113.0,False
2025-03-10 09:35:40,S02,Lab-201,22.48,43.3,774.0,ok,22.518,0.079,-0.397,42.25,0.438,2.173,779.233,7.426,-0.513,-0.08,1.0,770.0,798.0,False
2025-03-10 09:35:40,S03,Lab-305,22.96,43.5,917.0,ok,22.905,0.084,0.563,43.77,0.411,-0.56,883.333,26.044,1.353,0.07,6.0,885.0,923.0,False
2025-03-10 09:35:40,S04,Library-1F,21.64,38.9,701.0,ok,21.714,0.067,-0.773,39.343,0.344,-0.88,714.833,6.958,-1.42,-0.06,-3.0,701.0,730.0,False
2025-03-10 09:35:40,S05,Canteen,24.48,50.8,877.0,ok,24.306,0.113,1.585,50.283,0.514,1.06,864.667,9.301,1.297,0.08,2.0,865.0,878.0,False
2025-03-10 09:35:40,S06,Study-Hall,21.84,38.6,610.0,ok,21.74,0.122,0.877,37.967,0.517,1.311,530.767,54.272,1.545,0.0,34.0,560.0,620.0,False
2025-03-10 09:35:50,S01,Lecture-101,22.66,43.0,1123.0,ok,22.624,0.068,0.323,43.067,0.353,-0.127,1100.867,8.721,2.323,-0.01,8.0,1093.0,1123.0,False
2025-03-10 09:35:50,S02,Lab-201,22.56,42.4,774.0,filled,22.519,0.079,0.423,42.27,0.431,0.3,779.233,7.426,-0.523,0.01,-6.0,770.0,798.0,False
2025-03-10 09:35:50,S03,Lab-305,23.02,43.5,929.0,filled,22.908,0.086,1.147,43.757,0.413,-0.54,886.367,25.881,1.753,0.09,2.0,888.0,929.0,False
2025-03-10 09:35:50,S04,Library-1F,21.73,39.2,721.0,ok,21.717,0.066,0.163,39.333,0.344,-0.287,714.7,6.793,0.617,-0.03,10.0,701.0,730.0,False
2025-03-10 09:35:50,S05,Canteen,24.45,51.1,871.0,ok,24.313,0.116,1.269,50.333,0.518,1.589,865.333,8.999,0.633,0.07,1.0,865.0,878.0,False
2025-03-10 09:35:50,S06,Study-Hall,21.84,39.1,632.0,ok,21.747,0.121,0.823,38.037,0.524,2.193,537.4,54.072,1.865,0.06,41.0,561.0,632.0,False
2025-03-10 09:36:00,S01,Lecture-101,22.71,43.0,1123.0,ok,22.628,0.07,0.86,43.07,0.351,-0.133,1101.667,9.6,2.213,0.02,18.0,1093.0,1123.0,False
2025-03-10 09:36:00,S02,Lab-201,22.62,42.3,777.0,ok,22.525,0.08,1.007,42.29,0.417,0.06,779.167,7.437,-0.223,0.01,1.0,770.0,798.0,False
2025-03-10 09:36:00,S03,Lab-305,22.96,43.9,931.0,ok,22.911,0.087,0.517,43.767,0.413,0.287,888.933,26.374,1.725,0.08,14.0,888.0,931.0,False
2025-03-10 09:36:00,S04,Library-1F,21.71,39.5,723.0,ok,21.717,0.066,-0.067,39.35,0.339,0.333,714.867,6.937,0.83,0.02,12.0,701.0,730.0,False
2025-03-10 09:36:00,S05,Canteen,24.59,51.3,877.0,ok,24.323,0.126,2.395,50.38,0.54,1.866,866.033,9.065,1.167,0.05,2.0,865.0,878.0,False
2025-03-10 09:36:00,S06,Study-Hall,22.01,38.9,630.0,ok,21.756,0.13,2.172,38.09,0.527,1.649,543.467,53.905,1.713,0.06,37.0,565.0,632.0,False
2025-03-10 09:36:10,S01,Lecture-101,22.64,43.3,1120.0,ok,22.63,0.069,0.117,43.083,0.352,0.46,1102.367,10.149,1.833,-0.05,18.0,1101.0,1123.0,False
2025-03-10 09:36:10,S02,Lab-201,22.57,42.7,768.0,ok,22.527,0.08,0.45,42.297,0.422,0.82,778.633,7.65,-1.117,0.02,-6.0,768.0,798.0,False
2025-03-10 09:36:10,S03,Lab-305,22.94,43.7,935.0,ok,22.913,0.087,0.29,43.76,0.412,-0.133,891.733,26.665,1.747,0.09,16.0,909.0,935.0,False
2025-03-10 09:36:10,S04,Library-1F,21.71,39.3,711.0,ok,21.715,0.065,-0.067,39.347,0.339,-0.1,714.533,6.872,-0.387,0.01,11.0,701.0,730.0,False
2025-03-10 09:36:10,S05,Canteen,24.52,50.9,865.0,ok,24.335,0.127,1.561,50.417,0.537,0.962,866.2,8.996,-0.103,0.09,-4.0,865.0,878.0,False
2025-03-10 09:36:10,S06,Study-Hall,21.84,38.8,626.0,ok,21.769,0.119,0.643,38.147,0.508,1.346,549.033,53.503,1.531,-0.05,35.0,565.0,632.0,False
2025-03-10 09:36:20,S01,Lecture-101,22.6,43.0,1122.0,ok,22.632,0.068,-0.303,43.1,0.335,-0.167,1103.433,10.48,1.935,-0.01,19.0,1101.0,1123.0,False
2025-03-10 09:36:20,S02,Lab-201,22.44,42.2,771.0,ok,22.527,0.081,-0.873,42.283,0.419,-0.193,778.467,7.763,-0.763,0.09,-13.0,768.0,798.0,False
2025-03-10 09:36:20,S03,Lab-305,22.89,43.8,945.0,ok,22.917,0.082,-0.23,43.777,0.403,0.08,895.267,26.459,1.998,0.06,14.0,909.0,945.0,False
2025-03-10 09:36:20,S04,Library-1F,21.73,39.5,713.0,ok,21.711,0.059,0.15,39.353,0.34,0.307,714.5,6.877,-0.153,0.01,3.0,701.0,730.0,False
2025-03-10 09:36:20,S05,Canteen,24.41,50.8,875.0,ok,24.341,0.126,0.589,50.447,0.532,0.714,867.067,8.522,0.88,0.11,6.0,865.0,878.0,False
2025-03-10 09:36:20,S06,Study-Hall,21.87,38.3,637.0,ok,21.779,0.113,0.85,38.19,0.46,0.302,554.9,53.166,1.644,-0.02,26.0,576.0,637.0,False
2025-03-10 09:36:30,S01,Lecture-101,22.71,43.5,1109.0,ok,22.633,0.069,0.78,43.087,0.309,0.8,1104.1,10.162,0.531,-0.01,11.0,1101.0,1123.0,False
2025-03-10 09:36:30,S02,Lab-201,22.71,42.5,775.0,ok,22.527,0.081,1.83,42.283,0.419,0.433,778.5,7.745,-0.347,0.01,-13.0,768.0,798.0,False
2025-03-10 09:36:30,S03,Lab-305,22.89,43.6,935.0,ok,22.921,0.078,-0.273,43.78,0.401,-0.353,897.8,26.505,1.502,-0.06,14.0,909.0,945.0,False
2025-03-10 09:36:30,S04,Library-1F,21.68,39.3,717.0,ok,21.714,0.054,-0.307,39.347,0.339,-0.107,714.767,6.811,0.25,0.03,3.0,701.0,730.0,False
2025-03-10 09:36:30,S05,Canteen,24.48,51.7,882.0,ok,24.35,0.126,1.102,50.507,0.569,2.355,868.133,8.312,1.493,0.07,6.0,865.0,882.0,False
2025-03-10 09:36:30,S06,Study-Hall,21.96,38.2,635.0,ok,21.788,0.117,1.598,38.203,0.454,0.02,560.333,52.729,1.507,-0.02,28.0,579.0,637.0,False
2025-03-10 09:36:40,S01,Lecture-101,22.56,43.2,1126.0,ok,22.633,0.069,-0.733,43.093,0.31,0.227,1105.5,10.19,2.155,-0.05,11.0,1101.0,1126.0,False
2025-03-10 09:36:40,S02,Lab-201,22.52,42.7,765.0,ok,22.527,0.081,-0.073,42.3,0.425,0.833,778.033,8.126,-1.35,0.04,-6.0,765.0,798.0,False
2025-03-10 09:36:40,S03,Lab-305,22.83,44.1,942.0,ok,22.92,0.079,-0.907,43.787,0.405,0.64,900.9,26.035,1.668,-0.07,25.0,909.0,945.0,False
2025-03-10 09:36:40,S04,Library-1F,21.69,39.6,710.0,ok,21.711,0.052,-0.243,39.373,0.326,0.507,714.633,6.866,-0.477,0.03,6.0,701.0,730.0,False
2025-03-10 09:36:40,S05,Canteen,24.43,50.6,882.0,ok,24.358,0.123,0.633,50.523,0.564,0.164,868.933,8.457,1.387,-0.05,7.0,865.0,882.0,False
2025-03-10 09:36:40,S06,Study-Hall,21.9,38.5,638.0,ok,21.803,0.101,0.96,38.213,0.458,0.593,565.867,51.842,1.473,0.06,27.0,593.0,638.0,False
2025-03-10 09:36:50,S01,Lecture-101,22.62,43.4,1141.0,ok,22.634,0.069,-0.133,43.1,0.314,0.613,1107.067,11.841,3.484,-0.04,13.0,1101.0,1141.0,False
2025-03-10 09:36:50,S02,Lab-201,22.49,42.4,762.0,ok,22.526,0.082,-0.373,42.313,0.422,0.2,777.367,8.596,-1.603,-0.04,-9.0,762.0,798.0,False
2025-03-10 09:36:50,S03,Lab-305,22.99,44.1,933.0,ok,22.919,0.079,0.703,43.797,0.409,0.627,903.133,25.811,1.233,-0.07,18.0,909.0,945.0,False
2025-03-10 09:36:50,S04,Library-1F,21.62,39.3,722.0,ok,21.706,0.053,-0.91,39.38,0.322,-0.147,714.9,6.994,0.737,0.02,-2.0,701.0,730.0,False
2025-03-10 09:36:50,S05,Canteen,24.36,51.2,872.0,ok,24.365,0.116,0.014,50.557,0.573,1.2,869.7,7.585,0.307,-0.05,7.0,865.0,882.0,False
2025-03-10 09:36:50,S06,Study-Hall,22.03,38.7,641.0,ok,21.81,0.109,2.26,38.24,0.462,0.973,571.3,50.847,1.449,0.12,18.0,595.0,641.0,False
2025-03-10 09:37:00,S01,Lecture-101,22.64,43.7,1123.0,ok,22.633,0.068,0.063,43.117,0.332,1.2,1108.2,11.678,1.346,-0.06,3.0,1103.0,1141.0,False
2025-03-10 09:37:00,S02,Lab-201,22.6,43.1,765.0,ok,22.525,0.08,0.737,42.313,0.422,1.573,776.933,8.886,-1.237,-0.04,-9.0,762.0,798.0,False
2025-03-10 09:37:00,S03,Lab-305,23.09,44.4,958.0,ok,22.926,0.084,1.71,43.8,0.414,1.207,906.267,26.59,2.126,0.03,13.0,909.0,958.0,False
2025-03-10 09:37:00,S04,Library-1F,21.82,39.9,715.0,ok,21.706,0.054,1.143,39.403,0.334,1.04,714.8,6.97,0.01,-0.02,-6.0,701.0,730.0,False
2025-03-10 09:37:00,S05,Canteen,24.49,52.1,881.0,ok,24.369,0.119,1.071,50.643,0.604,2.692,870.633,7.17,1.13,-0.05,4.0,865.0,882.0,False
2025-03-10 09:37:00,S06,Study-Hall,21.84,38.7,632.0,ok,21.816,0.105,0.279,38.287,0.434,0.92,576.1,49.491,1.194,0.06,8.0,604.0,641.0,False
2025-03-10 09:37:10,S01,Lecture-101,22.65,43.3,1119.0,ok,22.633,0.068,0.17,43.127,0.333,0.367,1109.067,11.474,0.925,-0.02,0.0,1103.0,1141.0,False
2025-03-10 09:37:10,S02,Lab-201,22.51,42.3,768.0,ok,22.527,0.08,-0.153,42.313,0.422,-0.027,776.333,8.86,-0.893,-0.06,-9.0,762.0,798.0,False
2025-03-10 09:37:10,S03,Lab-305,22.88,44.2,953.0,ok,22.924,0.084,-0.463,43.817,0.419,0.8,909.467,26.231,1.758,0.03,22.0,909.0,958.0,False
2025-03-10 09:37:10,S04,Library-1F,21.73,40.1,720.0,ok,21.709,0.053,0.237,39.437,0.352,1.393,714.567,6.658,0.52,0.02,-1.0,701.0,730.0,False
2025-03-10 09:37:10,S05,Canteen,24.53,50.6,880.0,ok,24.378,0.12,1.355,50.69,0.539,-0.072,871.433,6.811,0.937,-0.03,9.0,865.0,882.0,False
2025-03-10 09:37:10,S06,Study-Hall,21.94,38.4,652.0,ok,21.826,0.101,1.182,38.31,0.42,0.227,581.567,48.472,1.534,0.1,11.0,607.0,652.0,False
2025-03-10 09:37:20,S01,Lecture-101,22.69,43.8,1125.0,ok,22.637,0.068,0.573,43.17,0.333,1.347,1110.167,11.363,1.389,0.01,1.0,1109.0,1141.0,False
2025-03-10 09:37:20,S02,Lab-201,22.65,42.0,776.0,ok,22.536,0.078,1.23,42.307,0.425,-0.627,775.833,8.416,-0.033,0.03,-3.0,762.0,798.0,False
2025-03-10 09:37:20,S03,Lab-305,22.91,43.4,959.0,ok,22.922,0.084,-0.143,43.793,0.423,-0.833,912.5,26.53,1.888,-0.03,23.0,909.0,959.0,False
2025-03-10 09:37:20,S04,Library-1F,21.62,39.3,719.0,ok,21.706,0.055,-0.893,39.427,0.351,-0.273,714.967,6.547,0.443,0.02,6.0,701.0,730.0,False
2025-03-10 09:37:20,S05,Canteen,24.44,51.7,882.0,ok,24.383,0.12,0.513,50.73,0.568,1.874,872.1,6.835,1.057,-0.03,6.0,865.0,882.0,False
2025-03-10 09:37:20,S06,Study-Hall,22.01,38.1,653.0,ok,21.841,0.093,1.823,38.327,0.4,-0.42,587.167,46.599,1.474,0.07,22.0,610.0,653.0,False
2025-03-10 09:37:30,S01,Lecture-101,22.72,43.2,1143.0,ok,22.643,0.067,0.83,43.183,0.326,0.06,1111.767,12.478,2.89,0.05,5.0,1109.0,1143.0,False
2025-03-10 09:37:30,S02,Lab-201,22.36,43.1,775.0,ok,22.535,0.079,-1.757,42.34,0.447,1.587,775.867,8.411,-0.083,-0.06,4.0,762.0,798.0,False
2025-03-10 09:37:30,S03,Lab-305,22.95,43.5,957.0,ok,22.927,0.081,0.277,43.797,0.42,-0.587,915.267,26.704,1.677,0.02,22.0,917.0,959.0,False
2025-03-10 09:37:30,S04,Library-1F,21.74,40.5,727.0,ok,21.706,0.055,0.343,39.47,0.399,2.147,715.4,6.901,1.203,0.02,7.0,701.0,730.0,False
2025-03-10 09:37:30,S05,Canteen,24.46,51.1,885.0,ok,24.39,0.118,0.643,50.747,0.572,0.651,872.767,7.089,1.29,-0.02,7.0,865.0,885.0,False
2025-03-10 09:37:30,S06,Study-Hall,21.94,38.6,668.0,ok,21.848,0.093,0.987,38.35,0.395,0.547,592.367,46.626,1.735,0.07,18.0,610.0,668.0,False
2025-03-10 09:37:40,S01,Lecture-101,22.77,43.4,1124.0,ok,22.645,0.07,1.27,43.19,0.328,0.433,1112.7,12.304,0.98,0.12,3.0,1109.0,1143.0,False
2025-03-10 09:37:40,S02,Lab-201,22.51,42.8,773.0,ok,22.531,0.077,-0.253,42.36,0.454,0.92,775.533,8.316,-0.287,-0.01,4.0,762.0,798.0,False
2025-03-10 09:37:40,S03,Lab-305,22.95,44.5,955.0,ok,22.929,0.081,0.227,43.793,0.414,1.407,918.4,25.609,1.488,0.06,15.0,929.0,959.0,False
2025-03-10 09:37:40,S04,Library-1F,21.75,39.5,719.0,ok,21.706,0.055,0.443,39.46,0.394,0.06,715.233,6.745,0.36,0.05,6.0,710.0,730.0,False
2025-03-10 09:37:40,S05,Canteen,24.41,51.5,881.0,ok,24.399,0.108,0.172,50.79,0.578,1.318,873.367,6.995,0.823,0.01,0.0,865.0,885.0,False
2025-03-10 09:37:40,S06,Study-Hall,22.02,38.9,661.0,ok,21.857,0.096,1.72,38.38,0.401,1.1,597.533,45.294,1.472,0.11,24.0,626.0,668.0,False
2025-03-10 09:37:50,S01,Lecture-101,22.67,43.3,1127.0,ok,22.652,0.061,0.247,43.197,0.329,0.22,1113.4,12.505,1.162,0.1,1.0,1109.0,1143.0,False
2025-03-10 09:37:50,S02,Lab-201,22.51,41.7,780.0,ok,22.531,0.077,-0.213,42.33,0.467,-1.32,775.633,8.352,0.447,-0.01,10.0,762.0,798.0,False
2025-03-10 09:37:50,S03,Lab-305,22.74,44.0,960.0,ok,22.922,0.088,-1.893,43.797,0.415,0.413,921.133,25.524,1.624,0.06,22.0,931.0,960.0,False
2025-03-10 09:37:50,S04,Library-1F,21.71,39.2,710.0,ok,21.707,0.055,0.04,39.443,0.395,-0.52,715.233,6.745,-0.523,0.06,2.0,710.0,730.0,False
2025-03-10 09:37:50,S05,Canteen,24.46,51.3,885.0,ok,24.402,0.109,0.565,50.81,0.585,0.882,874.333,6.498,1.163,0.03,3.0,865.0,885.0,False
2025-03-10 09:37:50,S06,Study-Hall,21.91,39.0,658.0,ok,21.863,0.093,0.533,38.417,0.406,1.24,602.167,44.077,1.335,-0.02,23.0,626.0,668.0,False
2025-03-10 09:38:00,S01,Lecture-101,22.63,44.0,1134.0,ok,22.655,0.058,-0.223,43.23,0.357,1.607,1114.6,12.702,1.647,0.05,1.0,1109.0,1143.0,False
2025-03-10 09:38:00,S02,Lab-201,22.46,42.8,791.0,ok,22.529,0.078,-0.713,42.347,0.475,0.94,776.0,8.781,1.537,-0.01,15.0,762.0,798.0,False
2025-03-10 09:38:00,S03,Lab-305,22.93,44.6,955.0,ok,22.921,0.087,0.077,43.81,0.434,1.607,923.467,25.306,1.327,-0.06,13.0,933.0,960.0,False
2025-03-10 09:38:00,S04,Library-1F,21.59,39.2,710.0,ok,21.701,0.058,-1.17,39.43,0.396,-0.487,715.367,6.594,-0.523,0.02,-5.0,710.0,730.0,False
2025-03-10 09:38:00,S05,Canteen,24.43,51.4,889.0,ok,24.403,0.109,0.26,50.867,0.555,1.008,874.867,7.021,1.467,0.0,4.0,865.0,889.0,False
2025-03-10 09:38:00,S06,Study-Hall,21.93,38.6,661.0,ok,21.868,0.092,0.67,38.46,0.348,0.367,606.8,42.642,1.335,0.03,23.0,626.0,668.0,False
2025-03-10 09:38:10,S01,Lecture-101,22.67,43.4,1135.0,ok,22.653,0.056,0.15,43.237,0.359,0.34,1115.533,13.146,1.606,0.03,11.0,1109.0,1143.0,False
2025-03-10 09:38:10,S02,Lab-201,22.49,42.9,775.0,ok,22.527,0.078,-0.387,42.387,0.469,1.107,776.433,8.378,-0.1,-0.02,15.0,762.0,798.0,False
2025-03-10 09:38:10,S03,Lab-305,22.92,43.7,970.0,ok,22.916,0.083,-0.007,43.8,0.433,-0.22,926.4,25.434,1.839,-0.07,7.0,933.0,970.0,False
2025-03-10 09:38:10,S04,Library-1F,21.67,39.6,714.0,ok,21.702,0.058,-0.313,39.443,0.395,0.34,715.0,6.341,-0.137,-0.06,-10.0,710.0,730.0,False
2025-03-10 09:38:10,S05,Canteen,24.62,51.0,882.0,ok,24.418,0.107,1.993,50.887,0.549,0.24,875.367,6.975,0.713,-0.03,5.0,872.0,889.0,False
2025-03-10 09:38:10,S06,Study-Hall,22.02,39.6,655.0,ok,21.877,0.094,1.52,38.507,0.402,2.28,611.0,40.883,1.13,-0.01,17.0,632.0,668.0,False
2025-03-10 09:38:20,S01,Lecture-101,22.72,43.8,1131.0,ok,22.657,0.055,0.673,43.25,0.372,1.127,1116.2,13.412,1.177,0.02,11.0,1109.0,1143.0,False
2025-03-10 09:38:20,S02,Lab-201,22.54,43.4,777.0,ok,22.53,0.078,0.127,42.433,0.498,2.027,776.567,8.353,0.057,-0.11,9.0,762.0,798.0,False
2025-03-10 09:38:20,S03,Lab-305,22.94,44.4,972.0,ok,22.917,0.083,0.24,43.817,0.447,1.2,929.433,25.258,1.793,0.02,12.0,933.0,972.0,False
2025-03-10 09:38:20,S04,Library-1F,21.66,39.9,713.0,ok,21.702,0.057,-0.417,39.457,0.403,0.913,714.767,6.279,-0.2,-0.07,-6.0,710.0,730.0,False
2025-03-10 09:38:20,S05,Canteen,24.68,51.5,887.0,ok,24.429,0.116,2.455,50.94,0.527,1.118,876.3,6.571,1.163,0.13,6.0,872.0,889.0,False
2025-03-10 09:38:20,S06,Study-Hall,22.04,38.9,667.0,ok,21.888,0.092,1.633,38.537,0.396,0.787,615.5,39.287,1.37,0.08,9.0,632.0,668.0,False
2025-03-10 09:38:30,S01,Lecture-101,22.73,43.4,1131.0,ok,22.661,0.056,0.727,43.26,0.372,0.3,1117.333,13.168,1.103,0.03,6.0,1119.0,1143.0,False
2025-03-10 09:38:30,S02,Lab-201,22.49,42.6,781.0,ok,22.532,0.075,-0.397,42.417,0.483,0.333,776.767,8.386,0.443,-0.02,2.0,762.0,798.0,False
2025-03-10 09:38:30,S03,Lab-305,22.98,44.0,973.0,ok,22.919,0.084,0.627,43.84,0.437,0.367,932.167,25.392,1.725,0.03,15.0,933.0,973.0,False
2025-03-10 09:38:30,S04,Library-1F,21.78,39.2,709.0,ok,21.702,0.057,0.78,39.43,0.392,-0.513,714.533,6.361,-0.577,-0.06,-7.0,709.0,730.0,False
2025-03-10 09:38:30,S05,Canteen,24.47,51.5,879.0,ok,24.437,0.111,0.351,50.97,0.532,1.063,876.433,6.585,0.27,0.16,0.0,872.0,889.0,False
2025-03-10 09:38:30,S06,Study-Hall,21.88,39.3,667.0,ok,21.891,0.09,-0.083,38.57,0.417,1.527,619.9,37.302,1.311,0.08,14.0,632.0,668.0,False
2025-03-10 09:38:40,S01,Lecture-101,22.67,43.9,1132.0,ok,22.665,0.052,0.087,43.27,0.385,1.28,1118.333,13.103,1.114,0.0,6.0,1119.0,1143.0,False
2025-03-10 09:38:40,S02,Lab-201,22.55,42.2,779.0,ok,22.534,0.075,0.18,42.42,0.481,-0.433,776.767,8.386,0.223,0.03,4.0,762.0,798.0,False
2025-03-10 09:38:40,S03,Lab-305,22.9,44.5,970.0,ok,22.921,0.082,-0.187,43.877,0.445,1.32,934.667,25.299,1.49,-0.01,15.0,933.0,973.0,False
2025-03-10 09:38:40,S04,Library-1F,21.75,39.0,716.0,ok,21.704,0.058,0.48,39.403,0.393,-0.86,714.667,6.348,0.147,0.01,-6.0,709.0,730.0,False
2025-03-10 09:38:40,S05,Canteen,24.58,51.2,882.0,ok,24.451,0.101,1.294,51.0,0.519,0.432,877.033,6.223,0.557,0.14,0.0,872.0,889.0,False
2025-03-10 09:38:40,S06,Study-Hall,22.09,38.5,669.0,ok,21.904,0.091,1.987,38.597,0.384,-0.14,624.0,35.621,1.316,0.03,6.0,632.0,669.0,False
2025-03-10 09:38:50,S01,Lecture-101,22.65,44.2,1121.0,ok,22.666,0.051,-0.153,43.31,0.417,1.86,1119.067,12.589,0.204,-0.05,4.0,1119.0,1143.0,False
2025-03-10 09:38:50,S02,Lab-201,22.47,42.6,796.0,ok,22.532,0.076,-0.64,42.423,0.482,0.36,777.467,9.081,1.923,-0.02,6.0,765.0,798.0,False
2025-03-10 09:38:50,S03,Lab-305,22.89,44.4,974.0,ok,22.925,0.077,-0.307,43.903,0.451,1.047,937.633,24.479,1.555,-0.05,16.0,953.0,974.0,False
2025-03-10 09:38:50,S04,Library-1F,21.8,39.3,717.0,ok,21.706,0.06,0.957,39.417,0.382,-0.207,714.7,6.358,0.233,0.04,-3.0,709.0,730.0,False
2025-03-10 09:38:50,S05,Canteen,24.43,51.1,883.0,ok,24.458,0.091,-0.205,51.03,0.496,0.193,877.267,6.313,0.597,0.01,-3.0,879.0,889.0,False
2025-03-10 09:38:50,S06,Study-Hall,22.0,38.9,669.0,filled,21.912,0.088,0.963,38.627,0.37,0.607,627.633,34.406,1.263,0.06,8.0,632.0,669.0,False
2025-03-10 09:39:00,S01,Lecture-101,22.61,43.2,1118.0,ok,22.667,0.049,-0.56,43.297,0.414,-0.22,1119.4,12.417,-0.085,-0.02,-6.0,1118.0,1143.0,False
2025-03-10 09:39:00,S02,Lab-201,22.51,42.8,776.0,ok,22.528,0.075,-0.217,42.453,0.476,0.753,777.367,9.08,-0.147,0.0,-1.0,768.0,798.0,False
2025-03-10 09:39:00,S03,Lab-305,22.99,43.8,975.0,ok,22.93,0.076,0.65,43.88,0.437,-0.207,940.167,24.274,1.526,-0.03,19.0,953.0,975.0,False
2025-03-10 09:39:00,S04,Library-1F,21.87,39.5,721.0,ok,21.709,0.066,1.643,39.43,0.378,0.167,715.033,6.419,0.63,0.09,7.0,709.0,730.0,False
2025-03-10 09:39:00,S05,Canteen,24.61,51.5,867.0,ok,24.471,0.082,1.523,51.033,0.499,0.94,877.167,6.455,-1.027,0.15,-3.0,867.0,889.0,False
2025-03-10 09:39:00,S06,Study-Hall,21.98,38.8,686.0,ok,21.918,0.087,0.68,38.64,0.369,0.347,631.8,33.618,1.696,0.07,8.0,652.0,686.0,False
2025-03-10 09:39:10,S01,Lecture-101,22.67,43.6,1123.0,ok,22.668,0.049,0.027,43.31,0.417,0.607,1120.4,11.382,0.29,-0.02,-13.0,1118.0,1143.0,False
2025-03-10 09:39:10,S02,Lab-201,22.41,42.5,779.0,ok,22.527,0.076,-1.183,42.463,0.474,0.093,776.967,8.716,0.163,-0.02,-1.0,773.0,798.0,False
2025-03-10 09:39:10,S03,Lab-305,22.96,44.6,976.0,ok,22.929,0.074,0.297,43.907,0.456,1.44,943.1,23.039,1.476,0.04,15.0,955.0,976.0,False
2025-03-10 09:39:10,S04,Library-1F,21.77,40.4,713.0,ok,21.713,0.066,0.613,39.44,0.4,1.94,714.467,5.77,-0.203,0.13,7.0,709.0,727.0,False
2025-03-10 09:39:10,S05,Canteen,24.46,51.5,874.0,ok,24.473,0.082,-0.11,51.057,0.504,0.933,877.2,6.435,-0.317,0.0,-11.0,867.0,889.0,False
2025-03-10 09:39:10,S06,Study-Hall,22.19,38.5,694.0,ok,21.929,0.099,2.723,38.643,0.367,-0.28,636.0,33.241,1.85,0.07,28.0,653.0,694.0,False
2025-03-10 09:39:20,S01,Lecture-101,22.68,43.4,1121.0,ok,22.667,0.048,0.12,43.33,0.406,0.18,1120.9,11.053,0.053,0.0,-13.0,1118.0,1143.0,False
2025-03-10 09:39:20,S02,Lab-201,22.47,42.6,777.0,ok,22.523,0.075,-0.573,42.47,0.474,0.273,777.0,8.714,0.003,-0.02,0.0,773.0,798.0,False
2025-03-10 09:39:20,S03,Lab-305,22.97,44.5,986.0,ok,22.927,0.072,0.413,43.943,0.458,1.187,945.667,23.395,1.862,0.04,6.0,955.0,986.0,False
2025-03-10 09:39:20,S04,Library-1F,21.7,39.1,716.0,ok,21.712,0.066,-0.127,39.43,0.404,-0.68,714.667,5.713,0.153,0.11,3.0,709.0,727.0,False
2025-03-10 09:39:20,S05,Canteen,24.5,51.4,889.0,ok,24.476,0.08,0.273,51.07,0.508,0.681,877.733,6.731,1.18,-0.12,-13.0,867.0,889.0,False
2025-03-10 09:39:20,S06,Study-Hall,22.1,39.3,692.0,ok,21.938,0.102,1.707,38.67,0.385,1.313,640.233,31.949,1.685,0.08,31.0,655.0,694.0,False
2025-03-10 09:39:30,S01,Lecture-101,22.64,44.0,1124.0,ok,22.666,0.049,-0.267,43.363,0.419,1.34,1121.6,10.533,0.28,-0.05,-8.0,1118.0,1143.0,False
2025-03-10 09:39:30,S02,Lab-201,22.74,42.6,781.0,ok,22.529,0.085,2.173,42.517,0.409,0.26,776.433,7.807,0.4,-0.02,2.0,773.0,796.0,False
2025-03-10 09:39:30,S03,Lab-305,22.84,43.8,990.0,ok,22.928,0.071,-0.867,43.94,0.459,-0.287,948.133,24.051,1.895,0.02,14.0,955.0,990.0,False
2025-03-10 09:39:30,S04,Library-1F,21.72,39.9,714.0,ok,21.712,0.066,0.08,39.467,0.395,0.94,714.7,5.706,-0.067,0.05,1.0,709.0,727.0,False
2025-03-10 09:39:30,S05,Canteen,24.49,51.5,876.0,ok,24.48,0.078,0.14,51.107,0.498,0.847,877.8,6.703,-0.173,-0.13,-6.0,867.0,889.0,False
2025-03-10 09:39:30,S06,Study-Hall,21.99,39.8,709.0,ok,21.941,0.102,0.511,38.723,0.426,2.26,644.667,31.956,2.152,0.08,27.0,655.0,709.0,False
2025-03-10 09:39:40,S01,Lecture-101,22.85,43.3,1121.0,ok,22.672,0.059,1.843,43.38,0.405,-0.127,1121.933,10.342,-0.057,-0.04,-10.0,1118.0,1143.0,False
2025-03-10 09:39:40,S02,Lab-201,22.67,42.8,777.0,ok,22.533,0.088,1.41,42.54,0.405,0.567,776.567,7.78,0.057,0.13,-2.0,775.0,796.0,False
2025-03-10 09:39:40,S03,Lab-305,22.81,43.3,974.0,ok,22.925,0.074,-1.177,43.893,0.45,-1.28,950.233,23.44,1.075,-0.1,14.0,955.0,990.0,False
2025-03-10 09:39:40,S04,Library-1F,21.61,40.0,727.0,ok,21.712,0.066,-1.02,39.487,0.407,1.067,715.367,5.939,1.23,-0.05,3.0,709.0,727.0,False
2025-03-10 09:39:40,S05,Canteen,24.41,51.4,892.0,ok,24.48,0.078,-0.697,51.147,0.47,0.587,878.567,6.971,1.42,-0.09,7.0,867.0,892.0,False
2025-03-10 09:39:40,S06,Study-Hall,22.12,39.2,699.0,ok,21.954,0.098,1.757,38.76,0.418,0.953,648.667,30.947,1.7,0.06,32.0,655.0,709.0,False
2025-03-10 09:39:50,S01,Lecture-101,22.84,43.5,1115.0,ok,22.676,0.066,1.68,43.41,0.378,0.24,1122.267,9.931,-0.67,0.17,-10.0,1115.0,1143.0,False
2025-03-10 09:39:50,S02,Lab-201,22.48,42.5,782.0,ok,22.53,0.089,-0.527,42.547,0.402,-0.08,776.633,7.819,0.543,0.18,0.0,775.0,796.0,False
2025-03-10 09:39:50,S03,Lab-305,22.81,44.5,984.0,ok,22.923,0.076,-1.15,43.93,0.453,1.213,952.533,23.248,1.441,-0.09,11.0,955.0,990.0,False
2025-03-10 09:39:50,S04,Library-1F,21.77,39.6,716.0,ok,21.714,0.067,0.583,39.5,0.403,0.227,715.6,5.817,0.063,-0.06,0.0,709.0,727.0,False
2025-03-10 09:39:50,S05,Canteen,24.56,51.3,879.0,ok,24.482,0.08,0.803,51.163,0.466,0.307,878.6,6.971,0.043,0.02,-3.0,867.0,892.0,False
2025-03-10 09:39:50,S06,Study-Hall,22.03,39.2,704.0,ok,21.962,0.094,0.76,38.8,0.4,0.88,652.367,30.697,1.788,0.03,35.0,655.0,709.0,False
2025-03-10 09:40:00,S01,Lecture-101,22.66,43.8,1116.0,ok,22.677,0.066,-0.163,43.423,0.385,0.78,1122.767,9.171,-0.627,0.19,-5.0,1115.0,1143.0,False
2025-03-10 09:40:00,S02,Lab-201,22.38,42.8,774.0,ok,22.527,0.093,-1.503,42.573,0.391,0.507,776.767,7.736,-0.263,-0.03,-2.0,774.0,796.0,False
2025-03-10 09:40:00,S03,Lab-305,22.91,43.5,990.0,ok,22.924,0.076,-0.13,43.947,0.426,-0.86,955.033,23.105,1.612,-0.09,10.0,970.0,990.0,False
2025-03-10 09:40:00,S04,Library-1F,21.76,40.0,718.0,ok,21.712,0.064,0.457,39.517,0.414,1.0,715.6,5.817,0.24,-0.04,1.0,709.0,727.0,False
2025-03-10 09:40:00,S05,Canteen,24.53,51.4,888.0,ok,24.486,0.08,0.477,51.17,0.468,0.473,879.033,7.141,0.94,-0.05,6.0,867.0,892.0,False
2025-03-10 09:40:00,S06,Study-Hall,22.23,39.4,703.0,ok,21.973,0.105,2.677,38.823,0.414,1.2,655.967,30.064,1.649,0.12,34.0,655.0,709.0,False
2025-03-10 09:40:10,S01,Lecture-101,22.59,43.1,1131.0,ok,22.672,0.066,-0.873,43.423,0.385,-0.647,1123.5,8.909,0.823,0.01,-5.0,1115.0,1143.0,False
2025-03-10 09:40:10,S02,Lab-201,22.57,42.2,775.0,ok,22.525,0.091,0.43,42.587,0.37,-0.747,776.133,7.021,-0.177,0.01,-4.0,774.0,796.0,False
2025-03-10 09:40:10,S03,Lab-305,22.91,43.7,990.0,ok,22.926,0.074,-0.14,43.96,0.412,-0.493,957.333,23.034,1.513,-0.05,15.0,970.0,990.0,False
2025-03-10 09:40:10,S04,Library-1F,21.71,39.3,724.0,ok,21.713,0.064,-0.023,39.52,0.411,-0.433,716.067,5.913,0.84,-0.04,1.0,709.0,727.0,False
2025-03-10 09:40:10,S05,Canteen,24.5,51.3,886.0,ok,24.489,0.078,0.143,51.22,0.39,0.26,879.733,6.736,0.697,0.07,12.0,867.0,892.0,False
2025-03-10 09:40:10,S06,Study-Hall,22.07,38.9,704.0,ok,21.979,0.105,0.926,38.833,0.412,0.153,659.3,29.644,1.598,0.07,18.0,667.0,709.0,False
2025-03-10 09:40:20,S01,Lecture-101,22.54,43.9,1124.0,ok,22.668,0.07,-1.32,43.45,0.389,0.953,1124.2,8.023,0.05,-0.08,3.0,1115.0,1143.0,False
2025-03-10 09:40:20,S02,Lab-201,22.58,42.8,784.0,ok,22.53,0.089,0.553,42.597,0.372,0.427,776.133,7.021,0.787,0.1,-2.0,774.0,796.0,False
2025-03-10 09:40:20,S03,Lab-305,22.69,44.4,994.0,ok,22.913,0.081,-2.36,43.99,0.41,0.88,959.7,23.032,1.592,-0.06,14.0,970.0,994.0,False
2025-03-10 09:40:20,S04,Library-1F,21.67,39.1,727.0,ok,21.712,0.065,-0.427,39.503,0.418,-0.84,716.733,5.982,1.093,-0.06,8.0,709.0,727.0,False
2025-03-10 09:40:20,S05,Canteen,24.45,51.8,884.0,ok,24.493,0.073,-0.387,51.26,0.386,1.16,880.233,6.463,0.427,0.0,12.0,867.0,892.0,False
2025-03-10 09:40:20,S06,Study-Hall,21.99,39.3,698.0,ok,21.984,0.101,0.108,38.843,0.42,0.933,662.333,28.75,1.305,-0.03,11.0,667.0,709.0,False
2025-03-10 09:40:30,S01,Lecture-101,22.68,43.3,1128.0,ok,22.672,0.068,0.117,43.44,0.389,-0.3,1124.7,7.764,0.38,-0.08,5.0,1115.0,1143.0,False
2025-03-10 09:40:30,S02,Lab-201,22.49,42.7,787.0,ok,22.528,0.089,-0.4,42.61,0.368,0.207,776.467,7.295,1.087,0.1,5.0,774.0,796.0,False
2025-03-10 09:40:30,S03,Lab-305,22.91,44.2,1000.0,ok,22.912,0.081,-0.033,44.003,0.41,0.42,962.733,22.098,1.75,-0.05,8.0,970.0,1000.0,False
2025-03-10 09:40:30,S04,Library-1F,21.75,39.8,716.0,ok,21.715,0.064,0.377,39.533,0.405,0.593,716.633,5.968,-0.073,-0.01,10.0,713.0,727.0,False
2025-03-10 09:40:30,S05,Canteen,24.58,51.5,889.0,ok,24.494,0.074,0.873,51.3,0.342,0.48,880.7,6.577,0.877,0.01,10.0,867.0,892.0,False
2025-03-10 09:40:30,S06,Study-Hall,22.0,38.9,721.0,ok,21.987,0.1,0.155,38.863,0.407,0.113,665.7,29.525,2.041,-0.1,10.0,669.0,721.0,False
2025-03-10 09:40:40,S01,Lecture-101,22.69,44.4,1110.0,ok,22.672,0.068,0.183,43.51,0.365,1.92,1124.667,7.827,-1.47,0.0,3.0,1110.0,1143.0,False
2025-03-10 09:40:40,S02,Lab-201,22.48,42.2,772.0,ok,22.528,0.089,-0.477,42.573,0.351,-0.82,776.4,7.328,-0.447,-0.18,7.0,772.0,796.0,False
2025-03-10 09:40:40,S03,Lab-305,22.84,43.8,994.0,ok,22.908,0.081,-0.72,44.013,0.401,-0.407,965.3,21.05,1.415,0.0,8.0,974.0,1000.0,False
2025-03-10 09:40:40,S04,Library-1F,21.79,39.4,717.0,ok,21.72,0.064,0.747,39.55,0.388,-0.267,717.167,5.187,0.037,0.05,1.0,713.0,727.0,False
2025-03-10 09:40:40,S05,Canteen,24.54,51.9,886.0,ok,24.496,0.074,0.463,51.337,0.346,1.2,881.0,6.607,0.53,0.05,-3.0,867.0,892.0,False
2025-03-10 09:40:40,S06,Study-Hall,22.11,40.2,718.0,ok,21.996,0.099,1.226,38.917,0.471,2.673,669.3,29.08,1.771,-0.1,19.0,669.0,721.0,False
2025-03-10 09:40:50,S01,Lecture-101,22.6,43.8,1108.0,ok,22.67,0.07,-0.72,43.537,0.356,0.58,1124.167,8.396,-1.667,-0.16,-11.0,1108.0,1143.0,False
2025-03-10 09:40:50,S02,Lab-201,22.57,42.3,772.0,ok,22.528,0.089,0.423,42.57,0.353,-0.547,776.333,7.359,-0.44,-0.18,-9.0,772.0,796.0,False
2025-03-10 09:40:50,S03,Lab-305,22.97,44.6,1002.0,ok,22.906,0.079,0.62,44.05,0.402,1.173,967.733,20.928,1.743,0.1,16.0,974.0,1002.0,False
2025-03-10 09:40:50,S04,Library-1F,21.61,39.7,730.0,ok,21.716,0.067,-1.103,39.567,0.384,0.3,717.467,5.655,1.283,0.03,1.0,713.0,730.0,False
2025-03-10 09:40:50,S05,Canteen,24.37,51.7,896.0,ok,24.493,0.077,-1.257,51.357,0.349,0.727,881.833,6.874,1.5,0.05,10.0,867.0,896.0,False
2025-03-10 09:40:50,S06,Study-Hall,22.11,39.6,726.0,ok,22.005,0.096,1.14,38.933,0.487,1.367,672.433,29.973,1.95,0.08,17.0,686.0,726.0,False
2025-03-10 09:41:00,S01,Lecture-101,22.71,43.0,1129.0,ok,22.67,0.07,0.4,43.537,0.356,-1.073,1124.367,8.438,0.483,-0.15,-6.0,1108.0,1143.0,False
2025-03-10 09:41:00,S02,Lab-201,22.44,43.4,777.0,ok,22.522,0.089,-0.88,42.607,0.381,1.66,776.333,7.359,0.067,0.0,-5.0,772.0,796.0,False
2025-03-10 09:41:00,S03,Lab-305,22.98,44.4,1002.0,ok,22.907,0.08,0.737,44.067,0.406,0.7,970.1,20.644,1.637,0.16,18.0,974.0,1002.0,False
2025-03-10 09:41:00,S04,Library-1F,21.74,39.2,720.0,ok,21.717,0.067,0.237,39.557,0.389,-0.733,717.367,5.58,0.253,-0.02,2.0,713.0,730.0,False
2025-03-10 09:41:00,S05,Canteen,24.52,52.6,884.0,ok,24.491,0.075,0.27,51.4,0.416,2.487,882.067,6.823,0.217,-0.01,-2.0,874.0,896.0,False
2025-03-10 09:41:00,S06,Study-Hall,22.05,39.9,723.0,ok,22.006,0.097,0.45,38.967,0.518,1.933,675.533,30.241,1.687,-0.01,20.0,692.0,726.0,False
2025-03-10 09:41:10,S01,Lecture-101,22.76,43.5,1117.0,ok,22.674,0.071,0.9,43.543,0.353,-0.073,1124.267,8.509,-0.737,0.05,1.0,1108.0,1143.0,False
2025-03-10 09:41:10,S02,Lab-201,22.41,42.2,777.0,ok,22.517,0.091,-1.12,42.59,0.387,-0.813,776.633,7.189,0.067,-0.04,2.0,772.0,796.0,False
2025-03-10 09:41:10,S03,Lab-305,22.86,44.3,1003.0,ok,22.904,0.08,-0.47,44.087,0.402,0.467,972.367,20.388,1.594,0.06,12.0,974.0,1003.0,False
2025-03-10 09:41:10,S04,Library-1F,21.73,39.4,712.0,ok,21.718,0.067,0.127,39.56,0.387,-0.313,717.4,5.544,-0.537,-0.03,2.0,712.0,730.0,False
2025-03-10 09:41:10,S05,Canteen,24.67,51.3,887.0,ok,24.496,0.082,1.793,51.413,0.406,-0.2,882.8,6.065,0.493,-0.01,1.0,876.0,896.0,False
2025-03-10 09:41:10,S06,Study-Hall,22.14,38.8,734.0,ok,22.016,0.094,1.337,38.967,0.518,-0.322,679.133,30.568,1.933,0.04,22.0,692.0,734.0,False
2025-03-10 09:41:20,S01,Lecture-101,22.76,43.6,1114.0,ok,22.679,0.072,0.86,43.563,0.338,0.113,1124.0,8.706,-1.027,0.17,-7.0,1108.0,1143.0,False
2025-03-10 09:41:20,S02,Lab-201,22.56,42.1,784.0,ok,22.521,0.09,0.433,42.587,0.391,-0.98,777.067,7.23,0.737,-0.13,2.0,772.0,796.0,False
2025-03-10 09:41:20,S03,Lab-305,22.94,43.9,1001.0,ok,22.906,0.08,0.357,44.09,0.4,-0.373,974.233,20.36,1.404,0.03,12.0,974.0,1003.0,False
2025-03-10 09:41:20,S04,Library-1F,21.75,40.5,727.0,ok,21.719,0.067,0.32,39.593,0.423,1.88,717.867,5.746,0.96,0.03,-4.0,712.0,730.0,False
2025-03-10 09:41:20,S05,Canteen,24.48,51.4,890.0,ok,24.498,0.081,-0.157,51.433,0.389,-0.027,883.3,6.018,0.72,0.02,1.0,876.0,896.0,False
2025-03-10 09:41:20,S06,Study-Hall,21.95,38.9,726.0,ok,22.019,0.091,-0.663,38.987,0.502,-0.129,682.1,30.656,1.533,-0.02,23.0,698.0,734.0,False
2025-03-10 09:41:30,S01,Lecture-101,22.63,44.7,1114.0,ok,22.677,0.072,-0.493,43.603,0.396,2.273,1124.167,8.453,-1.0,0.17,-14.0,1108.0,1143.0,False
2025-03-10 09:41:30,S02,Lab-201,22.6,42.9,783.0,ok,22.517,0.084,0.793,42.6,0.395,0.627,777.333,7.298,0.593,-0.01,-1.0,772.0,796.0,False
2025-03-10 09:41:30,S03,Lab-305,22.92,43.5,1009.0,ok,22.907,0.08,0.14,44.087,0.405,-1.18,976.7,19.921,1.708,0.01,9.0,974.0,1009.0,False
2025-03-10 09:41:30,S04,Library-1F,21.79,39.3,716.0,ok,21.722,0.068,0.713,39.593,0.423,-0.587,717.833,5.754,-0.187,0.04,-8.0,712.0,730.0,False
2025-03-10 09:41:30,S05,Canteen,24.43,51.4,880.0,ok,24.496,0.081,-0.68,51.423,0.386,-0.067,883.233,6.044,-0.33,-0.02,1.0,879.0,896.0,False
2025-03-10 09:41:30,S06,Study-Hall,22.02,39.4,736.0,ok,22.021,0.09,0.01,39.027,0.485,0.823,685.467,30.851,1.758,0.02,30.0,698.0,736.0,False
2025-03-10 09:41:40,S01,Lecture-101,22.53,42.9,1111.0,ok,22.676,0.074,-1.467,43.593,0.41,-1.407,1123.667,8.778,-1.317,-0.05,-10.0,1108.0,1143.0,False
2025-03-10 09:41:40,S02,Lab-201,22.54,42.6,771.0,ok,22.518,0.084,0.23,42.597,0.394,0.0,777.533,7.026,-0.633,0.07,-1.0,771.0,796.0,False
2025-03-10 09:41:40,S03,Lab-305,23.05,44.3,1016.0,ok,22.914,0.083,1.43,44.093,0.407,0.427,979.167,20.057,1.973,0.1,15.0,984.0,1016.0,False
2025-03-10 09:41:40,S04,Library-1F,21.75,38.6,724.0,ok,21.724,0.068,0.277,39.56,0.461,-1.987,718.3,5.664,0.617,0.0,7.0,712.0,730.0,False
2025-03-10 09:41:40,S05,Canteen,24.53,51.9,895.0,ok,24.5,0.081,0.337,51.467,0.362,0.953,883.667,6.408,1.177,-0.06,4.0,879.0,896.0,False
2025-03-10 09:41:40,S06,Study-Hall,21.97,39.1,720.0,ok,22.023,0.088,-0.51,39.047,0.475,0.147,688.2,30.124,1.119,-0.03,8.0,698.0,736.0,False
2025-03-10 09:41:50,S01,Lecture-101,22.7,43.5,1121.0,ok,22.678,0.073,0.243,43.597,0.409,-0.187,1123.0,8.154,-0.267,-0.05,4.0,1108.0,1143.0,False
2025-03-10 09:41:50,S02,Lab-201,22.45,42.6,791.0,ok,22.516,0.085,-0.677,42.603,0.393,0.007,778.5,6.806,1.347,0.05,11.0,771.0,796.0,False
2025-03-10 09:41:50,S03,Lab-305,23.04,43.8,1015.0,ok,22.916,0.085,1.257,44.083,0.41,-0.587,981.9,19.114,1.787,0.13,15.0,990.0,1016.0,False
2025-03-10 09:41:50,S04,Library-1F,21.77,38.8,725.0,ok,21.729,0.066,0.457,39.543,0.479,-1.52,718.4,5.757,0.67,0.02,7.0,712.0,730.0,False
2025-03-10 09:41:50,S05,Canteen,24.7,52.8,898.0,ok,24.511,0.084,2.003,51.52,0.433,2.667,884.533,6.532,1.433,-0.01,6.0,880.0,898.0,False
2025-03-10 09:41:50,S06,Study-Hall,22.22,39.4,723.0,ok,22.03,0.095,1.967,39.07,0.474,0.707,690.933,29.406,1.155,-0.09,2.0,698.0,736.0,False
2025-03-10 09:42:00,S01,Lecture-101,22.76,44.1,1120.0,ok,22.682,0.074,0.817,43.61,0.419,1.007,1122.9,8.172,-0.3,0.01,10.0,1108.0,1143.0,False
2025-03-10 09:42:00,S02,Lab-201,22.54,42.4,772.0,ok,22.514,0.083,0.237,42.58,0.383,-0.407,778.733,6.438,-0.65,0.06,0.0,771.0,796.0,False
2025-03-10 09:42:00,S03,Lab-305,22.88,43.9,1022.0,ok,22.909,0.079,-0.36,44.067,0.407,-0.367,984.033,19.909,2.098,0.07,14.0,990.0,1022.0,False
2025-03-10 09:42:00,S04,Library-1F,21.77,39.5,727.0,ok,21.728,0.064,0.407,39.53,0.474,-0.087,718.8,5.927,0.86,0.03,5.0,712.0,730.0,False
2025-03-10 09:42:00,S06,Study-Hall,22.08,39.4,730.0,ok,22.038,0.089,0.503,39.093,0.473,0.66,694.2,28.045,1.329,-0.03,0.0,698.0,736.0,False
2025-03-10 09:42:10,S01,Lecture-101,22.57,42.6,1122.0,ok,22.68,0.077,-1.123,43.587,0.455,-2.02,1123.0,8.141,-0.09,-0.01,4.0,1108.0,1143.0,False
2025-03-10 09:42:10,S02,Lab-201,22.66,42.4,760.0,ok,22.519,0.087,1.457,42.583,0.381,-0.36,778.467,7.036,-1.873,0.1,-5.0,760.0,796.0,False
2025-03-10 09:42:10,S03,Lab-305,22.93,45.0,1020.0,ok,22.911,0.079,0.21,44.093,0.441,1.867,986.267,20.065,1.807,-0.04,18.0,994.0,1022.0,False
2025-03-10 09:42:10,S04,Library-1F,21.82,39.6,725.0,ok,21.731,0.066,0.923,39.513,0.462,0.14,718.967,6.031,0.62,0.04,5.0,712.0,730.0,False
2025-03-10 09:42:10,S05,Canteen,24.56,51.9,890.0,ok,24.513,0.085,0.49,51.513,0.425,0.76,884.833,6.571,0.547,0.034,7.714,880.0,898.0,False
2025-03-10 09:42:10,S06,Study-Hall,22.21,38.7,738.0,ok,22.047,0.092,1.723,39.103,0.46,-0.787,697.067,27.978,1.562,0.1,4.0,698.0,738.0,False
2025-03-10 09:42:00,S05,Canteen,24.58,52.3,896.0,ok,24.514,0.085,0.69,51.527,0.443,1.56,885.033,6.82,1.147,0.06,10.0,880.0,898.0,False
2025-03-10 09:42:20,S01,Lecture-101,22.7,43.5,1122.0,ok,22.68,0.077,0.203,43.577,0.453,-0.173,1122.9,8.134,-0.1,-0.06,5.0,1108.0,1143.0,False
2025-03-10 09:42:20,S02,Lab-201,22.52,42.3,775.0,ok,22.515,0.084,0.007,42.593,0.369,-0.567,778.433,7.05,-0.347,0.1,-5.0,760.0,796.0,False
2025-03-10 09:42:20,S03,Lab-305,22.78,43.4,1023.0,ok,22.906,0.082,-1.307,44.093,0.441,-1.387,988.4,20.465,1.831,-0.06,20.0,994.0,1023.0,False
2025-03-10 09:42:20,S04,Library-1F,21.9,39.4,722.0,ok,21.74,0.069,1.693,39.517,0.461,-0.227,719.067,6.057,0.303,0.08,5.0,712.0,730.0,False
2025-03-10 09:42:20,S05,Canteen,24.66,52.4,894.0,ok,24.522,0.088,1.45,51.593,0.439,1.66,885.767,6.956,0.863,0.06,7.0,880.0,898.0,False
2025-03-10 09:42:20,S06,Study-Hall,21.95,38.9,739.0,ok,22.045,0.093,-0.967,39.13,0.422,-0.407,699.933,27.711,1.499,0.03,12.0,718.0,739.0,False
2025-03-10 09:42:30,S01,Lecture-101,22.62,43.7,1124.0,ok,22.677,0.077,-0.6,43.593,0.448,0.247,1122.267,7.201,0.11,-0.14,8.0,1108.0,1135.0,False
2025-03-10 09:42:30,S02,Lab-201,22.56,42.3,780.0,ok,22.522,0.079,0.45,42.567,0.359,-0.587,778.6,7.025,0.157,0.0,-8.0,760.0,796.0,False
2025-03-10 09:42:30,S03,Lab-305,22.85,43.7,1027.0,ok,22.903,0.082,-0.563,44.1,0.433,-0.787,990.733,20.75,1.886,-0.07,20.0,994.0,1027.0,False
2025-03-10 09:42:30,S04,Library-1F,21.83,38.9,723.0,ok,21.743,0.071,0.9,39.463,0.435,-1.233,718.933,5.919,0.393,0.08,7.0,712.0,730.0,False
2025-03-10 09:42:30,S05,Canteen,24.66,51.3,894.0,filled,24.529,0.091,1.377,51.6,0.432,-0.587,886.067,7.114,0.823,0.18,7.0,880.0,898.0,False
2025-03-10 09:42:30,S06,Study-Hall,22.12,38.8,754.0,ok,22.051,0.092,0.753,39.137,0.415,-0.66,702.8,28.724,1.951,0.1,5.0,718.0,754.0,False
2025-03-10 09:42:40,S01,Lecture-101,22.8,43.3,1122.0,ok,22.678,0.079,1.233,43.59,0.45,-0.587,1122.2,7.194,-0.027,0.07,8.0,1108.0,1135.0,False
2025-03-10 09:42:40,S02,Lab-201,22.52,42.6,776.0,ok,22.522,0.079,-0.017,42.56,0.357,0.067,778.7,6.964,-0.26,-0.04,-7.0,760.0,796.0,False
2025-03-10 09:42:40,S03,Lab-305,22.9,43.3,1034.0,ok,22.901,0.082,-0.03,44.06,0.45,-1.6,993.367,21.069,2.085,-0.09,18.0,1001.0,1034.0,False
2025-03-10 09:42:40,S04,Library-1F,21.63,39.0,728.0,ok,21.739,0.074,-1.13,39.447,0.443,-0.927,719.233,6.146,0.907,0.08,-1.0,712.0,730.0,False
2025-03-10 09:42:40,S05,Canteen,24.7,51.5,893.0,ok,24.539,0.093,1.71,51.6,0.432,-0.2,886.467,7.157,0.693,0.18,4.0,880.0,898.0,False
2025-03-10 09:42:40,S06,Study-Hall,22.21,39.3,744.0,ok,22.057,0.096,1.593,39.15,0.413,0.327,705.567,28.556,1.434,0.15,18.0,720.0,754.0,False
2025-03-10 09:42:50,S01,Lecture-101,22.69,44.0,1130.0,ok,22.678,0.079,0.123,43.613,0.452,0.82,1122.3,7.283,0.78,0.06,10.0,1111.0,1135.0,False
2025-03-10 09:42:50,S02,Lab-201,22.43,42.2,781.0,ok,22.519,0.081,-0.92,42.577,0.326,-0.72,778.733,6.973,0.23,-0.02,-3.0,760.0,796.0,False
2025-03-10 09:42:50,S03,Lab-305,22.9,44.5,1042.0,ok,22.907,0.076,-0.013,44.077,0.457,0.88,996.1,21.894,2.308,-0.14,19.0,1001.0,1042.0,False
2025-03-10 09:42:50,S04,Library-1F,21.84,38.0,724.0,ok,21.743,0.076,1.01,39.407,0.515,-2.893,719.7,5.949,0.477,0.06,0.0,712.0,730.0,False
2025-03-10 09:42:50,S05,Canteen,24.74,52.4,900.0,ok,24.548,0.099,2.013,51.637,0.452,1.6,886.967,7.563,1.353,0.17,-1.0,880.0,900.0,False
2025-03-10 09:42:50,S06,Study-Hall,22.31,40.1,746.0,ok,22.07,0.103,2.53,39.187,0.447,1.9,708.5,28.016,1.416,0.19,23.0,720.0,754.0,False
2025-03-10 09:43:00,S01,Lecture-101,22.61,43.4,1126.0,ok,22.678,0.079,-0.683,43.593,0.448,-0.427,1122.033,6.98,0.37,-0.01,6.0,1111.0,1135.0,False
2025-03-10 09:43:00,S02,Lab-201,22.4,42.7,776.0,ok,22.517,0.083,-1.193,42.573,0.324,0.247,778.233,6.59,-0.273,-0.11,4.0,760.0,796.0,False
2025-03-10 09:43:00,S03,Lab-305,22.79,43.1,1048.0,ok,22.902,0.079,-1.167,44.027,0.479,-1.953,999.2,22.451,2.371,-0.14,26.0,1001.0,1048.0,False
2025-03-10 09:43:00,S04,Library-1F,21.72,39.9,718.0,ok,21.748,0.071,-0.233,39.43,0.521,0.959,719.967,5.672,-0.17,-0.05,-1.0,712.0,730.0,False
2025-03-10 09:43:00,S05,Canteen,24.65,52.3,890.0,ok,24.555,0.098,1.02,51.667,0.466,1.327,887.0,7.575,0.303,0.12,-3.0,880.0,900.0,False
2025-03-10 09:43:00,S06,Study-Hall,22.25,39.3,760.0,ok,22.081,0.104,1.747,39.21,0.433,0.227,711.8,28.058,1.838,0.17,23.0,720.0,760.0,False
2025-03-10 09:43:10,S01,Lecture-101,22.84,43.4,1139.0,ok,22.683,0.084,1.623,43.593,0.448,-0.387,1122.167,7.269,1.697,-0.01,9.0,1111.0,1139.0,False
2025-03-10 09:43:10,S02,Lab-201,22.43,42.1,776.0,ok,22.515,0.084,-0.873,42.547,0.329,-0.947,778.267,6.575,-0.223,-0.11,4.0,760.0,796.0,False
2025-03-10 09:43:10,S03,Lab-305,22.84,44.2,1052.0,ok,22.899,0.08,-0.62,44.043,0.476,0.347,1001.933,23.728,2.352,-0.09,28.0,1001.0,1052.0,False
2025-03-10 09:43:10,S04,Library-1F,21.82,39.7,725.0,ok,21.753,0.07,0.723,39.433,0.522,0.519,720.333,5.628,0.503,0.05,-1.0,716.0,730.0,False
2025-03-10 09:43:10,S05,Canteen,24.69,51.5,895.0,ok,24.558,0.1,1.347,51.683,0.45,-0.333,887.433,7.65,0.8,0.11,-1.0,880.0,900.0,False
2025-03-10 09:43:10,S06,Study-Hall,22.12,40.2,758.0,ok,22.084,0.104,0.374,39.23,0.465,1.98,715.233,27.156,1.647,0.04,28.0,720.0,760.0,False
2025-03-10 09:43:20,S01,Lecture-101,22.69,44.0,1130.0,ok,22.682,0.084,0.067,43.6,0.453,0.813,1122.133,7.229,0.783,-0.01,8.0,1111.0,1139.0,False
2025-03-10 09:43:20,S02,Lab-201,22.48,43.1,764.0,ok,22.513,0.084,-0.353,42.537,0.306,1.107,777.833,7.071,-1.427,-0.11,4.0,760.0,796.0,False
2025-03-10 09:43:20,S03,Lab-305,22.99,43.3,1046.0,ok,22.901,0.081,0.907,44.007,0.49,-1.487,1004.4,24.347,1.857,-0.04,26.0,1009.0,1052.0,False
2025-03-10 09:43:20,S04,Library-1F,21.75,39.7,731.0,filled,21.756,0.068,-0.027,39.427,0.517,0.511,720.933,5.777,1.067,-0.07,0.0,716.0,731.0,False
2025-03-10 09:43:20,S05,Canteen,24.7,51.9,891.0,ok,24.558,0.101,1.42,51.697,0.45,0.433,887.567,7.677,0.357,0.11,-3.0,880.0,900.0,False
2025-03-10 09:43:20,S06,Study-Hall,22.12,39.6,752.0,ok,22.087,0.104,0.343,39.253,0.465,0.74,718.067,26.373,1.354,0.04,20.0,720.0,760.0,False
2025-03-10 09:43:30,S01,Lecture-101,22.75,44.1,1139.0,ok,22.683,0.085,0.677,43.623,0.46,1.0,1122.4,7.7,1.687,0.13,17.0,1111.0,1139.0,False
2025-03-10 09:43:30,S02,Lab-201,22.43,42.5,768.0,ok,22.511,0.086,-0.833,42.533,0.306,-0.073,777.4,7.266,-0.983,-0.13,-7.0,760.0,796.0,False
2025-03-10 09:43:30,S03,Lab-305,23.1,44.2,1055.0,ok,22.905,0.088,1.99,44.013,0.491,0.387,1007.133,25.286,2.078,0.14,29.0,1015.0,1055.0,False
2025-03-10 09:43:30,S04,Library-1F,21.81,39.8,735.0,ok,21.757,0.069,0.543,39.447,0.52,0.722,721.8,5.875,1.407,-0.02,8.0,718.0,735.0,False
2025-03-10 09:43:30,S05,Canteen,24.43,51.8,905.0,ok,24.557,0.103,-1.269,51.707,0.449,0.207,888.433,8.131,1.743,0.03,1.0,890.0,905.0,False
2025-03-10 09:43:30,S06,Study-Hall,22.16,39.0,760.0,ok,22.096,0.097,0.703,39.243,0.467,-0.507,721.167,25.618,1.59,0.0,19.0,720.0,760.0,False
2025-03-10 09:43:40,S01,Lecture-101,22.59,43.1,1128.0,ok,22.68,0.086,-0.93,43.597,0.466,-1.047,1122.267,7.561,0.56,-0.01,8.0,1120.0,1139.0,False
2025-03-10 09:43:40,S03,Lab-305,22.88,44.3,1065.0,ok,22.904,0.088,-0.25,44.007,0.486,0.573,1010.3,26.399,2.289,0.14,28.0,1015.0,1065.0,False
2025-03-10 09:43:40,S04,Library-1F,21.82,39.9,724.0,ok,21.759,0.07,0.633,39.477,0.519,0.872,722.067,5.783,0.22,-0.02,8.0,718.0,735.0,False
2025-03-10 09:43:40,S05,Canteen,24.72,51.9,910.0,ok,24.562,0.107,1.588,51.73,0.44,0.387,889.367,8.935,2.157,0.04,11.0,890.0,910.0,False
2025-03-10 09:43:40,S06,Study-Hall,22.09,39.9,752.0,ok,22.096,0.097,-0.063,39.29,0.46,1.313,723.933,24.234,1.204,0.0,8.0,723.0,760.0,False
2025-03-10 09:43:50,S01,Lecture-101,22.72,43.2,1125.0,ok,22.683,0.086,0.397,43.563,0.457,-0.793,1122.4,7.573,0.273,0.03,4.0,1120.0,1139.0,False
2025-03-10 09:43:50,S02,Lab-201,22.49,42.1,771.0,ok,22.509,0.085,-0.213,42.53,0.31,-0.867,777.133,7.352,-0.64,-0.034,-6.857,760.0,796.0,False
2025-03-10 09:43:50,S03,Lab-305,22.94,44.0,1065.0,filled,22.906,0.088,0.357,43.993,0.48,-0.013,1013.333,27.297,2.072,0.04,31.0,1020.0,1065.0,False
2025-03-10 09:43:50,S04,Library-1F,21.56,40.4,724.0,ok,21.751,0.078,-1.99,39.513,0.544,1.779,722.3,5.712,0.193,-0.02,0.0,718.0,735.0,False
2025-03-10 09:43:50,S05,Canteen,24.47,51.6,899.0,ok,24.563,0.105,-0.858,51.747,0.424,-0.26,889.9,9.019,0.963,-0.23,11.0,890.0,910.0,False
2025-03-10 09:43:50,S06,Study-Hall,22.15,40.2,775.0,ok,22.101,0.096,0.537,39.333,0.483,1.82,727.467,23.67,2.107,-0.06,14.0,730.0,775.0,False
2025-03-10 09:43:40,S02,Lab-201,22.55,42.7,770.0,ok,22.511,0.086,0.387,42.55,0.3,0.333,777.1,7.383,-0.74,-0.04,-8.0,760.0,796.0,False
2025-03-10 09:44:00,S01,Lecture-101,22.54,44.1,1122.0,ok,22.68,0.089,-1.427,43.593,0.462,1.073,1122.533,7.528,-0.04,-0.1,-1.0,1122.0,1139.0,False
2025-03-10 09:44:00,S02,Lab-201,22.39,43.1,772.0,ok,22.508,0.088,-1.22,42.543,0.324,1.133,776.133,6.585,-0.427,0.06,-5.0,760.0,791.0,False
2025-03-10 09:44:00,S03,Lab-305,22.94,44.2,1065.0,ok,22.904,0.087,0.34,44.007,0.48,0.413,1016.333,27.878,1.893,0.04,23.0,1020.0,1065.0,False
2025-03-10 09:44:00,S04,Library-1F,21.73,39.7,720.0,ok,21.746,0.075,-0.21,39.52,0.545,0.343,722.267,5.723,-0.23,0.01,0.0,718.0,735.0,False
2025-03-10 09:44:00,S05,Canteen,24.6,52.8,895.0,ok,24.563,0.105,0.351,51.79,0.463,2.107,890.833,7.953,0.51,-0.1,6.0,890.0,910.0,False
2025-03-10 09:44:00,S06,Study-Hall,22.22,38.8,766.0,ok,22.109,0.095,1.187,39.333,0.483,-1.067,730.133,23.341,1.628,-0.1,20.0,738.0,775.0,False
2025-03-10 09:44:10,S01,Lecture-101,22.7,42.3,1119.0,ok,22.681,0.089,0.197,43.55,0.519,-2.587,1122.4,7.555,-0.353,0.01,-8.0,1119.0,1139.0,False
2025-03-10 09:44:10,S02,Lab-201,22.54,42.5,777.0,ok,22.512,0.086,0.32,42.543,0.324,-0.087,776.067,6.565,0.087,0.06,-4.0,764.0,791.0,False
2025-03-10 09:44:10,S03,Lab-305,23.03,43.6,1080.0,ok,22.907,0.089,1.257,43.973,0.472,-0.813,1019.8,29.128,2.284,0.1,17.0,1023.0,1080.0,False
2025-03-10 09:44:10,S04,Library-1F,21.73,39.9,725.0,ok,21.745,0.075,-0.163,39.503,0.525,0.697,722.667,5.467,0.273,-0.09,0.0,718.0,735.0,False
2025-03-10 09:44:10,S05,Canteen,24.71,52.0,891.0,ok,24.571,0.107,1.4,51.807,0.461,0.42,891.4,7.29,0.017,-0.09,0.0,890.0,910.0,False
2025-03-10 09:44:10,S06,Study-Hall,22.25,39.8,772.0,ok,22.111,0.098,1.407,39.377,0.464,0.933,732.733,23.521,1.794,-0.03,14.0,739.0,775.0,False
2025-03-10 09:44:20,S01,Lecture-101,22.56,43.8,1126.0,ok,22.677,0.092,-1.213,43.563,0.52,0.482,1122.567,7.578,0.36,-0.13,-8.0,1119.0,1139.0,False
2025-03-10 09:44:20,S02,Lab-201,22.58,41.9,768.0,ok,22.516,0.087,0.677,42.52,0.345,-1.287,775.767,6.725,-0.807,0.11,-4.0,764.0,791.0,False
2025-03-10 09:44:20,S03,Lab-305,22.74,44.6,1063.0,ok,22.899,0.093,-1.667,43.977,0.476,1.253,1022.367,29.438,1.483,0.1,17.0,1027.0,1080.0,False
2025-03-10 09:44:20,S04,Library-1F,21.67,39.9,718.0,ok,21.744,0.076,-0.75,39.53,0.524,0.756,722.733,5.394,-0.467,-0.02,-5.0,718.0,735.0,False
2025-03-10 09:44:20,S05,Canteen,24.61,52.9,894.0,ok,24.575,0.106,0.366,51.857,0.495,2.187,891.567,7.29,0.26,-0.08,3.0,890.0,910.0,False
2025-03-10 09:44:20,S06,Study-Hall,22.05,40.5,781.0,ok,22.11,0.098,-0.613,39.417,0.507,2.247,735.7,23.817,2.052,0.1,14.0,744.0,781.0,False
2025-03-10 09:44:30,S01,Lecture-101,22.81,43.3,1122.0,ok,22.683,0.095,1.327,43.54,0.516,-0.506,1122.5,7.574,-0.057,-0.05,-17.0,1119.0,1139.0,False
2025-03-10 09:44:30,S02,Lab-201,22.42,42.8,770.0,ok,22.505,0.078,-0.96,42.527,0.348,0.56,775.4,6.729,-0.577,0.11,2.0,764.0,791.0,False
2025-03-10 09:44:30,S03,Lab-305,22.95,44.1,1070.0,ok,22.903,0.093,0.51,43.987,0.475,0.247,1025.033,30.022,1.618,-0.04,18.0,1034.0,1080.0,False
2025-03-10 09:44:30,S04,Library-1F,21.72,40.4,719.0,ok,21.744,0.076,-0.24,39.547,0.544,1.66,722.9,5.189,-0.373,-0.09,-12.0,718.0,735.0,False
2025-03-10 09:44:30,S05,Canteen,24.66,52.0,894.0,ok,24.58,0.106,0.805,51.873,0.491,0.287,892.167,6.68,0.243,-0.03,-1.0,890.0,910.0,False
2025-03-10 09:44:30,S06,Study-Hall,22.05,39.1,769.0,ok,22.112,0.096,-0.597,39.393,0.504,-0.625,737.7,24.016,1.398,-0.07,14.0,744.0,781.0,False
2025-03-10 09:44:40,S01,Lecture-101,22.71,43.5,1120.0,ok,22.678,0.09,0.27,43.547,0.514,-0.078,1122.467,7.583,-0.25,0.02,-8.0,1119.0,1139.0,False
2025-03-10 09:44:40,S02,Lab-201,22.59,42.9,764.0,ok,22.503,0.073,0.847,42.53,0.351,0.747,774.967,7.034,-1.14,0.1,0.0,764.0,791.0,False
2025-03-10 09:44:40,S03,Lab-305,23.05,44.3,1081.0,ok,22.911,0.095,1.473,44.02,0.46,0.627,1028.6,30.106,1.864,-0.04,15.0,1042.0,1081.0,False
2025-03-10 09:44:40,S04,Library-1F,21.86,39.9,718.0,ok,21.752,0.074,1.16,39.543,0.541,0.65,722.6,5.203,-0.49,-0.09,-13.0,718.0,735.0,False
2025-03-10 09:44:40,S05,Canteen,24.71,52.2,894.0,ok,24.59,0.103,1.224,51.9,0.486,0.653,892.233,6.689,0.183,-0.04,-11.0,890.0,910.0,False
2025-03-10 09:44:40,S06,Study-Hall,22.28,40.1,790.0,ok,22.117,0.101,1.683,39.423,0.519,1.401,740.733,24.697,2.178,-0.07,29.0,746.0,790.0,False
2025-03-10 09:44:50,S01,Lecture-101,22.66,43.8,1119.0,ok,22.672,0.084,-0.183,43.557,0.516,0.493,1122.6,7.481,-0.347,-0.01,-8.0,1119.0,1139.0,False
2025-03-10 09:44:50,S02,Lab-201,22.71,42.8,752.0,ok,22.51,0.082,2.073,42.54,0.355,0.54,773.967,8.058,-2.297,0.1,-6.0,752.0,791.0,False
2025-03-10 09:44:50,S03,Lab-305,22.77,44.0,1092.0,ok,22.909,0.097,-1.407,44.003,0.451,-0.04,1032.2,31.032,2.106,0.01,16.0,1046.0,1092.0,False
2025-03-10 09:44:50,S04,Library-1F,21.78,39.8,712.0,ok,21.753,0.074,0.277,39.55,0.543,0.474,722.467,5.425,-1.06,-0.03,-6.0,712.0,735.0,False
2025-03-10 09:44:50,S05,Canteen,24.56,52.5,896.0,ok,24.59,0.103,-0.293,51.94,0.485,1.2,892.8,6.233,0.377,0.19,-11.0,890.0,910.0,False
2025-03-10 09:44:50,S06,Study-Hall,22.37,40.3,784.0,ok,22.128,0.11,2.504,39.46,0.541,1.689,743.4,24.912,1.752,0.13,24.0,752.0,790.0,False
2025-03-10 09:45:00,S02,Lab-201,22.42,42.3,760.0,ok,22.512,0.08,-0.903,42.523,0.354,-0.48,773.5,8.452,-1.397,0.1,-11.0,752.0,791.0,False
2025-03-10 09:45:00,S03,Lab-305,22.93,44.5,1089.0,ok,22.91,0.097,0.207,44.037,0.45,0.993,1035.5,31.648,1.83,-0.01,24.0,1046.0,1092.0,False
2025-03-10 09:45:00,S04,Library-1F,21.78,39.3,716.0,ok,21.753,0.074,0.273,39.527,0.538,-0.46,722.4,5.494,-0.647,0.05,-8.0,712.0,735.0,False
2025-03-10 09:45:00,S05,Canteen,24.6,52.3,909.0,ok,24.593,0.103,0.093,51.97,0.478,0.72,893.5,6.827,1.62,0.0,-3.0,891.0,910.0,False
2025-03-10 09:45:00,S06,Study-Hall,22.08,40.1,775.0,ok,22.123,0.108,-0.441,39.483,0.553,1.183,745.8,24.347,1.268,0.13,18.0,752.0,790.0,False
2025-03-10 09:45:10,S01,Lecture-101,22.79,43.5,1122.0,ok,22.677,0.087,1.177,43.547,0.514,-0.11,1122.8,7.378,-0.06,0.103,-4.286,1119.0,1139.0,False
2025-03-10 09:45:10,S02,Lab-201,22.64,42.3,763.0,ok,22.514,0.083,1.283,42.527,0.351,-0.447,773.1,8.66,-1.05,0.15,-12.0,752.0,791.0,False
2025-03-10 09:45:10,S03,Lab-305,23.06,43.5,1100.0,ok,22.915,0.101,1.5,44.03,0.456,-1.073,1039.167,32.553,2.038,-0.01,27.0,1046.0,1100.0,False
2025-03-10 09:45:10,S04,Library-1F,21.62,40.5,714.0,ok,21.75,0.078,-1.333,39.567,0.565,1.809,722.067,5.693,-0.84,0.05,-10.0,712.0,735.0,False
2025-03-10 09:45:10,S05,Canteen,24.63,52.3,896.0,filled,24.597,0.101,0.363,52.003,0.464,0.66,893.833,6.691,0.25,0.0,1.0,891.0,910.0,False
2025-03-10 09:45:10,S06,Study-Hall,22.27,39.5,777.0,ok,22.13,0.111,1.355,39.503,0.542,0.03,748.233,23.664,1.281,0.05,5.0,752.0,790.0,False
2025-03-10 09:45:20,S01,Lecture-101,22.64,44.1,1123.0,ok,22.678,0.086,-0.367,43.58,0.516,1.077,1122.533,7.215,0.02,-0.034,0.0,1119.0,1139.0,False
2025-03-10 09:45:20,S02,Lab-201,22.63,42.3,776.0,ok,22.516,0.085,1.16,42.51,0.35,-0.453,772.833,8.433,0.29,0.09,-9.0,752.0,791.0,False
2025-03-10 09:45:20,S03,Lab-305,22.98,44.0,1095.0,ok,22.925,0.092,0.645,44.017,0.451,-0.06,1042.533,32.942,1.715,0.04,30.0,1055.0,1100.0,False
2025-03-10 09:45:20,S04,Library-1F,21.77,39.6,720.0,ok,21.754,0.076,0.197,39.583,0.558,0.059,721.833,5.627,-0.207,0.04,-4.0,712.0,735.0,False
2025-03-10 09:45:20,S05,Canteen,24.6,51.9,885.0,ok,24.602,0.098,0.03,52.007,0.463,-0.207,893.867,6.642,-0.883,-0.01,2.0,885.0,910.0,False
2025-03-10 09:45:20,S06,Study-Hall,22.28,40.5,786.0,ok,22.14,0.111,1.352,39.543,0.57,1.838,751.167,22.655,1.596,0.05,5.0,752.0,790.0,False
2025-03-10 09:45:30,S01,Lecture-101,22.67,43.4,1118.0,ok,22.683,0.082,-0.083,43.563,0.514,-0.349,1122.333,7.256,-0.453,0.094,0.0,1118.0,1139.0,False
2025-03-10 09:45:30,S02,Lab-201,22.49,42.5,781.0,ok,22.516,0.085,-0.257,42.503,0.348,-0.02,772.633,8.152,0.817,0.09,6.0,752.0,791.0,False
2025-03-10 09:45:30,S03,Lab-305,23.07,43.4,1096.0,ok,22.93,0.096,1.453,43.99,0.463,-1.233,1045.733,33.328,1.623,0.11,26.0,1063.0,1100.0,False
2025-03-10 09:45:30,S04,Library-1F,21.69,39.7,726.0,ok,21.752,0.077,-0.637,39.58,0.557,0.209,722.167,5.565,0.417,-0.03,1.0,712.0,735.0,False
2025-03-10 09:45:30,S05,Canteen,24.71,52.2,886.0,ok,24.606,0.099,1.08,52.03,0.454,0.387,893.767,6.74,-0.787,-0.03,-8.0,885.0,910.0,False
2025-03-10 09:45:30,S06,Study-Hall,22.14,40.2,786.0,ok,22.144,0.108,0.003,39.587,0.569,1.151,753.333,22.778,1.538,0.22,14.0,752.0,790.0,False
2025-03-10 09:45:00,S01,Lecture-101,22.66,43.2,1125.0,ok,22.672,0.084,-0.123,43.537,0.518,-0.692,1122.9,7.388,0.24,0.07,-5.0,1119.0,1139.0,False
2025-03-10 09:45:40,S01,Lecture-101,22.72,43.7,1125.0,ok,22.683,0.082,0.38,43.537,0.492,0.271,1122.733,6.828,0.277,-0.04,1.0,1118.0,1139.0,False
2025-03-10 09:45:40,S02,Lab-201,22.59,43.1,783.0,ok,22.519,0.086,0.743,42.533,0.359,1.193,773.0,8.367,1.037,0.01,13.0,752.0,791.0,False
2025-03-10 09:45:40,S03,Lab-305,22.9,44.4,1098.0,ok,22.932,0.094,-0.3,44.01,0.468,0.82,1049.2,33.17,1.568,0.03,26.0,1063.0,1100.0,False
2025-03-10 09:45:40,S04,Library-1F,21.89,39.5,707.0,ok,21.755,0.081,1.383,39.583,0.556,-0.144,721.833,6.154,-1.517,0.05,2.0,707.0,735.0,False
2025-03-10 09:45:40,S05,Canteen,24.67,51.7,900.0,ok,24.611,0.099,0.637,52.023,0.458,-0.66,894.233,6.668,0.623,0.01,-8.0,885.0,910.0,False
2025-03-10 09:45:40,S06,Study-Hall,22.21,39.3,791.0,ok,22.148,0.108,0.609,39.557,0.559,-0.504,755.767,22.773,1.654,0.16,5.0,766.0,791.0,False
2025-03-10 09:45:50,S01,Lecture-101,22.72,43.7,1125.0,ok,22.687,0.081,0.37,43.533,0.49,0.327,1123.3,6.243,0.227,0.01,5.0,1118.0,1139.0,False
2025-03-10 09:45:50,S02,Lab-201,22.6,43.3,783.0,ok,22.52,0.086,0.807,42.567,0.383,1.533,773.367,8.56,1.0,0.0,19.0,752.0,791.0,False
2025-03-10 09:45:50,S03,Lab-305,22.98,44.5,1097.0,ok,22.932,0.094,0.48,44.007,0.464,0.98,1052.367,33.043,1.441,0.03,16.0,1063.0,1100.0,False
2025-03-10 09:45:50,S04,Library-1F,21.76,39.4,719.0,ok,21.76,0.076,0.05,39.573,0.556,-0.33,721.467,5.975,-0.283,-0.02,1.0,707.0,735.0,False
2025-03-10 09:45:50,S05,Canteen,24.71,52.5,905.0,ok,24.622,0.09,0.993,52.05,0.461,0.953,894.533,6.947,1.077,0.05,6.0,885.0,910.0,False
2025-03-10 09:45:50,S06,Study-Hall,22.21,40.6,794.0,ok,22.151,0.109,0.576,39.59,0.591,1.865,758.033,23.09,1.679,-0.07,7.0,766.0,794.0,False
2025-03-10 09:46:00,S01,Lecture-101,22.67,43.5,1114.0,ok,22.686,0.081,-0.17,43.55,0.48,-0.067,1122.8,6.37,-0.93,0.06,5.0,1114.0,1139.0,False
2025-03-10 09:46:00,S02,Lab-201,22.72,42.2,782.0,ok,22.53,0.092,1.997,42.527,0.354,-0.733,773.533,8.681,0.863,0.01,23.0,752.0,791.0,False
2025-03-10 09:46:00,S03,Lab-305,22.84,43.9,1100.0,ok,22.928,0.096,-0.923,43.99,0.458,-0.213,1055.633,32.735,1.442,-0.03,9.0,1063.0,1100.0,False
2025-03-10 09:46:00,S04,Library-1F,21.77,39.2,726.0,ok,21.761,0.076,0.1,39.573,0.556,-0.671,721.667,6.025,0.453,-0.01,3.0,707.0,735.0,False
2025-03-10 09:46:00,S05,Canteen,24.59,52.3,905.0,ok,24.624,0.088,-0.32,52.04,0.452,0.5,895.233,6.907,1.047,0.07,9.0,885.0,910.0,False
2025-03-10 09:46:00,S06,Study-Hall,22.17,39.7,798.0,ok,22.155,0.107,0.175,39.583,0.588,0.186,760.533,23.226,1.731,-0.07,10.0,769.0,798.0,False
2025-03-10 09:46:10,S01,Lecture-101,22.72,44.1,1126.0,ok,22.684,0.08,0.343,43.57,0.49,1.1,1123.1,6.299,0.32,0.06,3.0,1114.0,1139.0,False
2025-03-10 09:46:10,S02,Lab-201,22.48,42.1,776.0,ok,22.532,0.09,-0.497,42.523,0.358,-0.853,773.5,8.669,0.247,-0.04,22.0,752.0,791.0,False
2025-03-10 09:46:10,S03,Lab-305,23.0,44.1,1102.0,ok,22.932,0.096,0.723,43.983,0.455,0.22,1058.933,32.232,1.416,0.05,8.0,1063.0,1102.0,False
2025-03-10 09:46:10,S04,Library-1F,21.78,40.1,726.0,ok,21.763,0.076,0.19,39.597,0.564,0.947,722.133,5.788,0.433,-0.01,12.0,707.0,735.0,False
2025-03-10 09:46:10,S05,Canteen,24.63,52.2,894.0,ok,24.623,0.088,0.057,52.07,0.431,0.32,895.467,6.735,-0.123,0.03,9.0,885.0,910.0,False
2025-03-10 09:46:10,S06,Study-Hall,22.35,40.6,789.0,ok,22.162,0.113,1.823,39.643,0.598,1.728,762.367,23.23,1.226,-0.06,17.0,769.0,798.0,False
2025-03-10 09:46:20,S01,Lecture-101,22.87,43.5,1125.0,ok,22.688,0.086,1.857,43.567,0.49,-0.14,1123.467,6.067,0.19,0.06,2.0,1114.0,1139.0,False
2025-03-10 09:46:20,S02,Lab-201,22.55,42.9,774.0,ok,22.532,0.09,0.18,42.55,0.355,0.753,773.167,8.441,0.05,-0.08,13.0,752.0,791.0,False
2025-03-10 09:46:20,S03,Lab-305,22.92,44.0,1103.0,ok,22.932,0.096,-0.123,43.987,0.455,0.033,1062.333,31.276,1.367,-0.06,7.0,1070.0,1103.0,False
2025-03-10 09:46:20,S04,Library-1F,21.8,38.8,724.0,ok,21.764,0.076,0.373,39.54,0.555,-1.414,722.033,5.726,0.187,0.01,10.0,707.0,735.0,False
2025-03-10 09:46:20,S05,Canteen,24.73,52.1,897.0,ok,24.631,0.085,1.07,52.093,0.412,0.06,895.7,6.66,0.153,0.03,1.0,885.0,910.0,False
2025-03-10 09:46:20,S06,Study-Hall,22.31,39.8,792.0,ok,22.174,0.108,1.314,39.673,0.581,0.262,764.567,22.788,1.276,0.04,15.0,769.0,798.0,False
2025-03-10 09:46:30,S01,Lecture-101,22.56,44.2,1126.0,ok,22.686,0.088,-1.28,43.55,0.458,1.267,1123.867,5.812,0.253,0.05,4.0,1114.0,1139.0,False
2025-03-10 09:46:30,S02,Lab-201,22.53,42.2,773.0,ok,22.529,0.089,-0.017,42.527,0.354,-0.7,772.833,8.234,-0.017,-0.1,-2.0,752.0,791.0,False
2025-03-10 09:46:30,S03,Lab-305,23.02,44.5,1107.0,ok,22.935,0.097,0.883,44.02,0.454,1.027,1065.6,30.624,1.428,-0.06,7.0,1081.0,1107.0,False
2025-03-10 09:46:30,S04,Library-1F,21.72,39.7,728.0,ok,21.762,0.077,-0.443,39.553,0.554,0.288,722.433,5.71,0.597,0.09,6.0,707.0,735.0,False
2025-03-10 09:46:30,S05,Canteen,24.64,53.2,908.0,ok,24.638,0.076,0.087,52.153,0.438,2.213,896.633,6.338,1.23,0.01,11.0,885.0,910.0,False
2025-03-10 09:46:30,S06,Study-Hall,22.16,39.0,783.0,ok,22.179,0.104,-0.129,39.66,0.592,-1.158,766.133,22.368,0.809,0.04,3.0,775.0,798.0,False
2025-03-10 09:46:40,S01,Lecture-101,22.61,43.2,1119.0,ok,22.688,0.085,-0.757,43.56,0.446,-0.7,1124.133,5.367,-0.487,-0.06,2.0,1114.0,1139.0,False
2025-03-10 09:46:40,S02,Lab-201,22.53,43.0,771.0,filled,22.529,0.089,0.007,42.54,0.364,0.947,772.833,8.234,-0.183,-0.06,-8.0,752.0,791.0,False
2025-03-10 09:46:40,S03,Lab-305,22.83,43.5,1103.0,ok,22.928,0.096,-1.05,43.993,0.461,-1.04,1068.5,29.875,1.221,-0.06,7.0,1089.0,1107.0,False
2025-03-10 09:46:40,S04,Library-1F,21.63,39.4,724.0,ok,21.758,0.08,-1.32,39.58,0.525,-0.277,722.433,5.71,0.157,-0.05,4.0,707.0,735.0,False
2025-03-10 09:46:40,S05,Canteen,24.77,52.4,895.0,ok,24.646,0.077,1.317,52.17,0.437,0.493,896.633,6.338,-0.163,0.06,11.0,885.0,910.0,False
2025-03-10 09:46:40,S06,Study-Hall,22.28,40.4,791.0,ok,22.189,0.098,0.97,39.703,0.597,1.249,768.5,21.035,1.112,0.07,5.0,775.0,798.0,False
2025-03-10 09:46:50,S01,Lecture-101,22.76,43.9,1127.0,ok,22.69,0.086,0.717,43.573,0.45,0.68,1124.333,5.358,0.287,-0.11,1.0,1114.0,1139.0,False
2025-03-10 09:46:50,S02,Lab-201,22.42,42.3,772.0,ok,22.528,0.09,-1.09,42.53,0.367,-0.48,772.2,7.485,-0.083,-0.06,-11.0,760.0,783.0,False
2025-03-10 09:46:50,S03,Lab-305,22.98,44.6,1113.0,ok,22.926,0.094,0.523,44.02,0.472,1.213,1071.767,29.173,1.49,0.0,10.0,1089.0,1113.0,False
2025-03-10 09:46:50,S04,Library-1F,21.7,39.2,719.0,ok,21.756,0.081,-0.58,39.593,0.509,-0.724,722.233,5.722,-0.343,-0.06,5.0,707.0,735.0,False
2025-03-10 09:46:50,S05,Canteen,24.59,52.8,917.0,ok,24.643,0.077,-0.563,52.17,0.437,1.26,897.267,7.348,2.037,-0.07,8.0,885.0,917.0,False
2025-03-10 09:46:50,S06,Study-Hall,22.27,40.5,792.0,ok,22.191,0.099,0.81,39.74,0.612,1.334,770.8,19.612,1.117,0.06,0.0,775.0,798.0,False
2025-03-10 09:47:00,S01,Lecture-101,22.7,43.5,1129.0,ok,22.688,0.085,0.097,43.553,0.439,-0.147,1124.633,5.359,0.467,-0.02,2.0,1114.0,1139.0,False
2025-03-10 09:47:00,S02,Lab-201,22.46,43.1,783.0,ok,22.525,0.091,-0.68,42.553,0.38,1.14,772.567,7.74,1.08,-0.14,-11.0,763.0,783.0,False
2025-03-10 09:47:00,S03,Lab-305,22.83,44.5,1116.0,ok,22.924,0.096,-0.957,44.04,0.48,0.96,1074.9,28.688,1.516,-0.07,15.0,1095.0,1116.0,False
2025-03-10 09:47:00,S04,Library-1F,21.7,39.2,706.0,ok,21.753,0.082,-0.557,39.583,0.514,-0.772,721.533,6.367,-1.623,-0.07,0.0,706.0,735.0,False
2025-03-10 09:47:00,S05,Canteen,24.62,52.6,905.0,ok,24.644,0.076,-0.227,52.18,0.444,0.86,897.567,7.477,0.773,-0.05,0.0,885.0,917.0,False
2025-03-10 09:47:00,S06,Study-Hall,22.22,39.9,798.0,ok,22.195,0.097,0.293,39.757,0.609,0.262,773.067,18.64,1.387,0.06,-2.0,777.0,798.0,False
2025-03-10 09:47:10,S01,Lecture-101,22.68,44.0,1127.0,ok,22.692,0.082,-0.083,43.6,0.408,0.893,1124.8,5.352,0.237,-0.02,2.0,1114.0,1139.0,False
2025-03-10 09:47:10,S02,Lab-201,22.55,42.7,786.0,ok,22.522,0.087,0.247,42.563,0.38,0.293,773.433,7.74,1.343,-0.14,1.0,771.0,786.0,False
2025-03-10 09:47:10,S03,Lab-305,22.84,43.8,1114.0,ok,22.921,0.097,-0.84,44.0,0.446,-0.48,1078.033,27.597,1.363,-0.14,14.0,1095.0,1116.0,False
2025-03-10 09:47:10,S04,Library-1F,21.65,40.1,730.0,ok,21.748,0.083,-1.033,39.6,0.523,1.005,721.7,6.524,0.847,-0.07,-7.0,706.0,735.0,False
2025-03-10 09:47:10,S05,Canteen,24.69,52.9,906.0,ok,24.648,0.075,0.46,52.213,0.459,1.44,898.1,7.49,0.843,-0.01,1.0,885.0,917.0,False
2025-03-10 09:47:10,S06,Study-Hall,22.25,40.2,802.0,ok,22.197,0.098,0.547,39.807,0.58,0.728,775.2,18.144,1.552,0.04,4.0,783.0,802.0,False
2025-03-10 09:47:20,S01,Lecture-101,22.71,44.1,1117.0,ok,22.692,0.082,0.18,43.62,0.417,1.0,1124.633,5.518,-0.78,-0.02,2.0,1114.0,1139.0,False
2025-03-10 09:47:20,S02,Lab-201,22.59,43.4,767.0,ok,22.524,0.088,0.683,42.6,0.406,1.673,773.167,7.822,-0.643,0.0,7.0,767.0,786.0,False
2025-03-10 09:47:20,S03,Lab-305,22.92,43.1,1115.0,ok,22.926,0.093,-0.01,43.99,0.463,-1.8,1081.1,26.355,1.339,-0.08,13.0,1096.0,1116.0,False
2025-03-10 09:47:20,S04,Library-1F,21.85,64.72,728.0,ok,21.746,0.08,1.023,40.444,4.615,48.068,721.9,6.625,0.63,-0.08,2.0,706.0,735.0,False
2025-03-10 09:47:20,S05,Canteen,24.74,52.3,892.0,ok,24.651,0.077,0.917,52.21,0.458,0.173,898.033,7.536,-0.61,0.06,8.0,886.0,917.0,False
2025-03-10 09:47:20,S06,Study-Hall,22.25,39.6,804.0,ok,22.207,0.086,0.533,39.83,0.556,-0.356,777.367,17.543,1.587,-0.06,10.0,783.0,804.0,False
2025-03-10 09:47:30,S01,Lecture-101,22.66,43.5,1124.0,ok,22.694,0.081,-0.323,43.613,0.417,-0.24,1124.633,5.518,-0.063,-0.04,-2.0,1114.0,1139.0,False
2025-03-10 09:47:30,S02,Lab-201,22.56,42.2,777.0,ok,22.524,0.088,0.36,42.597,0.409,-0.8,773.067,7.75,0.383,0.03,3.0,767.0,786.0,False
2025-03-10 09:47:30,S03,Lab-305,22.95,44.2,1135.0,ok,22.929,0.092,0.243,44.007,0.461,0.42,1084.7,26.085,2.045,-0.08,12.0,1097.0,1135.0,False
2025-03-10 09:47:30,S04,Library-1F,21.79,39.5,707.0,ok,21.745,0.079,0.44,40.464,4.609,-0.205,721.367,7.156,-1.49,0.01,2.0,706.0,735.0,False
2025-03-10 09:47:30,S05,Canteen,24.71,52.7,898.0,ok,24.653,0.078,0.59,52.257,0.433,0.98,898.167,7.498,-0.003,0.07,1.0,892.0,917.0,False
2025-03-10 09:47:30,S06,Study-Hall,22.23,39.6,798.0,filled,22.21,0.085,0.233,39.857,0.523,-0.414,778.833,17.36,1.176,-0.06,13.0,783.0,804.0,False
2025-03-10 09:47:40,S01,Lecture-101,22.65,43.2,1129.0,ok,22.689,0.079,-0.437,43.61,0.42,-0.827,1124.867,5.551,0.437,0.05,-1.0,1114.0,1139.0,False
2025-03-10 09:47:40,S02,Lab-201,22.58,42.5,773.0,ok,22.526,0.089,0.56,42.593,0.409,-0.193,772.967,7.73,-0.007,0.05,0.0,767.0,786.0,False
2025-03-10 09:47:40,S03,Lab-305,22.84,43.4,1136.0,ok,22.927,0.093,-0.89,44.01,0.456,-1.213,1088.1,25.895,1.967,0.0,32.0,1097.0,1136.0,False
2025-03-10 09:47:40,S04,Library-1F,21.67,39.5,707.0,ok,21.746,0.077,-0.747,40.481,4.604,-0.209,720.667,7.503,-1.437,0.07,-17.0,706.0,735.0,False
2025-03-10 09:47:40,S05,Canteen,24.72,52.2,890.0,ok,24.653,0.078,0.673,52.28,0.409,-0.113,898.067,7.588,-0.817,-0.01,-5.0,890.0,917.0,False
2025-03-10 09:47:40,S06,Study-Hall,22.26,40.1,803.0,ok,22.212,0.085,0.497,39.883,0.514,0.465,780.8,16.604,1.392,-0.03,12.0,783.0,804.0,False
2025-03-10 09:47:50,S01,Lecture-101,22.78,43.6,1137.0,ok,22.692,0.08,0.913,43.597,0.414,-0.02,1125.1,5.909,1.213,0.05,3.0,1114.0,1139.0,False
2025-03-10 09:47:50,S02,Lab-201,22.58,42.0,789.0,ok,22.531,0.087,0.54,42.587,0.417,-1.187,773.233,8.144,1.603,0.05,5.0,767.0,789.0,False
2025-03-10 09:47:50,S03,Lab-305,22.91,43.5,1136.0,ok,22.927,0.093,-0.17,43.977,0.455,-1.02,1091.233,25.812,1.85,-0.07,29.0,1100.0,1136.0,False
2025-03-10 09:47:50,S04,Library-1F,21.78,39.5,723.0,ok,21.744,0.075,0.34,40.531,4.585,-0.213,720.633,7.49,0.233,0.08,-17.0,706.0,735.0,False
2025-03-10 09:47:50,S05,Canteen,24.6,53.0,893.0,ok,24.649,0.077,-0.533,52.3,0.429,1.44,897.833,7.634,-0.507,0.07,-15.0,890.0,917.0,False
2025-03-10 09:47:50,S06,Study-Hall,22.22,40.1,809.0,ok,22.209,0.083,0.08,39.883,0.514,0.422,782.9,16.024,1.698,-0.04,12.0,783.0,809.0,False
2025-03-10 09:48:00,S01,Lecture-101,22.73,43.5,1128.0,ok,22.696,0.079,0.383,43.6,0.413,-0.193,1125.167,5.931,0.29,0.03,2.0,1117.0,1139.0,False
2025-03-10 09:48:00,S02,Lab-201,22.63,43.1,789.0,filled,22.539,0.086,0.99,42.6,0.428,1.027,773.667,8.628,1.577,0.12,17.0,767.0,789.0,False
2025-03-10 09:48:00,S03,Lab-305,22.99,44.9,1137.0,ok,22.934,0.09,0.627,44.037,0.454,1.847,1094.2,25.786,1.773,0.08,23.0,1102.0,1137.0,False
2025-03-10 09:48:00,S04,Library-1F,21.76,39.0,727.0,ok,21.745,0.075,0.16,40.501,4.592,-0.334,720.933,7.561,0.637,0.06,4.0,706.0,735.0,False
2025-03-10 09:48:00,S05,Canteen,24.6,52.3,889.0,filled,24.647,0.078,-0.487,52.3,0.429,0.0,897.8,7.672,-0.883,-0.02,-15.0,889.0,917.0,False
2025-03-10 09:48:00,S06,Study-Hall,22.18,39.9,810.0,ok,22.207,0.083,-0.29,39.903,0.502,0.032,784.567,16.16,1.691,-0.05,17.0,783.0,810.0,False
2025-03-10 09:48:10,S01,Lecture-101,22.64,43.8,1144.0,ok,22.689,0.075,-0.557,43.613,0.413,0.4,1125.333,6.386,1.883,0.03,10.0,1117.0,1144.0,False
2025-03-10 09:48:10,S02,Lab-201,22.6,42.0,771.0,ok,22.544,0.084,0.613,42.597,0.432,-1.2,773.5,8.629,-0.267,0.14,6.0,767.0,789.0,False
2025-03-10 09:48:10,S03,Lab-305,22.86,43.6,1147.0,ok,22.935,0.09,-0.74,44.017,0.46,-0.873,1097.367,26.254,2.048,0.07,23.0,1103.0,1147.0,False
2025-03-10 09:48:10,S04,Library-1F,21.7,39.8,715.0,ok,21.741,0.074,-0.453,40.504,4.591,-0.153,720.6,7.596,-0.593,0.06,4.0,706.0,735.0,False
2025-03-10 09:48:10,S05,Canteen,24.64,52.6,886.0,ok,24.645,0.077,-0.07,52.337,0.405,0.6,897.5,7.956,-1.18,-0.02,-17.0,886.0,917.0,False
2025-03-10 09:48:10,S06,Study-Hall,22.16,39.5,807.0,ok,22.208,0.082,-0.467,39.88,0.504,-0.803,786.2,15.856,1.388,-0.07,11.0,783.0,810.0,False
2025-03-10 09:48:20,S01,Lecture-101,22.67,44.0,1143.0,ok,22.688,0.075,-0.19,43.613,0.413,0.773,1125.767,7.113,1.767,-0.03,16.0,1117.0,1144.0,False
2025-03-10 09:48:20,S02,Lab-201,22.45,42.5,780.0,ok,22.543,0.085,-0.943,42.577,0.422,-0.193,774.033,8.516,0.65,0.05,-3.0,767.0,789.0,False
2025-03-10 09:48:20,S03,Lab-305,22.97,44.5,1155.0,ok,22.934,0.089,0.353,44.057,0.448,0.967,1101.0,26.442,2.195,0.13,32.0,1103.0,1155.0,False
2025-03-10 09:48:20,S04,Library-1F,21.79,39.3,730.0,ok,21.743,0.075,0.487,40.491,4.594,-0.262,720.567,7.551,0.94,0.06,-1.0,706.0,735.0,False
2025-03-10 09:48:20,S05,Canteen,24.64,52.7,889.0,ok,24.643,0.076,-0.053,52.363,0.401,0.727,897.433,8.02,-0.85,-0.05,-16.0,886.0,917.0,False
2025-03-10 09:48:30,S01,Lecture-101,22.58,44.0,1129.0,ok,22.683,0.077,-1.083,43.61,0.409,0.773,1125.433,6.694,0.323,-0.04,19.0,1117.0,1144.0,False
2025-03-10 09:48:30,S02,Lab-201,22.45,42.0,768.0,filled,22.544,0.084,-0.933,42.56,0.434,-1.153,774.033,8.516,-0.603,-0.11,-6.0,767.0,789.0,False
2025-03-10 09:48:30,S03,Lab-305,22.96,44.1,1146.0,ok,22.929,0.084,0.26,44.053,0.447,0.087,1104.033,26.201,1.702,0.04,32.0,1103.0,1155.0,False
2025-03-10 09:48:30,S04,Library-1F,21.67,39.2,719.0,ok,21.738,0.075,-0.727,40.471,4.599,-0.281,720.033,7.044,-0.157,-0.09,-9.0,706.0,730.0,False
2025-03-10 09:48:30,S05,Canteen,24.85,52.0,900.0,ok,24.657,0.075,2.067,52.37,0.393,-0.727,897.267,7.909,0.257,-0.07,-9.0,886.0,917.0,False
2025-03-10 09:48:30,S06,Study-Hall,22.23,40.0,802.0,ok,22.212,0.08,0.22,39.893,0.502,0.238,787.867,14.724,0.996,-0.06,4.286,783.0,810.0,False
2025-03-10 09:48:40,S01,Lecture-101,22.59,43.6,1139.0,ok,22.683,0.077,-0.927,43.627,0.397,-0.02,1125.8,7.126,1.357,-0.07,15.0,1117.0,1144.0,False
2025-03-10 09:48:40,S02,Lab-201,22.6,43.1,771.0,ok,22.546,0.085,0.56,42.573,0.445,1.08,774.067,8.501,-0.303,-0.13,-2.0,767.0,789.0,False
2025-03-10 09:48:40,S03,Lab-305,23.05,43.9,1167.0,ok,22.935,0.086,1.207,44.04,0.445,-0.307,1107.433,27.545,2.403,0.05,20.0,1113.0,1167.0,False
2025-03-10 09:48:40,S04,Library-1F,21.78,40.0,717.0,ok,21.737,0.074,0.42,40.474,4.598,-0.102,719.8,7.024,-0.303,-0.01,12.0,706.0,730.0,False
2025-03-10 09:48:40,S05,Canteen,24.76,53.0,901.0,ok,24.659,0.076,1.027,52.407,0.399,1.26,896.967,7.573,0.373,0.04,8.0,886.0,917.0,False
2025-03-10 09:48:40,S06,Study-Hall,22.23,41.0,807.0,ok,22.214,0.08,0.183,39.96,0.512,2.206,789.433,14.146,1.299,-0.017,4.286,791.0,810.0,False
2025-03-10 09:48:50,S01,Lecture-101,22.85,43.9,1137.0,ok,22.687,0.082,1.673,43.65,0.392,0.547,1126.2,7.411,1.12,-0.07,8.0,1117.0,1144.0,False
2025-03-10 09:48:50,S02,Lab-201,22.61,42.7,774.0,ok,22.55,0.085,0.643,42.593,0.436,0.253,774.167,8.482,-0.007,0.02,-6.0,767.0,789.0,False
2025-03-10 09:48:50,S03,Lab-305,23.07,44.2,1163.0,ok,22.939,0.089,1.35,44.047,0.446,0.32,1110.7,28.144,2.017,0.14,27.0,1114.0,1167.0,False
2025-03-10 09:48:50,S04,Library-1F,21.65,40.1,718.0,ok,21.74,0.068,-0.867,40.464,4.599,-0.081,719.6,6.986,-0.18,-0.11,11.0,706.0,730.0,False
2025-03-10 09:48:50,S05,Canteen,24.68,52.2,905.0,ok,24.666,0.067,0.213,52.427,0.371,-0.413,897.167,7.706,0.803,0.05,8.0,886.0,917.0,False
2025-03-10 09:48:20,S06,Study-Hall,22.25,40.4,810.0,ok,22.212,0.08,0.42,39.907,0.51,1.032,788.133,15.058,1.501,-0.07,8.0,783.0,810.0,False
2025-03-10 09:49:00,S01,Lecture-101,22.72,43.7,1124.0,ok,22.693,0.078,0.33,43.637,0.383,0.1,1126.267,7.381,-0.22,-0.01,8.0,1117.0,1144.0,False
2025-03-10 09:49:00,S02,Lab-201,22.52,43.1,766.0,ok,22.554,0.079,-0.297,42.593,0.436,1.013,773.967,8.604,-0.817,0.02,-18.0,766.0,789.0,False
2025-03-10 09:49:00,S03,Lab-305,23.01,44.6,1164.0,ok,22.942,0.09,0.707,44.06,0.457,1.107,1114.0,28.403,1.894,0.14,28.0,1114.0,1167.0,False
2025-03-10 09:49:00,S04,Library-1F,21.65,39.0,720.0,ok,21.737,0.07,-0.897,40.441,4.605,-0.318,719.6,6.986,0.04,-0.11,-5.0,707.0,730.0,False
2025-03-10 09:49:00,S05,Canteen,24.78,52.7,890.0,ok,24.672,0.069,1.143,52.423,0.368,0.547,897.0,7.808,-0.717,0.16,11.0,886.0,917.0,False
2025-03-10 09:49:00,S06,Study-Hall,22.3,40.9,819.0,ok,22.224,0.077,0.807,40.0,0.543,1.783,792.833,13.319,2.168,0.0,3.429,798.0,819.0,False
2025-03-10 09:49:10,S01,Lecture-101,22.57,44.3,1124.0,ok,22.689,0.081,-1.23,43.703,0.309,1.327,1126.433,7.267,-0.227,-0.01,-13.0,1117.0,1144.0,False
2025-03-10 09:49:10,S02,Lab-201,22.54,43.5,783.0,ok,22.554,0.079,-0.14,42.627,0.466,1.813,774.167,8.746,0.903,-0.06,-15.0,766.0,789.0,False
2025-03-10 09:49:10,S03,Lab-305,22.83,43.1,1164.0,ok,22.935,0.091,-1.117,44.043,0.483,-1.92,1116.8,29.069,1.76,0.1,27.0,1115.0,1167.0,False
2025-03-10 09:49:10,S04,Library-1F,21.78,40.2,725.0,ok,21.739,0.07,0.43,40.451,4.604,-0.052,719.6,6.986,0.54,-0.11,-3.0,707.0,730.0,False
2025-03-10 09:49:10,S05,Canteen,24.64,53.0,883.0,ok,24.669,0.069,-0.317,52.457,0.374,1.153,896.733,8.149,-1.4,0.08,1.0,883.0,917.0,False
2025-03-10 09:49:10,S06,Study-Hall,22.19,40.5,806.0,ok,22.223,0.077,-0.343,40.057,0.501,0.92,794.167,12.518,0.989,0.009,-1.714,798.0,819.0,False
2025-03-10 09:49:20,S01,Lecture-101,22.68,43.0,1128.0,ok,22.693,0.077,-0.087,43.677,0.334,-1.407,1126.5,7.272,0.157,0.01,-19.0,1124.0,1144.0,False
2025-03-10 09:49:20,S02,Lab-201,22.46,42.1,783.0,filled,22.55,0.081,-0.94,42.633,0.457,-1.053,774.667,8.81,0.883,-0.08,3.0,766.0,789.0,False
2025-03-10 09:49:20,S03,Lab-305,22.96,43.9,1170.0,ok,22.942,0.083,0.25,44.02,0.472,-0.287,1120.367,28.803,1.83,-0.01,17.0,1135.0,1170.0,False
2025-03-10 09:49:20,S04,Library-1F,21.8,40.0,721.0,ok,21.743,0.07,0.613,40.454,4.603,-0.098,719.7,6.983,0.14,0.02,-6.0,707.0,730.0,False
2025-03-10 09:49:20,S05,Canteen,24.85,53.6,885.0,ok,24.677,0.075,1.807,52.48,0.421,2.287,896.433,8.415,-1.173,0.14,-4.0,883.0,917.0,False
2025-03-10 09:49:20,S06,Study-Hall,22.27,40.4,815.0,ok,22.224,0.077,0.467,40.077,0.502,0.686,795.6,12.353,1.664,0.077,5.143,798.0,819.0,False
2025-03-10 09:48:50,S06,Study-Hall,22.19,40.3,805.0,ok,22.221,0.075,-0.293,39.98,0.52,0.625,792.367,12.596,1.069,0.0,2.0,798.0,810.0,False
2025-03-10 09:49:30,S01,Lecture-101,22.8,44.2,1135.0,ok,22.692,0.076,1.073,43.707,0.339,1.047,1126.933,7.381,0.85,0.04,-15.0,1124.0,1144.0,False
2025-03-10 09:49:30,S02,Lab-201,22.55,42.1,777.0,ok,22.554,0.077,0.0,42.61,0.466,-1.067,774.9,8.774,0.233,0.09,12.0,766.0,789.0,False
2025-03-10 09:49:30,S03,Lab-305,22.77,45.2,1176.0,ok,22.936,0.089,-1.723,44.057,0.518,2.36,1123.9,28.913,1.932,-0.13,23.0,1136.0,1176.0,False
2025-03-10 09:49:30,S04,Library-1F,21.84,39.0,722.0,ok,21.747,0.072,0.97,40.407,4.611,-0.316,719.8,6.995,0.23,0.1,3.0,707.0,730.0,False
2025-03-10 09:49:30,S05,Canteen,24.65,52.8,894.0,ok,24.677,0.076,-0.273,52.507,0.415,0.64,896.433,8.415,-0.243,0.01,-4.0,883.0,917.0,False
2025-03-10 09:49:30,S06,Study-Hall,22.39,40.2,817.0,ok,22.24,0.068,1.613,40.107,0.463,0.26,798.0,11.564,1.695,0.04,8.0,802.0,819.0,False
2025-03-10 09:49:40,S01,Lecture-101,22.51,44.0,1133.0,ok,22.686,0.083,-1.823,43.723,0.341,0.587,1127.367,7.341,0.607,0.09,-6.0,1124.0,1144.0,False
2025-03-10 09:49:40,S02,Lab-201,22.53,42.3,770.0,ok,22.552,0.077,-0.243,42.59,0.466,-0.62,775.1,8.584,-0.49,0.08,6.0,766.0,789.0,False
2025-03-10 09:49:40,S03,Lab-305,22.89,44.0,1175.0,ok,22.931,0.087,-0.463,44.047,0.516,-0.109,1127.033,29.196,1.767,-0.08,20.0,1136.0,1176.0,False
2025-03-10 09:49:40,S04,Library-1F,21.84,40.1,719.0,ok,21.746,0.071,0.93,40.414,4.61,-0.067,719.833,6.988,-0.08,0.06,2.0,715.0,730.0,False
2025-03-10 09:49:40,S05,Canteen,24.85,52.6,889.0,ok,24.682,0.082,1.73,52.52,0.411,0.187,896.267,8.513,-0.743,0.09,-11.0,883.0,917.0,False
2025-03-10 09:49:40,S06,Study-Hall,22.27,39.4,813.0,ok,22.24,0.068,0.3,40.083,0.481,-1.413,798.767,11.776,1.297,0.04,8.0,802.0,819.0,False
2025-03-10 09:49:50,S01,Lecture-101,22.71,43.3,1127.0,ok,22.687,0.083,0.243,43.707,0.349,-0.847,1127.633,7.17,-0.037,0.12,-4.0,1124.0,1144.0,False
2025-03-10 09:49:50,S02,Lab-201,22.51,42.6,779.0,ok,22.546,0.071,-0.423,42.583,0.464,0.02,776.0,7.414,0.39,-0.07,6.0,766.0,789.0,False
2025-03-10 09:49:50,S03,Lab-305,22.83,43.4,1188.0,ok,22.933,0.084,-1.01,44.027,0.53,-1.252,1130.233,30.457,2.088,-0.22,13.0,1137.0,1188.0,False
2025-03-10 09:49:50,S04,Library-1F,21.86,39.9,719.0,ok,21.749,0.074,1.137,40.417,4.61,-0.111,720.067,6.833,-0.083,0.17,1.0,715.0,730.0,False
2025-03-10 09:49:50,S05,Canteen,24.74,52.3,893.0,ok,24.688,0.079,0.583,52.513,0.413,-0.44,896.167,8.534,-0.327,-0.02,-8.0,883.0,917.0,False
2025-03-10 09:49:50,S06,Study-Hall,22.31,40.3,818.0,ok,22.238,0.064,0.703,40.083,0.481,0.433,799.9,11.941,1.633,0.08,12.0,802.0,819.0,False
2025-03-10 09:50:00,S01,Lecture-101,22.57,44.2,1125.0,ok,22.684,0.086,-1.173,43.74,0.347,0.987,1127.633,7.17,-0.263,-0.15,-10.0,1124.0,1144.0,False
2025-03-10 09:50:00,S02,Lab-201,22.54,42.8,791.0,ok,22.55,0.067,-0.057,42.6,0.462,0.433,777.033,7.266,1.5,-0.07,8.0,766.0,791.0,False
2025-03-10 09:50:00,S03,Lab-305,22.81,44.3,1178.0,ok,22.929,0.087,-1.23,44.02,0.525,0.516,1133.2,30.636,1.568,-0.22,14.0,1146.0,1188.0,False
2025-03-10 09:50:00,S04,Library-1F,21.66,39.5,724.0,ok,21.745,0.075,-0.89,40.424,4.608,-0.199,720.333,6.825,0.393,0.19,1.0,715.0,730.0,False
2025-03-10 09:50:00,S05,Canteen,24.65,52.4,864.0,ok,24.689,0.078,-0.377,52.517,0.412,-0.227,894.667,10.025,-3.217,-0.02,-12.0,864.0,917.0,False
2025-03-10 09:50:00,S06,Study-Hall,22.26,40.5,810.0,ok,22.244,0.057,0.223,40.097,0.487,0.833,801.067,11.104,0.846,0.04,6.0,802.0,819.0,False
2025-03-10 09:50:10,S01,Lecture-101,22.65,43.0,1122.0,ok,22.68,0.084,-0.343,43.723,0.37,-1.48,1127.633,7.17,-0.563,-0.07,1.0,1122.0,1144.0,False
2025-03-10 09:50:10,S02,Lab-201,22.5,42.9,785.0,ok,22.545,0.066,-0.497,42.62,0.462,0.6,777.767,6.902,0.797,-0.03,11.0,766.0,791.0,False
2025-03-10 09:50:10,S03,Lab-305,22.94,43.3,1182.0,ok,22.925,0.083,0.11,44.013,0.533,-1.372,1135.933,31.224,1.593,-0.18,18.0,1146.0,1188.0,False
2025-03-10 09:50:10,S04,Library-1F,21.67,39.6,732.0,ok,21.747,0.073,-0.75,40.394,4.611,-0.179,720.933,7.037,1.167,0.02,4.0,717.0,732.0,False
2025-03-10 09:50:10,S05,Canteen,24.71,52.9,845.0,ok,24.692,0.077,0.207,52.537,0.416,0.767,892.967,13.51,-4.954,0.03,-26.0,845.0,917.0,False
2025-03-10 09:50:10,S06,Study-Hall,22.38,40.5,798.0,ok,22.247,0.062,1.363,40.13,0.479,0.807,801.767,10.156,-0.276,0.12,4.0,798.0,819.0,False
2025-03-10 09:50:20,S01,Lecture-101,22.68,43.5,1119.0,ok,22.681,0.083,0.003,43.703,0.365,-0.447,1127.5,7.295,-0.863,-0.03,-2.0,1119.0,1144.0,False
2025-03-10 09:50:20,S02,Lab-201,22.6,42.5,785.0,ok,22.544,0.065,0.55,42.627,0.459,-0.24,778.067,7.017,0.723,0.02,2.0,766.0,791.0,False
2025-03-10 09:50:20,S03,Lab-305,22.97,44.0,1177.0,ok,22.925,0.083,0.45,44.013,0.533,-0.025,1138.667,31.106,1.315,-0.02,14.0,1146.0,1188.0,False
2025-03-10 09:50:20,S04,Library-1F,21.64,39.0,727.0,ok,21.742,0.075,-1.067,40.374,4.616,-0.302,721.167,7.12,0.607,-0.12,6.0,717.0,732.0,False
2025-03-10 09:50:20,S05,Canteen,24.61,52.1,848.0,ok,24.692,0.077,-0.82,52.543,0.407,-0.873,891.733,15.763,-3.328,-0.13,-37.0,845.0,917.0,False
2025-03-10 09:50:20,S06,Study-Hall,22.31,40.5,815.0,ok,22.248,0.063,0.627,40.13,0.479,0.74,802.733,9.983,1.303,0.04,-5.0,798.0,819.0,False
2025-03-10 09:50:30,S01,Lecture-101,22.8,43.7,1131.0,ok,22.685,0.086,1.19,43.713,0.361,-0.007,1127.933,7.095,0.35,0.0,-6.0,1119.0,1144.0,False
2025-03-10 09:50:30,S02,Lab-201,22.55,42.0,778.0,ok,22.546,0.064,0.06,42.61,0.472,-1.253,777.967,6.995,-0.007,0.01,2.0,766.0,791.0,False
2025-03-10 09:50:30,S03,Lab-305,23.04,43.7,1197.0,ok,22.924,0.081,1.153,44.023,0.524,-0.588,1142.033,31.788,1.875,0.14,12.0,1163.0,1197.0,False
2025-03-10 09:50:30,S04,Library-1F,21.72,39.0,729.0,ok,21.743,0.075,-0.223,40.351,4.621,-0.298,721.267,7.211,0.783,-0.13,7.0,717.0,732.0,False
2025-03-10 09:50:30,S06,Study-Hall,22.26,40.1,832.0,ok,22.252,0.06,0.117,40.127,0.478,-0.06,804.267,10.821,2.927,0.04,0.0,798.0,832.0,False
2025-03-10 09:50:40,S01,Lecture-101,22.72,44.2,1135.0,ok,22.685,0.086,0.347,43.73,0.372,0.973,1128.267,7.187,0.707,0.04,-2.0,1119.0,1144.0,False
2025-03-10 09:50:40,S02,Lab-201,22.51,42.1,773.0,ok,22.543,0.064,-0.36,42.577,0.472,-1.02,777.633,6.985,-0.497,0.02,1.0,766.0,791.0,False
2025-03-10 09:50:40,S03,Lab-305,23.12,44.7,1193.0,ok,22.931,0.088,1.963,44.033,0.534,1.292,1145.2,31.981,1.603,0.15,18.0,1163.0,1197.0,False
2025-03-10 09:50:40,S04,Library-1F,21.85,39.5,722.0,ok,21.742,0.072,1.067,40.351,4.621,-0.184,721.767,6.689,0.073,-0.12,6.0,718.0,732.0,False
2025-03-10 09:50:40,S05,Canteen,24.58,52.8,800.0,ok,24.688,0.079,-1.123,52.563,0.404,0.513,888.867,23.0,-5.819,-0.034,-34.286,800.0,917.0,False
2025-03-10 09:50:40,S06,Study-Hall,22.26,40.0,808.0,ok,22.254,0.059,0.077,40.15,0.453,-0.253,804.833,10.544,0.345,-0.01,0.0,798.0,832.0,False
2025-03-10 09:50:50,S01,Lecture-101,22.61,43.6,1134.0,ok,22.682,0.087,-0.753,43.727,0.372,-0.26,1128.567,7.233,0.573,0.01,1.0,1119.0,1144.0,False
2025-03-10 09:50:50,S02,Lab-201,22.5,42.9,779.0,ok,22.54,0.063,-0.433,42.563,0.456,0.647,777.5,6.917,0.137,-0.02,1.0,766.0,791.0,False
2025-03-10 09:50:50,S03,Lab-305,23.05,44.3,1201.0,ok,22.933,0.091,1.19,44.027,0.529,0.499,1148.667,32.212,1.745,0.22,21.0,1164.0,1201.0,False
2025-03-10 09:50:50,S04,Library-1F,21.72,39.6,721.0,ok,21.741,0.072,-0.22,40.357,4.62,-0.162,721.833,6.67,-0.077,-0.12,3.0,719.0,732.0,False
2025-03-10 09:50:50,S05,Canteen,24.52,52.0,809.0,ok,24.683,0.085,-1.68,52.573,0.385,-1.127,885.833,27.114,-3.472,-0.231,-68.571,800.0,917.0,False
2025-03-10 09:50:50,S06,Study-Hall,22.31,40.0,820.0,ok,22.257,0.059,0.56,40.13,0.446,-0.3,805.7,10.69,1.438,-0.05,3.0,798.0,832.0,False
2025-03-10 09:51:00,S01,Lecture-101,22.77,43.4,1120.0,ok,22.685,0.088,0.883,43.723,0.375,-0.653,1128.767,6.892,-0.857,0.15,7.0,1119.0,1144.0,False
2025-03-10 09:51:00,S02,Lab-201,22.63,42.3,774.0,ok,22.537,0.056,0.9,42.567,0.454,-0.527,777.233,6.892,-0.35,-0.02,-5.0,770.0,791.0,False
2025-03-10 09:51:00,S03,Lab-305,22.94,44.5,1203.0,ok,22.937,0.089,0.067,44.047,0.535,0.895,1152.1,32.335,1.687,0.22,23.0,1164.0,1203.0,False
2025-03-10 09:51:00,S04,Library-1F,21.87,39.4,727.0,ok,21.744,0.076,1.293,40.364,4.618,-0.207,721.867,6.694,0.517,0.01,3.0,719.0,732.0,False
2025-03-10 09:51:00,S05,Canteen,24.52,52.7,795.0,filled,24.677,0.09,-1.63,52.58,0.385,0.253,882.167,31.514,-3.35,-0.189,-79.714,795.0,917.0,False
2025-03-10 09:51:00,S06,Study-Hall,22.11,40.5,828.0,ok,22.255,0.063,-1.473,40.157,0.443,0.74,806.7,11.329,2.086,-0.01,7.0,798.0,832.0,False
2025-03-10 09:50:30,S05,Canteen,24.6,51.9,828.0,ok,24.689,0.078,-0.923,52.533,0.419,-1.287,889.8,19.584,-4.043,-0.04,-40.0,828.0,917.0,False
2025-03-10 09:51:10,S01,Lecture-101,22.75,44.2,1127.0,ok,22.686,0.089,0.65,43.727,0.379,0.953,1128.8,6.88,-0.177,0.1,2.0,1119.0,1144.0,False
2025-03-10 09:51:10,S02,Lab-201,22.52,42.3,776.0,ok,22.538,0.055,-0.17,42.573,0.448,-0.533,777.233,6.892,-0.123,0.01,-9.0,770.0,791.0,False
2025-03-10 09:51:10,S04,Library-1F,21.77,39.7,720.0,ok,21.744,0.076,0.26,40.351,4.619,-0.144,721.667,6.656,-0.187,0.1,-3.0,719.0,732.0,False
2025-03-10 09:51:10,S05,Canteen,24.67,52.1,779.0,ok,24.678,0.089,-0.07,52.563,0.406,-0.933,875.767,37.365,-3.076,-0.19,-69.0,779.0,917.0,False
2025-03-10 09:51:10,S06,Study-Hall,22.33,40.5,824.0,ok,22.255,0.062,0.747,40.153,0.44,0.687,807.867,11.246,1.527,0.0,14.0,798.0,832.0,False
2025-03-10 09:51:20,S01,Lecture-101,22.69,43.9,1131.0,ok,22.68,0.082,0.04,43.74,0.377,0.347,1129.0,6.853,0.22,0.1,5.0,1119.0,1144.0,False
2025-03-10 09:51:20,S02,Lab-201,22.45,42.3,790.0,ok,22.535,0.057,-0.883,42.553,0.446,-0.547,777.767,7.243,1.277,-0.02,-9.0,770.0,791.0,False
2025-03-10 09:51:20,S03,Lab-305,22.99,44.7,1208.0,ok,22.936,0.089,0.533,44.067,0.549,1.22,1155.633,32.463,1.729,0.137,18.0,1170.0,1208.0,False
2025-03-10 09:51:20,S04,Library-1F,21.83,40.0,739.0,ok,21.745,0.077,0.863,40.391,4.611,-0.076,722.167,7.363,1.733,0.17,0.0,719.0,739.0,False
2025-03-10 09:51:20,S05,Canteen,24.43,52.0,767.0,ok,24.668,0.099,-2.483,52.56,0.41,-1.127,871.433,42.06,-2.911,-0.13,-69.0,767.0,917.0,False
2025-03-10 09:51:20,S06,Study-Hall,22.25,40.9,824.0,ok,22.253,0.061,-0.047,40.19,0.455,1.493,808.933,11.206,1.435,-0.06,14.0,798.0,832.0,False
2025-03-10 09:51:10,S03,Lab-305,23.0,43.9,1200.0,ok,22.937,0.089,0.633,44.04,0.536,-0.274,1155.367,32.048,1.481,0.17,19.0,1170.0,1203.0,False
2025-03-10 09:51:30,S01,Lecture-101,22.68,44.4,1126.0,ok,22.684,0.079,0.0,43.747,0.388,1.32,1129.0,6.853,-0.3,0.01,5.0,1119.0,1144.0,False
2025-03-10 09:51:30,S02,Lab-201,22.56,42.7,780.0,ok,22.536,0.057,0.25,42.57,0.442,0.293,778.0,7.197,0.223,-0.03,-5.0,770.0,791.0,False
2025-03-10 09:51:30,S03,Lab-305,23.1,44.4,1207.0,ok,22.942,0.093,1.61,44.06,0.547,0.613,1162.2,31.48,1.511,0.03,25.0,1175.0,1208.0,False
2025-03-10 09:51:30,S04,Library-1F,21.81,39.3,721.0,ok,21.748,0.078,0.653,40.377,4.613,-0.237,721.933,7.282,-0.117,0.14,-8.0,719.0,739.0,False
2025-03-10 09:51:30,S05,Canteen,24.33,51.6,755.0,ok,24.658,0.117,-3.383,52.507,0.427,-1.92,866.333,46.514,-2.768,-0.18,-78.0,755.0,917.0,False
2025-03-10 09:51:30,S06,Study-Hall,22.44,40.6,822.0,ok,22.262,0.068,1.873,40.243,0.401,0.82,810.233,10.321,1.166,0.02,9.0,798.0,832.0,False
2025-03-10 09:51:40,S01,Lecture-101,22.76,43.4,1134.0,ok,22.689,0.079,0.76,43.753,0.379,-0.693,1129.5,6.642,0.5,-0.03,0.0,1119.0,1144.0,False
2025-03-10 09:51:40,S02,Lab-201,22.54,42.5,781.0,ok,22.536,0.057,0.04,42.553,0.434,-0.14,778.333,7.092,0.3,-0.01,3.0,773.0,791.0,False
2025-03-10 09:51:40,S03,Lab-305,22.89,44.5,1216.0,ok,22.944,0.091,-0.517,44.093,0.542,0.805,1165.967,30.908,1.709,-0.05,15.0,1177.0,1216.0,False
2025-03-10 09:51:40,S04,Library-1F,21.67,40.0,720.0,ok,21.749,0.076,-0.777,40.397,4.61,-0.082,721.8,7.28,-0.193,0.09,-6.0,719.0,739.0,False
2025-03-10 09:51:40,S05,Canteen,24.42,51.4,739.0,ok,24.646,0.123,-2.037,52.473,0.473,-2.213,861.133,51.636,-2.738,-0.18,-73.0,739.0,917.0,False
2025-03-10 09:51:40,S06,Study-Hall,22.35,40.0,820.0,ok,22.264,0.07,0.88,40.23,0.403,-0.487,811.2,9.803,0.946,0.09,7.0,798.0,832.0,False
2025-03-10 09:51:50,S01,Lecture-101,22.72,43.6,1121.0,ok,22.688,0.078,0.31,43.743,0.379,-0.307,1129.3,6.808,-0.85,0.0,-8.0,1119.0,1144.0,False
2025-03-10 09:51:50,S02,Lab-201,22.66,42.8,777.0,ok,22.544,0.057,1.237,42.57,0.434,0.493,778.5,6.996,-0.133,0.05,2.0,773.0,791.0,False
2025-03-10 09:51:50,S03,Lab-305,22.83,44.1,1207.0,ok,22.939,0.093,-1.137,44.077,0.533,0.012,1169.1,30.107,1.328,-0.16,10.0,1177.0,1216.0,False
2025-03-10 09:51:50,S04,Library-1F,21.71,39.5,719.0,ok,21.749,0.076,-0.39,40.407,4.608,-0.195,721.8,7.28,-0.28,-0.01,-2.0,719.0,739.0,False
2025-03-10 09:51:50,S05,Canteen,24.45,51.6,716.0,ok,24.642,0.127,-1.601,52.433,0.494,-1.747,854.433,56.909,-2.811,-0.16,-70.0,716.0,906.0,False
2025-03-10 09:51:50,S06,Study-Hall,22.32,40.9,818.0,ok,22.266,0.07,0.557,40.243,0.418,1.34,812.067,9.176,0.68,0.09,0.0,798.0,832.0,False
2025-03-10 09:52:00,S01,Lecture-101,22.59,44.4,1137.0,ok,22.684,0.08,-0.977,43.773,0.395,1.313,1129.567,6.951,0.77,0.0,0.0,1119.0,1144.0,False
2025-03-10 09:52:00,S02,Lab-201,22.51,42.4,758.0,ok,22.546,0.056,-0.343,42.547,0.423,-0.34,777.667,7.875,-2.05,0.03,3.0,758.0,791.0,False
2025-03-10 09:52:00,S03,Lab-305,22.97,44.3,1222.0,ok,22.943,0.091,0.313,44.07,0.529,0.419,1172.633,29.88,1.757,-0.16,15.0,1177.0,1222.0,False
2025-03-10 09:52:00,S04,Library-1F,21.76,39.1,733.0,ok,21.751,0.075,0.107,40.404,4.609,-0.284,722.7,6.919,1.12,-0.14,-2.0,719.0,739.0,False
2025-03-10 09:52:00,S05,Canteen,24.21,51.7,713.0,ok,24.628,0.15,-3.388,52.403,0.511,-1.467,848.033,61.627,-2.485,-0.1,-84.0,713.0,906.0,False
2025-03-10 09:52:00,S06,Study-Hall,22.34,40.6,830.0,ok,22.27,0.071,0.74,40.267,0.418,0.713,813.133,9.343,1.793,0.08,0.0,798.0,832.0,False
2025-03-10 09:52:10,S01,Lecture-101,22.73,44.0,1140.0,ok,22.686,0.08,0.46,43.773,0.395,0.453,1130.0,7.187,1.043,-0.03,10.0,1119.0,1144.0,False
2025-03-10 09:52:10,S02,Lab-201,22.66,42.8,770.0,ok,22.55,0.059,1.14,42.55,0.425,0.507,777.133,7.833,-0.767,0.14,-6.0,758.0,791.0,False
2025-03-10 09:52:10,S03,Lab-305,22.98,43.8,1225.0,ok,22.948,0.089,0.367,44.07,0.529,-0.51,1176.333,29.234,1.753,-0.03,21.0,1177.0,1225.0,False
2025-03-10 09:52:10,S04,Library-1F,21.86,39.6,720.0,ok,21.758,0.075,1.087,40.387,4.611,-0.174,722.367,6.795,-0.27,-0.01,-1.0,719.0,739.0,False
2025-03-10 09:52:10,S05,Canteen,24.32,51.6,705.0,ok,24.616,0.159,-2.056,52.36,0.522,-1.572,841.333,65.886,-2.321,-0.2,-82.0,705.0,905.0,False
2025-03-10 09:52:10,S06,Study-Hall,22.27,40.0,838.0,ok,22.271,0.071,0.0,40.26,0.421,-0.533,814.333,10.142,2.487,0.01,6.0,808.0,838.0,False
2025-03-10 09:52:20,S01,Lecture-101,22.53,44.0,1122.0,ok,22.68,0.085,-1.557,43.77,0.392,0.453,1130.167,6.929,-0.8,-0.16,10.0,1120.0,1144.0,False
2025-03-10 09:52:20,S02,Lab-201,22.54,42.7,776.0,ok,22.548,0.059,-0.097,42.527,0.395,0.3,777.433,7.601,-0.113,0.02,-6.0,758.0,791.0,False
2025-03-10 09:52:20,S03,Lab-305,22.96,44.3,1220.0,ok,22.949,0.089,0.12,44.11,0.498,0.435,1179.833,27.893,1.494,-0.02,19.0,1193.0,1225.0,False
2025-03-10 09:52:20,S04,Library-1F,21.8,39.8,722.0,ok,21.757,0.074,0.417,39.557,0.377,-0.127,722.167,6.711,-0.037,-0.03,-5.0,719.0,739.0,False
2025-03-10 09:52:20,S05,Canteen,24.42,52.2,689.0,ok,24.605,0.162,-1.227,52.357,0.523,-0.306,834.567,70.748,-2.312,-0.2,-74.0,689.0,905.0,False
2025-03-10 09:52:20,S06,Study-Hall,22.37,40.2,827.0,ok,22.275,0.073,0.993,40.28,0.402,-0.12,815.1,10.203,1.249,0.09,6.0,808.0,838.0,False
2025-03-10 09:52:30,S01,Lecture-101,22.53,43.7,1137.0,filled,22.675,0.089,-1.497,43.777,0.389,-0.14,1130.6,6.936,0.683,-0.16,10.0,1120.0,1144.0,False
2025-03-10 09:52:30,S02,Lab-201,22.59,42.5,782.0,ok,22.549,0.059,0.42,42.537,0.39,-0.053,777.6,7.646,0.457,0.07,-4.0,758.0,791.0,False
2025-03-10 09:52:30,S03,Lab-305,22.88,44.9,1233.0,ok,22.947,0.09,-0.693,44.133,0.518,1.58,1183.1,28.198,1.906,-0.04,18.0,1193.0,1233.0,False
2025-03-10 09:52:30,S04,Library-1F,21.87,39.9,724.0,ok,21.759,0.076,1.133,39.57,0.382,0.687,722.733,6.074,0.183,0.05,1.0,719.0,739.0,False
2025-03-10 09:52:30,S05,Canteen,24.32,51.3,692.0,ok,24.592,0.168,-1.764,52.31,0.553,-2.02,827.7,74.287,-2.015,-0.11,-75.0,689.0,905.0,False
2025-03-10 09:52:30,S06,Study-Hall,22.26,40.9,823.0,ok,22.276,0.073,-0.147,40.323,0.396,1.24,815.933,9.77,0.774,-0.06,3.0,808.0,838.0,False
2025-03-10 09:52:40,S01,Lecture-101,22.68,44.2,1138.0,ok,22.676,0.089,0.047,43.81,0.381,0.847,1130.9,7.058,0.74,-0.16,6.0,1120.0,1144.0,False
2025-03-10 09:52:40,S02,Lab-201,22.63,42.7,781.0,ok,22.551,0.061,0.81,42.543,0.391,0.327,777.867,7.619,0.34,0.05,0.0,758.0,791.0,False
2025-03-10 09:52:40,S03,Lab-305,23.02,44.3,1229.0,ok,22.953,0.089,0.73,44.163,0.5,0.322,1186.2,27.952,1.628,-0.03,21.0,1200.0,1233.0,False
2025-03-10 09:52:40,S04,Library-1F,21.63,39.0,714.0,ok,21.758,0.078,-1.293,39.553,0.395,-1.14,722.967,5.561,-0.873,-0.01,1.0,714.0,739.0,False
2025-03-10 09:52:40,S05,Canteen,24.29,51.2,684.0,ok,24.578,0.175,-1.794,52.277,0.589,-2.007,820.833,77.769,-1.934,-0.1,-66.0,684.0,905.0,False
2025-03-10 09:52:50,S01,Lecture-101,22.72,43.8,1144.0,ok,22.674,0.087,0.437,43.817,0.379,-0.02,1131.133,7.375,1.31,-0.04,12.0,1120.0,1144.0,False
2025-03-10 09:52:50,S02,Lab-201,22.48,42.8,779.0,ok,22.547,0.062,-0.707,42.57,0.38,0.513,777.533,7.328,0.113,0.03,1.0,758.0,791.0,False
2025-03-10 09:52:50,S03,Lab-305,22.84,44.6,1228.0,ok,22.951,0.091,-1.13,44.2,0.49,0.873,1189.267,27.294,1.495,-0.01,22.0,1200.0,1233.0,False
2025-03-10 09:52:50,S04,Library-1F,21.85,39.4,721.0,ok,21.76,0.08,0.92,39.55,0.396,-0.307,722.9,5.573,-0.197,0.14,1.0,714.0,739.0,False
2025-03-10 09:52:50,S05,Canteen,24.31,52.1,672.0,ok,24.568,0.182,-1.527,52.247,0.573,-0.3,813.467,81.094,-1.914,-0.11,-55.0,672.0,905.0,False
2025-03-10 09:52:50,S06,Study-Hall,22.47,41.0,828.0,ok,22.283,0.081,1.943,40.353,0.413,1.353,816.767,9.694,1.207,0.017,4.286,818.0,838.0,False
2025-03-10 09:53:00,S01,Lecture-101,22.58,43.5,1140.0,ok,22.669,0.088,-0.943,43.817,0.379,-0.633,1131.533,7.523,0.887,-0.04,6.0,1121.0,1144.0,False
2025-03-10 09:53:00,S02,Lab-201,22.52,42.3,786.0,ok,22.544,0.06,-0.273,42.543,0.369,-0.54,777.433,7.186,0.847,-0.02,4.0,758.0,791.0,False
2025-03-10 09:53:00,S03,Lab-305,22.97,44.8,1239.0,ok,22.95,0.09,0.193,44.197,0.485,1.2,1192.667,26.909,1.822,0.08,13.0,1200.0,1239.0,False
2025-03-10 09:53:00,S04,Library-1F,21.55,40.2,726.0,ok,21.753,0.089,-2.103,39.59,0.399,1.3,722.867,5.551,0.31,-0.08,1.0,714.0,739.0,False
2025-03-10 09:53:00,S05,Canteen,24.18,50.3,663.0,ok,24.554,0.195,-2.134,52.18,0.674,-3.395,805.933,84.27,-1.855,-0.13,-44.0,663.0,905.0,False
2025-03-10 09:53:00,S06,Study-Hall,22.3,40.2,839.0,ok,22.285,0.08,0.173,40.357,0.411,-0.307,817.767,10.388,2.223,-0.043,6.857,818.0,839.0,False
2025-03-10 09:52:40,S06,Study-Hall,26.84,41.1,830.0,ok,22.428,0.836,45.643,40.357,0.418,1.553,816.833,9.781,1.407,0.02,5.0,818.0,838.0,False
2025-03-10 09:53:10,S01,Lecture-101,22.62,43.8,1129.0,ok,22.669,0.088,-0.493,43.817,0.379,-0.033,1131.033,7.156,-0.253,-0.1,3.0,1121.0,1144.0,False
2025-03-10 09:53:10,S02,Lab-201,22.54,43.6,780.0,ok,22.542,0.059,-0.037,42.597,0.402,2.113,777.733,7.095,0.257,-0.14,10.0,758.0,791.0,False
2025-03-10 09:53:10,S03,Lab-305,23.08,44.0,1226.0,ok,22.957,0.092,1.3,44.21,0.474,-0.393,1195.3,26.14,1.239,0.0,6.0,1207.0,1239.0,False
2025-03-10 09:53:10,S04,Library-1F,21.71,39.8,726.0,ok,21.754,0.088,-0.433,39.59,0.399,0.42,723.233,5.374,0.313,-0.05,6.0,714.0,739.0,False
2025-03-10 09:53:10,S05,Canteen,24.16,50.7,659.0,ok,24.538,0.207,-2.021,52.117,0.721,-2.195,798.367,86.981,-1.744,-0.14,-50.0,659.0,905.0,False
2025-03-10 09:53:20,S01,Lecture-101,22.78,44.1,1138.0,ok,22.672,0.091,1.113,43.82,0.381,0.567,1130.867,6.922,0.697,0.03,1.0,1121.0,1144.0,False
2025-03-10 09:53:20,S02,Lab-201,22.53,42.3,793.0,ok,22.544,0.057,-0.117,42.59,0.405,-0.593,778.167,7.616,1.527,-0.01,16.0,758.0,793.0,False
2025-03-10 09:53:20,S03,Lab-305,22.84,44.3,1238.0,ok,22.953,0.094,-1.173,44.203,0.471,0.18,1198.067,26.12,1.633,0.0,16.0,1207.0,1239.0,False
2025-03-10 09:53:20,S04,Library-1F,21.77,39.6,723.0,ok,21.753,0.088,0.163,39.6,0.396,0.02,723.0,5.219,-0.023,-0.09,4.0,714.0,739.0,False
2025-03-10 09:53:20,S05,Canteen,24.2,51.2,642.0,ok,24.523,0.215,-1.633,52.067,0.731,-1.271,790.133,89.752,-1.798,-0.14,-46.0,642.0,905.0,False
2025-03-10 09:53:20,S06,Study-Hall,22.37,41.0,824.0,ok,22.448,0.833,-0.085,40.447,0.401,1.207,819.0,10.332,0.529,0.043,-1.714,818.0,839.0,False
2025-03-10 09:53:10,S06,Study-Hall,22.26,40.3,838.0,ok,22.444,0.834,-0.216,40.423,0.388,-0.193,819.467,10.868,1.861,-0.02,8.0,818.0,839.0,False
2025-03-10 09:53:30,S01,Lecture-101,22.87,43.6,1138.0,ok,22.682,0.096,1.977,43.807,0.381,-0.44,1131.167,7.032,0.713,0.25,1.0,1121.0,1144.0,False
2025-03-10 09:53:30,S02,Lab-201,22.5,43.1,787.0,ok,22.546,0.054,-0.443,42.627,0.4,1.02,778.8,7.531,0.883,-0.06,11.0,758.0,793.0,False
2025-03-10 09:53:30,S03,Lab-305,22.99,44.4,1246.0,ok,22.954,0.094,0.37,44.213,0.472,0.393,1201.4,25.623,1.835,0.03,13.0,1207.0,1246.0,False
2025-03-10 09:53:30,S04,Library-1F,21.76,39.9,721.0,ok,21.756,0.087,0.07,39.623,0.392,0.6,723.067,5.179,-0.2,-0.1,1.0,714.0,739.0,False
2025-03-10 09:53:30,S05,Canteen,24.24,50.9,638.0,ok,24.503,0.212,-1.318,52.03,0.762,-1.595,781.4,91.424,-1.695,-0.12,-50.0,638.0,905.0,False
2025-03-10 09:53:30,S06,Study-Hall,22.36,41.3,844.0,ok,22.452,0.832,-0.106,40.487,0.422,1.713,821.333,11.062,2.239,0.09,11.0,818.0,844.0,False
2025-03-10 09:53:40,S01,Lecture-101,22.62,43.9,1141.0,ok,22.683,0.095,-0.62,43.817,0.38,0.187,1131.233,7.118,0.983,0.25,1.0,1121.0,1144.0,False
2025-03-10 09:53:40,S02,Lab-201,22.53,42.6,784.0,ok,22.544,0.054,-0.16,42.61,0.39,-0.053,779.233,7.44,0.52,-0.06,6.0,758.0,793.0,False
2025-03-10 09:53:40,S03,Lab-305,22.92,43.7,1258.0,ok,22.95,0.093,-0.34,44.207,0.478,-1.027,1204.433,26.771,2.209,-0.04,17.0,1207.0,1258.0,False
2025-03-10 09:53:40,S04,Library-1F,21.88,40.0,724.0,ok,21.759,0.09,1.24,39.623,0.392,0.753,723.3,5.052,0.093,-0.03,1.0,714.0,739.0,False
2025-03-10 09:53:40,S05,Canteen,24.12,50.8,634.0,ok,24.482,0.217,-1.808,51.957,0.771,-1.615,772.5,92.371,-1.612,-0.12,-51.0,634.0,905.0,False
2025-03-10 09:53:40,S06,Study-Hall,22.31,40.6,838.0,ok,22.455,0.831,-0.171,40.473,0.412,0.227,822.367,11.125,1.507,-0.01,11.0,818.0,844.0,False
2025-03-10 09:53:50,S01,Lecture-101,22.73,43.7,1130.0,ok,22.679,0.09,0.47,43.81,0.38,-0.233,1131.0,7.037,-0.123,0.05,0.0,1122.0,1144.0,False
2025-03-10 09:53:50,S02,Lab-201,22.65,42.5,785.0,ok,22.545,0.056,1.063,42.603,0.39,-0.22,779.6,7.445,0.577,-0.06,4.0,758.0,793.0,False
2025-03-10 09:53:50,S03,Lab-305,23.08,44.4,1248.0,ok,22.95,0.093,1.303,44.213,0.479,0.387,1207.267,26.732,1.627,0.11,19.0,1220.0,1258.0,False
2025-03-10 09:53:50,S04,Library-1F,21.93,39.3,713.0,ok,21.769,0.092,1.707,39.597,0.385,-0.647,723.133,5.309,-1.03,0.03,0.0,713.0,739.0,False
2025-03-10 09:53:50,S05,Canteen,24.04,50.0,616.0,ok,24.46,0.228,-2.033,51.883,0.848,-2.538,762.867,93.142,-1.694,-0.19,-50.0,616.0,894.0,False
2025-03-10 09:53:50,S06,Study-Hall,22.37,39.6,853.0,ok,22.461,0.83,-0.102,40.45,0.441,-1.747,823.967,11.961,2.754,-0.11,16.0,823.0,853.0,False
2025-03-10 09:54:00,S01,Lecture-101,22.73,43.7,1134.0,ok,22.679,0.09,0.51,43.81,0.38,-0.22,1131.333,6.93,0.3,0.05,-6.0,1122.0,1144.0,False
2025-03-10 09:54:00,S02,Lab-201,22.54,42.3,782.0,ok,22.546,0.056,-0.05,42.577,0.382,-0.607,780.133,6.996,0.24,0.02,3.0,770.0,793.0,False
2025-03-10 09:54:00,S03,Lab-305,22.99,44.3,1255.0,ok,22.949,0.093,0.4,44.203,0.474,0.173,1210.3,26.816,1.786,0.02,26.0,1220.0,1258.0,False
2025-03-10 09:54:00,S04,Library-1F,21.81,39.5,731.0,ok,21.774,0.09,0.413,39.613,0.369,-0.193,723.5,5.463,0.787,0.25,3.0,713.0,739.0,False
2025-03-10 09:54:00,S05,Canteen,24.18,50.9,613.0,ok,24.44,0.226,-1.228,51.823,0.852,-1.16,753.633,93.832,-1.609,-0.17,-56.0,613.0,894.0,False
2025-03-10 09:54:00,S06,Study-Hall,22.42,41.0,828.0,ok,22.465,0.83,-0.049,40.453,0.445,1.1,824.267,11.945,0.337,-0.1,8.0,823.0,853.0,False
2025-03-10 09:54:10,S01,Lecture-101,22.75,43.7,1133.0,ok,22.685,0.089,0.707,43.79,0.369,-0.22,1131.633,6.795,0.167,0.11,-7.0,1122.0,1144.0,False
2025-03-10 09:54:10,S02,Lab-201,22.58,42.1,786.0,ok,22.547,0.056,0.343,42.53,0.35,-0.953,780.233,7.06,0.587,0.06,5.0,776.0,793.0,False
2025-03-10 09:54:10,S03,Lab-305,23.09,45.3,1263.0,ok,22.958,0.094,1.407,44.277,0.467,2.193,1213.6,27.013,1.965,0.11,27.0,1220.0,1263.0,False
2025-03-10 09:54:10,S04,Library-1F,21.78,38.7,715.0,ok,21.774,0.09,0.06,39.563,0.388,-1.827,723.167,5.67,-0.85,0.1,-11.0,713.0,739.0,False
2025-03-10 09:54:10,S05,Canteen,24.11,51.1,605.0,ok,24.423,0.23,-1.465,51.76,0.832,-0.849,744.367,94.341,-1.584,-0.07,-50.0,605.0,894.0,False
2025-03-10 09:54:10,S06,Study-Hall,22.34,40.9,841.0,ok,22.47,0.828,-0.151,40.467,0.452,0.893,825.433,11.808,1.401,0.07,3.0,823.0,853.0,False
2025-03-10 09:54:20,S01,Lecture-101,22.56,43.9,1136.0,ok,22.681,0.092,-1.253,43.82,0.338,0.22,1131.9,6.804,0.437,0.11,-4.0,1129.0,1144.0,False
2025-03-10 09:54:20,S02,Lab-201,22.55,42.4,795.0,ok,22.55,0.053,0.03,42.54,0.341,-0.26,780.633,7.545,1.477,0.02,0.0,779.0,795.0,False
2025-03-10 09:54:20,S03,Lab-305,23.0,43.9,1272.0,ok,22.959,0.094,0.42,44.277,0.467,-0.753,1217.0,27.745,2.162,0.03,25.0,1226.0,1272.0,False
2025-03-10 09:54:20,S04,Library-1F,21.72,39.4,720.0,ok,21.771,0.09,-0.54,39.543,0.38,-0.327,723.133,5.686,-0.317,0.07,-6.0,713.0,739.0,False
2025-03-10 09:54:20,S05,Canteen,24.09,50.6,598.0,ok,24.397,0.223,-1.446,51.66,0.782,-1.395,734.8,94.14,-1.551,-0.07,-54.0,598.0,894.0,False
2025-03-10 09:54:20,S06,Study-Hall,22.29,41.1,829.0,ok,22.471,0.828,-0.217,40.49,0.466,1.267,825.9,11.657,0.302,0.04,-9.0,823.0,853.0,False
2025-03-10 09:54:30,S01,Lecture-101,22.69,44.5,1129.0,ok,22.678,0.089,0.087,43.83,0.353,1.36,1131.7,6.798,-0.29,-0.09,-5.0,1129.0,1144.0,False
2025-03-10 09:54:30,S02,Lab-201,22.38,43.3,777.0,ok,22.544,0.062,-1.7,42.58,0.358,1.52,780.633,7.545,-0.363,0.02,-1.0,777.0,795.0,False
2025-03-10 09:54:30,S03,Lab-305,22.94,44.1,1262.0,ok,22.965,0.087,-0.193,44.24,0.434,-0.353,1219.867,27.806,1.622,0.01,25.0,1226.0,1272.0,False
2025-03-10 09:54:30,S04,Library-1F,21.77,39.6,722.0,ok,21.769,0.089,-0.013,39.563,0.366,0.113,723.133,5.686,-0.113,0.01,-3.0,713.0,739.0,False
2025-03-10 09:54:30,S05,Canteen,24.11,49.9,597.0,ok,24.379,0.224,-1.288,51.563,0.814,-2.252,724.9,92.422,-1.464,-0.09,-44.0,597.0,893.0,False
2025-03-10 09:54:30,S06,Study-Hall,22.29,40.2,839.0,ok,22.467,0.829,-0.218,40.49,0.466,-0.58,826.633,11.769,1.124,-0.07,1.0,824.0,853.0,False
2025-03-10 09:54:40,S01,Lecture-101,22.68,43.9,1133.0,ok,22.683,0.083,0.023,43.827,0.352,0.14,1131.7,6.798,0.13,-0.1,-5.0,1129.0,1144.0,False
2025-03-10 09:54:40,S02,Lab-201,22.5,42.7,786.0,ok,22.543,0.062,-0.443,42.593,0.354,0.24,781.167,7.33,0.537,-0.03,-1.0,777.0,795.0,False
2025-03-10 09:54:40,S04,Library-1F,21.79,39.7,723.0,ok,21.767,0.088,0.21,39.55,0.353,0.273,723.267,5.632,-0.013,0.0,-1.0,713.0,739.0,False
2025-03-10 09:54:40,S05,Canteen,24.21,51.4,577.0,ok,24.358,0.207,-0.757,51.523,0.791,-0.201,714.5,90.861,-1.6,-0.09,-41.0,577.0,893.0,False
2025-03-10 09:54:40,S06,Study-Hall,22.51,41.0,835.0,ok,22.475,0.828,0.051,40.543,0.427,1.02,827.367,11.574,0.711,-0.07,-3.0,824.0,853.0,False
2025-03-10 09:54:50,S01,Lecture-101,22.68,43.3,1138.0,ok,22.682,0.083,-0.033,43.827,0.352,-1.053,1132.067,6.833,0.63,-0.05,-5.0,1129.0,1144.0,False
2025-03-10 09:54:50,S02,Lab-201,22.58,42.7,789.0,ok,22.546,0.062,0.367,42.597,0.355,0.213,781.5,7.454,0.783,-0.03,1.0,777.0,795.0,False
2025-03-10 09:54:50,S03,Lab-305,22.77,44.1,1277.0,ok,22.961,0.093,-1.95,44.243,0.433,-0.28,1223.267,28.361,2.055,0.017,22.286,1226.0,1277.0,False
2025-03-10 09:54:50,S04,Library-1F,21.78,40.1,721.0,ok,21.765,0.087,0.127,39.557,0.362,1.1,723.333,5.591,-0.227,-0.1,1.0,713.0,739.0,False
2025-03-10 09:54:50,S05,Canteen,24.21,51.0,576.0,filled,24.34,0.196,-0.714,51.48,0.782,-0.662,703.933,87.766,-1.524,0.09,-57.0,576.0,864.0,False
2025-03-10 09:54:50,S06,Study-Hall,22.31,40.3,840.0,ok,22.475,0.828,-0.2,40.543,0.427,-0.487,828.1,11.657,1.091,-0.05,-5.0,824.0,853.0,False
2025-03-10 09:55:00,S01,Lecture-101,22.89,43.3,1137.0,ok,22.693,0.088,2.077,43.797,0.358,-1.053,1132.467,6.756,0.493,-0.05,3.0,1129.0,1144.0,False
2025-03-10 09:55:00,S02,Lab-201,22.52,43.1,785.0,ok,22.545,0.062,-0.257,42.607,0.365,1.007,781.3,7.269,0.35,-0.02,2.0,777.0,795.0,False
2025-03-10 09:55:00,S03,Lab-305,22.98,44.1,1265.0,ok,22.966,0.09,0.19,44.267,0.404,-0.287,1225.833,28.543,1.472,-0.043,14.571,1226.0,1277.0,False
2025-03-10 09:55:00,S04,Library-1F,21.75,40.0,720.0,ok,21.768,0.084,-0.147,39.573,0.37,0.887,723.2,5.623,-0.333,-0.1,-3.0,713.0,739.0,False
2025-03-10 09:55:00,S05,Canteen,24.07,51.0,586.0,ok,24.321,0.193,-1.38,51.433,0.767,-0.614,694.667,84.913,-1.344,0.09,-39.0,576.0,848.0,False
2025-03-10 09:55:00,S06,Study-Hall,22.18,40.7,852.0,ok,22.473,0.829,-0.357,40.55,0.428,0.313,829.5,11.927,2.05,-0.06,2.0,824.0,853.0,False
2025-03-10 09:55:10,S01,Lecture-101,23.12,43.8,1137.0,ok,22.709,0.117,4.27,43.823,0.324,0.007,1132.967,6.505,0.453,0.16,4.0,1129.0,1144.0,False
2025-03-10 09:55:10,S02,Lab-201,22.49,42.6,775.0,ok,22.545,0.063,-0.55,42.597,0.361,-0.013,780.967,7.323,-0.63,-0.06,0.0,775.0,795.0,False
2025-03-10 09:55:10,S03,Lab-305,23.11,43.7,1267.0,ok,22.976,0.088,1.44,44.247,0.417,-1.133,1228.8,28.02,1.442,-0.009,10.286,1226.0,1277.0,False
2025-03-10 09:55:10,S04,Library-1F,21.88,40.0,723.0,ok,21.775,0.085,1.123,39.587,0.379,0.853,722.9,5.371,-0.02,-0.03,6.0,713.0,739.0,False
2025-03-10 09:55:10,S05,Canteen,24.13,50.0,568.0,ok,24.302,0.181,-0.99,51.337,0.759,-1.868,685.433,83.042,-1.492,0.02,-37.0,568.0,848.0,False
2025-03-10 09:55:10,S06,Study-Hall,22.35,40.9,829.0,ok,22.472,0.829,-0.148,40.563,0.433,0.7,830.533,10.342,-0.042,-0.06,-1.0,824.0,853.0,False
2025-03-10 09:54:40,S03,Lab-305,22.95,44.0,1265.0,ok,22.967,0.086,-0.15,44.24,0.434,-0.48,1222.867,27.653,1.623,0.03,19.0,1226.0,1272.0,False
2025-03-10 09:55:20,S01,Lecture-101,23.45,43.7,1143.0,ok,22.734,0.179,6.313,43.83,0.32,-0.247,1133.767,6.196,1.003,0.39,3.0,1129.0,1144.0,False
2025-03-10 09:55:20,S02,Lab-201,22.55,42.5,779.0,ok,22.543,0.062,0.053,42.597,0.361,-0.193,780.767,7.29,-0.197,-0.03,-7.0,775.0,795.0,False
2025-03-10 09:55:20,S03,Lab-305,22.91,44.4,1278.0,ok,22.974,0.089,-0.663,44.283,0.377,0.26,1234.933,26.586,1.699,-0.02,4.0,1246.0,1278.0,False
2025-03-10 09:55:20,S04,Library-1F,21.73,39.5,707.0,ok,21.778,0.081,-0.447,39.603,0.362,-0.173,722.233,6.044,-1.59,-0.03,0.0,707.0,739.0,False
2025-03-10 09:55:20,S05,Canteen,23.9,50.1,571.0,ok,24.278,0.186,-2.216,51.27,0.777,-1.63,676.2,79.674,-1.378,-0.04,-34.0,568.0,828.0,False
2025-03-10 09:55:20,S06,Study-Hall,22.27,40.5,831.0,ok,22.47,0.829,-0.243,40.563,0.433,-0.127,831.067,9.917,0.045,-0.07,2.0,828.0,853.0,False
2025-03-10 09:55:30,S01,Lecture-101,23.6,43.9,1139.0,ok,22.761,0.239,4.837,43.837,0.319,0.14,1134.033,6.245,0.523,0.76,6.0,1129.0,1144.0,False
2025-03-10 09:55:30,S02,Lab-201,22.48,42.9,783.0,ok,22.541,0.063,-0.63,42.627,0.346,0.607,780.933,7.282,0.223,-0.06,-7.0,775.0,795.0,False
2025-03-10 09:55:30,S03,Lab-305,22.78,43.9,1287.0,ok,22.966,0.095,-1.943,44.29,0.368,-0.767,1237.933,27.228,1.958,-0.09,15.0,1248.0,1287.0,False
2025-03-10 09:55:30,S04,Library-1F,21.84,39.7,712.0,ok,21.782,0.081,0.623,39.627,0.344,0.193,721.667,6.183,-1.023,0.07,-8.0,707.0,739.0,False
2025-03-10 09:55:30,S05,Canteen,24.09,50.2,564.0,ok,24.261,0.179,-1.011,51.213,0.791,-1.377,667.4,76.859,-1.408,-0.02,-30.0,564.0,809.0,False
2025-03-10 09:55:30,S06,Study-Hall,22.34,40.5,848.0,ok,22.473,0.829,-0.157,40.577,0.424,-0.127,831.6,10.388,1.693,0.05,-8.0,828.0,853.0,False
2025-03-10 09:55:40,S01,Lecture-101,23.92,44.3,1142.0,ok,22.801,0.319,4.855,43.84,0.323,0.927,1134.267,6.411,0.797,0.92,9.0,1129.0,1144.0,False
2025-03-10 09:55:40,S02,Lab-201,22.54,42.3,782.0,ok,22.542,0.063,-0.007,42.633,0.338,-0.653,781.233,7.128,0.107,0.04,-4.0,775.0,795.0,False
2025-03-10 09:55:40,S03,Lab-305,22.96,44.3,1292.0,ok,22.96,0.09,-0.057,44.277,0.36,0.02,1241.233,27.591,1.986,-0.04,22.0,1248.0,1292.0,False
2025-03-10 09:55:40,S04,Library-1F,21.76,39.7,711.0,ok,21.779,0.08,-0.217,39.633,0.344,0.147,721.3,6.482,-1.067,-0.01,-11.0,707.0,739.0,False
2025-03-10 09:55:40,S05,Canteen,23.98,50.9,555.0,ok,24.241,0.175,-1.573,51.15,0.734,-0.396,659.233,75.284,-1.462,-0.13,-33.0,555.0,809.0,False
2025-03-10 09:55:40,S06,Study-Hall,22.39,41.0,834.0,ok,22.477,0.828,-0.1,40.61,0.416,0.847,832.467,9.387,0.231,0.05,-1.0,828.0,853.0,False
2025-03-10 09:55:50,S02,Lab-201,22.36,42.0,789.0,ok,22.537,0.071,-1.817,42.603,0.353,-1.267,781.567,7.253,0.777,-0.02,-3.0,775.0,795.0,False
2025-03-10 09:55:50,S03,Lab-305,22.99,44.3,1294.0,ok,22.958,0.089,0.297,44.277,0.36,0.047,1244.333,28.134,1.912,0.02,27.0,1255.0,1294.0,False
2025-03-10 09:55:50,S04,Library-1F,21.68,39.3,708.0,ok,21.777,0.082,-0.987,39.623,0.349,-0.667,720.867,6.922,-1.33,-0.02,-11.0,707.0,739.0,False
2025-03-10 09:55:50,S05,Canteen,23.92,49.9,550.0,ok,24.221,0.177,-1.832,51.08,0.75,-1.703,650.6,72.309,-1.451,-0.23,-22.0,550.0,795.0,False
2025-03-10 09:55:50,S06,Study-Hall,22.4,41.0,853.0,ok,22.48,0.827,-0.093,40.643,0.406,0.78,833.567,9.8,2.053,0.08,9.0,828.0,853.0,False
2025-03-10 09:56:00,S01,Lecture-101,24.43,44.6,1147.0,ok,22.862,0.434,5.111,43.873,0.348,1.52,1134.7,6.819,1.273,1.063,7.714,1129.0,1147.0,False
2025-03-10 09:56:00,S02,Lab-201,22.56,42.6,780.0,ok,22.535,0.069,0.23,42.613,0.348,-0.007,781.767,7.118,-0.157,0.02,-4.0,775.0,795.0,False
2025-03-10 09:56:00,S03,Lab-305,22.93,44.0,1295.0,ok,22.958,0.089,-0.283,44.26,0.361,-0.553,1247.4,28.485,1.801,0.01,29.0,1262.0,1295.0,False
2025-03-10 09:56:00,S04,Library-1F,21.77,40.0,718.0,ok,21.774,0.08,-0.073,39.643,0.353,0.753,720.567,6.841,-0.287,-0.02,-10.0,707.0,739.0,False
2025-03-10 09:56:00,S05,Canteen,23.8,49.9,545.0,ok,24.197,0.183,-2.385,50.987,0.715,-1.574,642.267,69.443,-1.46,-0.29,-27.0,545.0,779.0,False
2025-03-10 09:56:00,S06,Study-Hall,22.33,40.9,842.0,ok,22.488,0.825,-0.182,40.657,0.407,0.513,834.033,9.859,0.843,0.08,2.0,829.0,853.0,False
2025-03-10 09:56:10,S01,Lecture-101,24.68,43.9,1134.0,ok,22.925,0.545,4.193,43.89,0.337,0.053,1135.167,6.232,-0.07,1.5,4.286,1129.0,1147.0,False
2025-03-10 09:56:10,S02,Lab-201,22.43,42.5,774.0,ok,22.532,0.071,-1.047,42.62,0.344,-0.227,781.7,7.183,-0.777,-0.09,-5.0,774.0,795.0,False
2025-03-10 09:56:10,S03,Lab-305,23.01,44.4,1274.0,ok,22.958,0.089,0.52,44.277,0.355,0.28,1249.867,27.424,0.934,0.01,27.0,1262.0,1295.0,False
2025-03-10 09:56:10,S04,Library-1F,21.63,39.2,720.0,ok,21.769,0.084,-1.44,39.627,0.362,-0.887,720.567,6.841,-0.057,-0.1,-3.0,707.0,739.0,False
2025-03-10 09:56:10,S05,Canteen,23.96,50.7,544.0,ok,24.173,0.165,-1.293,50.94,0.685,-0.401,634.433,66.686,-1.415,-0.21,-31.0,544.0,767.0,False
2025-03-10 09:56:10,S06,Study-Hall,22.27,40.8,839.0,ok,22.486,0.825,-0.264,40.667,0.407,0.287,834.533,9.712,0.497,0.02,2.0,829.0,853.0,False
2025-03-10 09:55:50,S01,Lecture-101,24.23,44.5,1134.0,ok,22.855,0.41,4.483,43.87,0.342,1.32,1134.267,6.411,-0.027,1.24,6.0,1129.0,1144.0,False
2025-03-10 09:56:20,S01,Lecture-101,24.81,43.8,1136.0,ok,23.045,0.679,3.09,43.897,0.351,-0.2,1135.567,5.987,0.06,1.56,-1.0,1129.0,1147.0,False
2025-03-10 09:56:20,S02,Lab-201,22.6,42.6,788.0,ok,22.537,0.07,0.683,42.63,0.339,-0.04,781.633,7.112,0.63,0.04,1.0,774.0,795.0,False
2025-03-10 09:56:20,S03,Lab-305,23.0,44.6,1310.0,ok,22.959,0.089,0.417,44.273,0.351,0.647,1253.267,28.361,2.193,0.02,28.0,1262.0,1310.0,False
2025-03-10 09:56:20,S04,Library-1F,21.61,40.3,728.0,ok,21.762,0.088,-1.593,39.637,0.376,1.347,720.2,6.071,0.743,-0.12,0.0,707.0,733.0,False
2025-03-10 09:56:20,S05,Canteen,23.95,50.3,547.0,ok,24.157,0.163,-1.353,50.883,0.664,-0.935,627.1,63.632,-1.311,-0.12,-26.0,544.0,755.0,False
2025-03-10 09:56:20,S06,Study-Hall,22.26,40.7,838.0,ok,22.486,0.825,-0.273,40.66,0.405,0.067,835.0,9.523,0.347,0.0,8.0,829.0,853.0,False
2025-03-10 09:56:30,S01,Lecture-101,25.2,44.1,1130.0,ok,23.129,0.78,3.174,43.887,0.34,0.407,1135.7,5.808,-0.557,1.36,-5.0,1130.0,1147.0,False
2025-03-10 09:56:30,S02,Lab-201,22.56,43.3,787.0,ok,22.537,0.07,0.233,42.65,0.36,1.34,781.867,7.171,0.537,0.07,8.0,774.0,795.0,False
2025-03-10 09:56:30,S03,Lab-305,23.02,43.8,1301.0,ok,22.956,0.086,0.613,44.253,0.361,-0.947,1256.4,28.265,1.683,0.1,23.0,1265.0,1310.0,False
2025-03-10 09:56:30,S04,Library-1F,21.65,40.0,716.0,ok,21.757,0.09,-1.12,39.66,0.377,0.727,720.033,6.117,-0.42,-0.21,8.0,707.0,733.0,False
2025-03-10 09:56:30,S05,Canteen,23.87,51.0,533.0,ok,24.142,0.167,-1.768,50.863,0.65,0.176,619.7,61.104,-1.479,-0.14,-24.0,533.0,739.0,False
2025-03-10 09:56:30,S06,Study-Hall,22.31,40.7,849.0,ok,22.482,0.826,-0.213,40.663,0.405,0.08,835.9,9.528,1.4,-0.07,8.0,829.0,853.0,False
2025-03-10 09:56:40,S01,Lecture-101,25.35,43.7,1129.0,ok,23.216,0.876,2.845,43.897,0.33,-0.373,1135.533,5.929,-0.67,1.6,-12.0,1129.0,1147.0,False
2025-03-10 09:56:40,S02,Lab-201,22.43,42.9,772.0,ok,22.533,0.073,-1.067,42.663,0.361,0.5,781.567,7.394,-0.987,0.02,5.0,772.0,795.0,False
2025-03-10 09:56:40,S03,Lab-305,22.89,44.0,1300.0,ok,22.956,0.086,-0.66,44.237,0.361,-0.507,1259.2,28.286,1.543,0.09,14.0,1265.0,1310.0,False
2025-03-10 09:56:40,S04,Library-1F,21.74,39.5,716.0,ok,21.759,0.089,-0.167,39.643,0.372,-0.32,719.9,6.161,-0.403,-0.11,5.0,707.0,733.0,False
2025-03-10 09:56:40,S05,Canteen,23.97,49.3,531.0,ok,24.127,0.162,-1.028,50.793,0.702,-2.403,612.767,58.86,-1.452,-0.03,-31.0,531.0,716.0,False
2025-03-10 09:56:40,S06,Study-Hall,22.36,40.4,850.0,ok,22.482,0.826,-0.147,40.677,0.388,-0.527,836.9,9.375,1.41,-0.03,15.0,829.0,853.0,False
2025-03-10 09:56:50,S01,Lecture-101,25.7,43.8,1136.0,ok,23.315,0.98,2.837,43.903,0.325,-0.193,1136.033,5.255,0.047,1.43,-9.0,1129.0,1147.0,False
2025-03-10 09:56:50,S02,Lab-201,22.57,42.0,776.0,ok,22.53,0.069,0.37,42.637,0.38,-1.327,781.533,7.417,-0.557,0.08,-7.0,772.0,795.0,False
2025-03-10 09:56:50,S03,Lab-305,22.86,44.5,1308.0,ok,22.957,0.085,-0.96,44.25,0.363,0.527,1262.567,27.866,1.725,-0.07,9.0,1265.0,1310.0,False
2025-03-10 09:56:50,S04,Library-1F,21.8,39.8,722.0,ok,21.762,0.088,0.41,39.653,0.372,0.313,720.0,6.17,0.21,-0.02,5.0,707.0,733.0,False
2025-03-10 09:56:50,S05,Canteen,23.89,49.8,528.0,ok,24.108,0.155,-1.467,50.733,0.707,-1.416,606.5,57.481,-1.44,-0.09,-24.0,528.0,713.0,False
2025-03-10 09:56:50,S06,Study-Hall,22.41,40.9,848.0,ok,22.485,0.825,-0.087,40.677,0.388,0.447,837.9,8.876,1.11,-0.03,1.0,829.0,853.0,False
2025-03-10 09:57:00,S01,Lecture-101,25.9,43.9,1141.0,ok,23.425,1.077,2.637,43.887,0.312,-0.007,1136.167,5.331,0.497,1.47,-6.0,1129.0,1147.0,False
2025-03-10 09:57:00,S02,Lab-201,22.54,42.7,789.0,ok,22.531,0.069,0.1,42.647,0.378,0.127,782.567,6.061,0.747,0.0,-6.0,772.0,795.0,False
2025-03-10 09:57:00,S03,Lab-305,22.85,43.6,1314.0,ok,22.953,0.087,-1.07,44.227,0.381,-1.3,1265.633,28.307,1.846,-0.1,14.0,1267.0,1314.0,False
2025-03-10 09:57:00,S04,Library-1F,21.74,39.0,712.0,ok,21.761,0.088,-0.22,39.65,0.378,-1.307,719.3,5.826,-0.8,-0.02,5.0,707.0,731.0,False
2025-03-10 09:57:00,S05,Canteen,23.82,50.3,541.0,ok,24.095,0.163,-1.858,50.687,0.687,-0.613,600.767,55.018,-1.139,-0.03,-19.0,528.0,705.0,False
2025-03-10 09:57:00,S06,Study-Hall,22.33,40.6,843.0,ok,22.485,0.825,-0.188,40.677,0.388,-0.153,838.333,8.794,0.51,-0.03,6.0,829.0,853.0,False
2025-03-10 09:57:10,S01,Lecture-101,26.24,44.4,1137.0,ok,23.542,1.184,2.613,43.9,0.325,1.027,1136.067,5.285,0.083,1.47,3.0,1129.0,1147.0,False
2025-03-10 09:57:10,S02,Lab-201,22.55,41.9,787.0,ok,22.527,0.065,0.19,42.617,0.4,-1.493,783.133,5.625,0.443,0.12,7.0,772.0,795.0,False
2025-03-10 09:57:10,S03,Lab-305,22.99,44.2,1311.0,ok,22.953,0.087,0.37,44.24,0.373,-0.053,1268.5,28.404,1.603,-0.13,17.0,1274.0,1314.0,False
2025-03-10 09:57:10,S04,Library-1F,21.78,40.1,716.0,ok,21.759,0.087,0.187,39.667,0.386,0.9,719.167,5.855,-0.33,0.1,-2.0,707.0,731.0,False
2025-03-10 09:57:10,S05,Canteen,23.82,50.5,529.0,ok,24.079,0.164,-1.694,50.65,0.666,-0.272,594.9,52.861,-1.304,-0.1,-16.0,528.0,692.0,False
2025-03-10 09:57:10,S06,Study-Hall,22.34,40.5,838.0,ok,22.487,0.825,-0.175,40.693,0.369,-0.353,838.333,8.794,-0.033,0.01,1.0,831.0,853.0,False
2025-03-10 09:57:20,S01,Lecture-101,26.43,44.1,1139.0,ok,23.672,1.28,2.438,43.903,0.326,0.4,1136.633,4.59,0.293,1.56,3.0,1129.0,1147.0,False
2025-03-10 09:57:20,S02,Lab-201,22.63,43.3,782.0,ok,22.53,0.068,1.027,42.637,0.419,1.367,783.333,5.467,-0.113,-0.01,7.0,772.0,795.0,False
2025-03-10 09:57:20,S03,Lab-305,22.85,43.4,1316.0,ok,22.95,0.089,-1.033,44.21,0.403,-1.68,1271.7,28.159,1.672,-0.15,19.0,1274.0,1316.0,False
2025-03-10 09:57:20,S04,Library-1F,21.73,39.9,720.0,ok,21.756,0.086,-0.287,39.67,0.388,0.467,719.1,5.833,0.083,0.11,-4.0,708.0,731.0,False
2025-03-10 09:57:20,S05,Canteen,23.85,50.0,514.0,ok,24.06,0.156,-1.391,50.577,0.608,-0.976,589.067,51.763,-1.53,-0.13,-16.0,514.0,692.0,False
2025-03-10 09:57:20,S06,Study-Hall,22.41,40.5,831.0,ok,22.488,0.825,-0.093,40.703,0.359,-0.387,838.467,8.645,-0.733,0.07,-1.0,831.0,853.0,False
2025-03-10 09:57:30,S01,Lecture-101,26.49,44.0,1134.0,ok,23.804,1.36,2.202,43.913,0.325,0.193,1136.533,4.614,-0.263,1.62,3.0,1129.0,1147.0,False
2025-03-10 09:57:30,S02,Lab-201,22.51,43.2,783.0,ok,22.528,0.067,-0.203,42.66,0.43,1.127,783.367,5.461,-0.033,-0.01,-4.0,772.0,795.0,False
2025-03-10 09:57:30,S03,Lab-305,22.87,43.3,1310.0,ok,22.949,0.089,-0.797,44.157,0.414,-1.82,1274.267,28.018,1.36,-0.14,10.0,1274.0,1316.0,False
2025-03-10 09:57:30,S04,Library-1F,21.78,39.2,717.0,ok,21.753,0.084,0.237,39.647,0.395,-0.94,718.867,5.77,-0.21,0.15,-3.0,708.0,731.0,False
2025-03-10 09:57:30,S05,Canteen,23.71,50.2,524.0,ok,24.039,0.161,-2.237,50.54,0.596,-0.62,583.467,49.271,-1.257,-0.13,-20.0,514.0,684.0,False
2025-03-10 09:57:30,S06,Study-Hall,22.35,39.8,841.0,ok,22.491,0.824,-0.168,40.667,0.392,-1.807,839.067,8.145,0.253,0.08,-1.0,831.0,853.0,False
2025-03-10 09:57:40,S01,Lecture-101,27.02,43.9,1131.0,ok,23.949,1.463,2.365,43.903,0.32,-0.027,1136.3,4.714,-0.553,1.29,4.0,1129.0,1147.0,False
2025-03-10 09:57:40,S02,Lab-201,22.46,42.7,778.0,ok,22.522,0.065,-0.677,42.66,0.43,0.08,783.267,5.533,-0.537,-0.05,-5.0,772.0,795.0,False
2025-03-10 09:57:40,S03,Lab-305,22.9,44.1,1318.0,ok,22.945,0.089,-0.493,44.15,0.413,-0.113,1277.233,27.771,1.561,-0.13,15.0,1274.0,1318.0,False
2025-03-10 09:57:40,S04,Library-1F,21.71,39.2,711.0,ok,21.756,0.081,-0.433,39.653,0.385,-0.893,718.767,5.882,-0.787,0.08,1.0,708.0,731.0,False
2025-03-10 09:57:40,S05,Canteen,23.78,49.9,528.0,ok,24.022,0.16,-1.612,50.497,0.593,-1.074,578.267,46.446,-1.126,-0.17,-9.0,514.0,672.0,False
2025-03-10 09:57:40,S06,Study-Hall,22.16,41.0,838.0,ok,22.335,0.074,-0.402,40.663,0.389,0.667,839.333,7.967,-0.107,0.04,-11.0,831.0,853.0,False
2025-03-10 09:57:50,S01,Lecture-101,27.07,44.4,1133.0,ok,24.094,1.55,2.134,43.923,0.332,0.993,1135.933,4.518,-0.33,1.67,3.0,1129.0,1147.0,False
2025-03-10 09:57:50,S02,Lab-201,22.59,42.9,792.0,ok,22.526,0.066,0.68,42.663,0.432,0.48,783.7,5.694,0.873,-0.05,7.0,772.0,795.0,False
2025-03-10 09:57:50,S03,Lab-305,23.08,44.7,1309.0,ok,22.953,0.09,1.347,44.153,0.417,1.1,1279.933,26.737,1.144,0.01,9.0,1274.0,1318.0,False
2025-03-10 09:57:50,S04,Library-1F,21.77,40.1,713.0,ok,21.753,0.079,0.14,39.677,0.39,0.893,718.5,5.958,-0.577,0.03,-3.0,711.0,731.0,False
2025-03-10 09:57:50,S05,Canteen,23.85,49.3,507.0,ok,24.007,0.154,-1.074,50.403,0.551,-2.017,572.767,44.7,-1.534,-0.11,-7.0,507.0,663.0,False
2025-03-10 09:57:50,S06,Study-Hall,22.26,40.4,848.0,ok,22.328,0.071,-0.753,40.643,0.387,-0.527,840.0,7.821,0.867,-0.1,-8.0,831.0,853.0,False
2025-03-10 09:58:00,S01,Lecture-101,27.55,44.3,1133.0,ok,24.26,1.645,2.23,43.95,0.329,0.753,1135.7,4.481,-0.293,1.37,-3.0,1129.0,1147.0,False
2025-03-10 09:58:00,S02,Lab-201,22.6,42.7,785.0,ok,22.528,0.067,0.743,42.677,0.426,0.073,783.667,5.683,0.13,0.05,9.0,772.0,795.0,False
2025-03-10 09:58:00,S03,Lab-305,22.94,44.5,1328.0,ok,22.952,0.09,-0.133,44.143,0.405,0.693,1282.9,26.976,1.798,0.08,10.0,1274.0,1328.0,False
2025-03-10 09:58:00,S04,Library-1F,21.87,39.9,701.0,ok,21.764,0.072,1.167,39.667,0.38,0.447,717.667,6.588,-1.75,0.03,-5.0,701.0,731.0,False
2025-03-10 09:58:00,S05,Canteen,23.67,49.7,501.0,ok,23.99,0.162,-2.191,50.383,0.566,-1.276,567.367,43.183,-1.606,-0.11,-24.0,501.0,659.0,False
2025-03-10 09:58:00,S06,Study-Hall,22.18,40.6,839.0,ok,22.324,0.076,-1.483,40.657,0.378,-0.087,840.0,7.821,-0.1,-0.18,-9.0,831.0,853.0,False
2025-03-10 09:58:10,S01,Lecture-101,27.86,43.8,1117.0,ok,24.434,1.74,2.189,43.95,0.329,-0.3,1135.3,5.516,-1.87,1.65,-4.0,1117.0,1147.0,False
2025-03-10 09:58:10,S02,Lab-201,22.45,43.0,789.0,ok,22.525,0.069,-0.783,42.657,0.395,0.647,783.967,5.72,0.533,0.04,2.0,772.0,795.0,False
2025-03-10 09:58:10,S03,Lab-305,22.98,44.3,1316.0,ok,22.949,0.087,0.277,44.153,0.405,0.313,1285.9,25.387,1.227,0.12,5.0,1300.0,1328.0,False
2025-03-10 09:58:10,S04,Library-1F,21.77,39.4,710.0,ok,21.766,0.071,0.06,39.653,0.382,-0.533,717.133,6.538,-0.767,-0.01,-6.0,701.0,731.0,False
2025-03-10 09:58:10,S05,Canteen,23.66,49.9,507.0,ok,23.973,0.169,-2.037,50.357,0.569,-0.854,562.3,40.919,-1.398,-0.15,-22.0,501.0,642.0,False
2025-03-10 09:58:10,S06,Study-Hall,22.41,40.7,830.0,ok,22.329,0.076,0.857,40.67,0.372,0.087,839.733,8.026,-1.0,-0.08,-4.0,830.0,853.0,False
2025-03-10 09:58:20,S01,Lecture-101,28.04,44.0,1127.0,ok,24.61,1.831,2.072,43.947,0.328,0.1,1134.933,5.693,-0.83,1.62,-12.0,1117.0,1147.0,False
2025-03-10 09:58:20,S02,Lab-201,22.52,43.2,789.0,ok,22.525,0.069,-0.053,42.687,0.401,1.087,783.833,5.547,0.503,-0.03,2.0,772.0,795.0,False
2025-03-10 09:58:20,S03,Lab-305,22.76,44.2,1326.0,ok,22.946,0.091,-1.89,44.15,0.404,0.093,1288.833,24.737,1.58,0.09,12.0,1300.0,1328.0,False
2025-03-10 09:58:20,S04,Library-1F,21.76,40.2,719.0,ok,21.766,0.071,-0.06,39.673,0.395,1.093,717.0,6.454,0.187,0.03,-6.0,701.0,731.0,False
2025-03-10 09:58:20,S05,Canteen,23.76,49.7,505.0,ok,23.959,0.168,-1.259,50.307,0.558,-1.154,557.733,39.331,-1.4,-0.15,-24.0,501.0,638.0,False
2025-03-10 09:58:20,S06,Study-Hall,22.36,40.2,855.0,ok,22.329,0.076,0.307,40.643,0.376,-0.94,840.767,7.925,1.527,0.02,1.0,830.0,855.0,False
2025-03-10 09:58:30,S01,Lecture-101,28.13,43.2,1134.0,ok,24.785,1.908,1.923,43.933,0.35,-1.493,1134.8,5.665,-0.093,1.61,-10.0,1117.0,1147.0,False
2025-03-10 09:58:30,S02,Lab-201,22.45,42.4,787.0,ok,22.523,0.07,-0.75,42.663,0.396,-0.573,783.833,5.547,0.317,-0.1,6.0,772.0,795.0,False
2025-03-10 09:58:30,S03,Lab-305,22.88,44.3,1338.0,ok,22.943,0.092,-0.663,44.147,0.402,0.3,1291.9,24.946,1.988,0.01,15.0,1300.0,1338.0,False
2025-03-10 09:58:30,S04,Library-1F,21.75,39.5,699.0,ok,21.765,0.071,-0.157,39.66,0.394,-0.347,716.267,7.192,-1.8,-0.02,-7.0,699.0,731.0,False
2025-03-10 09:58:30,S05,Canteen,23.72,49.1,502.0,ok,23.941,0.165,-1.419,50.247,0.588,-2.161,553.2,37.559,-1.417,-0.1,-19.0,501.0,634.0,False
2025-03-10 09:58:30,S06,Study-Hall,22.45,40.6,842.0,ok,22.332,0.079,1.21,40.62,0.355,-0.087,840.7,7.905,0.123,0.06,4.0,830.0,855.0,False
2025-03-10 09:58:40,S01,Lecture-101,28.4,44.2,1132.0,ok,24.978,1.973,1.894,43.943,0.353,0.533,1134.5,5.563,-0.28,1.64,-2.0,1117.0,1147.0,False
2025-03-10 09:58:40,S02,Lab-201,22.54,42.4,772.0,ok,22.524,0.07,0.167,42.657,0.399,-0.527,783.433,5.952,-1.183,0.01,5.0,772.0,795.0,False
2025-03-10 09:58:40,S03,Lab-305,23.12,43.3,1332.0,ok,22.949,0.097,1.773,44.133,0.424,-1.693,1294.367,25.136,1.607,0.01,16.0,1308.0,1338.0,False
2025-03-10 09:58:40,S04,Library-1F,21.64,39.8,715.0,ok,21.757,0.071,-1.253,39.653,0.389,0.28,715.967,7.044,-0.127,0.02,-2.0,699.0,731.0,False
2025-03-10 09:58:40,S05,Canteen,23.79,49.9,506.0,ok,23.93,0.164,-0.917,50.217,0.582,-0.589,548.933,35.263,-1.257,-0.02,-19.0,501.0,616.0,False
2025-03-10 09:58:50,S01,Lecture-101,28.69,43.4,1147.0,ok,25.176,2.038,1.882,43.933,0.364,-1.087,1135.067,5.942,1.25,1.38,1.0,1117.0,1147.0,False
2025-03-10 09:58:50,S02,Lab-201,22.56,42.5,772.0,ok,22.521,0.066,0.363,42.657,0.399,-0.313,783.0,6.297,-1.143,0.03,-11.0,772.0,795.0,False
2025-03-10 09:58:50,S03,Lab-305,22.92,44.4,1339.0,ok,22.944,0.094,-0.293,44.133,0.424,0.533,1297.4,24.837,1.776,0.02,28.0,1309.0,1339.0,False
2025-03-10 09:58:50,S04,Library-1F,21.6,39.6,706.0,ok,21.746,0.069,-1.573,39.663,0.384,-0.107,715.733,7.258,-0.997,-0.13,-7.0,699.0,731.0,False
2025-03-10 09:58:50,S05,Canteen,23.56,48.8,518.0,ok,23.914,0.176,-2.263,50.177,0.636,-2.434,545.667,33.322,-0.877,-0.06,-18.0,501.0,613.0,False
2025-03-10 09:58:50,S06,Study-Hall,22.34,40.6,842.0,ok,22.333,0.079,0.08,40.62,0.355,-0.04,840.833,7.892,0.13,0.009,3.429,830.0,855.0,False
2025-03-10 09:58:40,S06,Study-Hall,22.48,40.4,840.0,ok,22.338,0.084,1.48,40.613,0.357,-0.44,840.767,7.89,-0.07,0.1,4.0,830.0,855.0,False
2025-03-10 09:59:00,S01,Lecture-101,29.04,44.0,1126.0,ok,25.387,2.101,1.896,43.943,0.362,0.133,1134.8,6.167,-0.907,1.62,-1.0,1117.0,1147.0,False
2025-03-10 09:59:00,S02,Lab-201,22.57,42.7,769.0,ok,22.522,0.067,0.493,42.67,0.393,0.087,782.567,6.796,-1.4,-0.03,-13.0,769.0,795.0,False
2025-03-10 09:59:00,S03,Lab-305,22.99,44.3,1344.0,ok,22.944,0.094,0.46,44.133,0.424,0.333,1300.367,24.913,1.876,0.05,21.0,1309.0,1344.0,False
2025-03-10 09:59:00,S04,Library-1F,21.75,40.1,708.0,ok,21.744,0.068,0.037,39.683,0.39,0.873,714.967,6.79,-0.773,-0.13,-3.0,699.0,728.0,False
2025-03-10 09:59:00,S05,Canteen,23.73,48.5,492.0,ok,23.899,0.171,-1.05,50.097,0.691,-2.636,541.633,32.195,-1.611,-0.05,-1.0,492.0,605.0,False
2025-03-10 09:59:00,S06,Study-Hall,22.4,40.9,844.0,ok,22.336,0.083,0.633,40.643,0.298,0.507,840.933,7.201,0.36,0.22,3.0,830.0,855.0,False
2025-03-10 09:59:10,S01,Lecture-101,29.21,43.7,1112.0,ok,25.602,2.152,1.819,43.943,0.362,-0.487,1134.1,7.439,-2.28,1.49,-7.0,1112.0,1147.0,False
2025-03-10 09:59:10,S02,Lab-201,22.54,42.4,783.0,ok,22.52,0.066,0.183,42.68,0.382,-0.54,782.467,6.766,0.043,-0.03,-17.0,769.0,795.0,False
2025-03-10 09:59:10,S03,Lab-305,22.87,43.9,1339.0,ok,22.937,0.091,-0.74,44.087,0.364,-0.467,1302.9,24.846,1.551,-0.06,23.0,1309.0,1344.0,False
2025-03-10 09:59:10,S04,Library-1F,21.62,40.1,720.0,ok,21.739,0.072,-1.243,39.73,0.351,0.833,715.133,6.852,0.503,-0.15,-2.0,699.0,728.0,False
2025-03-10 09:59:10,S05,Canteen,23.69,48.9,499.0,ok,23.885,0.171,-1.222,50.023,0.697,-1.733,538.1,30.787,-1.324,0.02,-8.0,492.0,598.0,False
2025-03-10 09:59:10,S06,Study-Hall,22.4,40.5,838.0,ok,22.338,0.084,0.64,40.63,0.295,-0.287,840.833,7.221,-0.293,0.14,3.0,830.0,855.0,False
2025-03-10 09:59:20,S01,Lecture-101,29.42,44.2,1129.0,ok,25.831,2.182,1.774,43.953,0.365,0.513,1133.867,7.487,-0.51,1.35,-1.0,1112.0,1147.0,False
2025-03-10 09:59:20,S02,Lab-201,22.61,42.7,783.0,ok,22.522,0.068,0.897,42.69,0.378,0.04,782.067,6.341,0.053,0.05,-6.0,769.0,792.0,False
2025-03-10 09:59:20,S03,Lab-305,23.16,44.7,1343.0,ok,22.942,0.099,2.233,44.113,0.379,1.227,1305.267,25.181,1.614,0.05,17.0,1309.0,1344.0,False
2025-03-10 09:59:20,S04,Library-1F,21.76,39.8,708.0,ok,21.74,0.072,0.21,39.743,0.345,0.14,714.733,6.908,-0.713,-0.02,-2.0,699.0,728.0,False
2025-03-10 09:59:20,S05,Canteen,23.62,48.9,483.0,ok,23.87,0.173,-1.555,49.967,0.717,-1.611,534.267,30.226,-1.79,0.02,-13.0,483.0,597.0,False
2025-03-10 09:59:20,S06,Study-Hall,22.42,40.4,847.0,ok,22.342,0.084,0.82,40.607,0.284,-0.46,841.433,6.947,0.617,0.04,5.0,830.0,855.0,False
2025-03-10 09:59:30,S01,Lecture-101,29.64,44.0,1136.0,ok,26.062,2.206,1.746,43.937,0.35,0.093,1134.1,7.439,0.213,1.38,2.0,1112.0,1147.0,False
2025-03-10 09:59:30,S02,Lab-201,22.49,43.1,787.0,ok,22.526,0.062,-0.323,42.683,0.369,0.82,782.4,6.328,0.493,0.09,-6.0,769.0,792.0,False
2025-03-10 09:59:30,S03,Lab-305,22.9,44.1,1335.0,ok,22.941,0.099,-0.42,44.113,0.379,-0.027,1307.7,24.369,1.181,0.02,13.0,1309.0,1344.0,False
2025-03-10 09:59:30,S04,Library-1F,21.91,39.5,728.0,ok,21.745,0.078,1.697,39.74,0.347,-0.487,714.933,7.206,1.327,0.0,10.0,699.0,728.0,False
2025-03-10 09:59:30,S05,Canteen,23.63,48.6,488.0,ok,23.854,0.172,-1.387,49.923,0.76,-1.905,530.633,28.949,-1.531,-0.09,-17.0,483.0,586.0,False
2025-03-10 09:59:30,S06,Study-Hall,22.43,40.6,847.0,ok,22.347,0.085,0.877,40.62,0.273,-0.013,841.7,7.003,0.557,0.01,5.0,830.0,855.0,False
2025-03-10 09:59:40,S01,Lecture-101,30.02,44.1,1117.0,ok,26.307,2.225,1.794,43.943,0.351,0.327,1133.567,8.067,-1.71,1.51,-3.0,1112.0,1147.0,False
2025-03-10 09:59:40,S02,Lab-201,22.66,42.5,789.0,ok,22.531,0.067,1.34,42.677,0.37,-0.367,782.5,6.41,0.66,0.09,0.0,769.0,792.0,False
2025-03-10 09:59:40,S03,Lab-305,22.96,44.2,1352.0,ok,22.941,0.099,0.193,44.12,0.378,0.173,1310.6,24.289,1.818,0.08,11.0,1309.0,1352.0,False
2025-03-10 09:59:40,S04,Library-1F,21.75,39.6,703.0,ok,21.744,0.077,0.05,39.737,0.348,-0.28,714.267,7.358,-1.193,0.01,-7.0,699.0,728.0,False
2025-03-10 09:59:40,S05,Canteen,23.58,49.1,493.0,ok,23.833,0.165,-1.592,49.847,0.721,-1.084,527.833,28.366,-1.3,-0.14,-17.0,483.0,586.0,False
2025-03-10 09:59:40,S06,Study-Hall,22.06,40.6,848.0,ok,22.332,0.095,-2.87,40.607,0.264,-0.04,842.133,6.976,0.63,-0.03,5.0,830.0,855.0,False
2025-03-10 09:59:50,S01,Lecture-101,30.2,43.5,1133.0,ok,26.558,2.226,1.75,43.95,0.34,-0.887,1133.4,8.024,-0.057,1.62,-1.0,1112.0,1147.0,False
2025-03-10 09:59:50,S02,Lab-201,22.57,42.4,786.0,ok,22.531,0.067,0.387,42.667,0.374,-0.553,782.4,6.328,0.35,0.03,15.0,769.0,792.0,False
2025-03-10 09:59:50,S03,Lab-305,22.97,43.9,1340.0,ok,22.948,0.094,0.29,44.113,0.38,-0.44,1312.7,24.006,1.21,0.04,2.0,1316.0,1352.0,False
2025-03-10 09:59:50,S04,Library-1F,21.76,39.2,707.0,ok,21.743,0.077,0.163,39.707,0.354,-1.073,713.8,7.36,-0.727,0.12,1.0,699.0,728.0,False
2025-03-10 09:59:50,S06,Study-Hall,22.26,40.3,851.0,ok,22.33,0.096,-0.72,40.607,0.264,-0.613,842.5,7.147,0.887,-0.19,6.0,830.0,855.0,False
2025-03-10 10:00:00,S01,Lecture-101,29.62,43.0,1137.0,ok,26.782,2.182,1.376,43.94,0.364,-1.9,1133.4,8.024,0.36,1.33,1.0,1112.0,1147.0,False
2025-03-10 10:00:00,S02,Lab-201,22.68,42.8,782.0,ok,22.536,0.072,1.49,42.657,0.365,0.267,782.3,6.309,-0.04,0.1,14.0,769.0,792.0,False
2025-03-10 10:00:00,S03,Lab-305,23.02,44.0,1343.0,ok,22.949,0.095,0.723,44.11,0.381,-0.227,1315.3,22.858,1.262,-0.02,4.0,1316.0,1352.0,False
2025-03-10 10:00:00,S04,Library-1F,21.74,39.3,717.0,ok,21.743,0.077,-0.03,39.683,0.357,-0.813,713.7,7.293,0.32,0.11,-1.0,699.0,728.0,False
2025-03-10 10:00:00,S05,Canteen,23.64,49.0,508.0,ok,23.814,0.153,-1.166,49.78,0.702,-1.175,525.567,27.072,-0.699,-0.077,-11.143,483.0,586.0,False
2025-03-10 10:00:00,S06,Study-Hall,22.3,41.0,835.0,ok,22.334,0.091,-0.303,40.617,0.273,0.787,841.933,7.041,-0.75,-0.14,6.0,830.0,855.0,False
2025-03-10 10:00:10,S01,Lecture-101,29.3,44.0,1137.0,ok,26.988,2.115,1.154,43.947,0.363,0.12,1133.4,8.024,0.36,0.58,11.0,1112.0,1147.0,False
2025-03-10 10:00:10,S02,Lab-201,22.5,42.6,769.0,ok,22.537,0.072,-0.363,42.657,0.365,-0.113,782.1,6.635,-1.33,0.01,10.0,769.0,792.0,False
2025-03-10 10:00:10,S03,Lab-305,22.87,44.5,1357.0,ok,22.941,0.091,-0.79,44.137,0.379,0.78,1318.3,22.197,1.824,0.05,4.0,1326.0,1357.0,False
2025-03-10 10:00:10,S04,Library-1F,21.76,39.9,716.0,ok,21.739,0.073,0.173,39.68,0.355,0.433,713.467,7.094,0.23,0.14,8.0,699.0,728.0,False
2025-03-10 10:00:10,S05,Canteen,23.76,49.0,503.0,ok,23.803,0.145,-0.352,49.713,0.677,-1.11,522.8,24.831,-0.834,-0.077,-2.571,483.0,571.0,False
2025-03-10 10:00:10,S06,Study-Hall,22.55,41.3,853.0,ok,22.341,0.1,2.157,40.63,0.296,1.367,842.733,6.883,1.107,-0.1,9.0,835.0,855.0,False
2025-03-10 09:59:50,S05,Canteen,23.61,48.8,495.0,ok,23.813,0.154,-1.347,49.773,0.711,-1.453,525.133,27.464,-1.157,-0.11,-13.0,483.0,586.0,False
2025-03-10 10:00:20,S01,Lecture-101,28.73,44.0,1130.0,ok,27.164,2.028,0.824,43.957,0.36,0.107,1132.967,7.837,-0.34,0.09,11.0,1112.0,1147.0,False
2025-03-10 10:00:20,S02,Lab-201,22.64,42.9,761.0,ok,22.54,0.074,1.033,42.67,0.367,0.487,781.5,7.66,-2.11,0.07,-14.0,761.0,792.0,False
2025-03-10 10:00:20,S03,Lab-305,23.06,44.2,1367.0,ok,22.946,0.093,1.19,44.13,0.376,0.127,1321.267,22.569,2.194,0.03,14.0,1332.0,1367.0,False
2025-03-10 10:00:20,S04,Library-1F,21.78,39.6,727.0,ok,21.74,0.073,0.413,39.683,0.353,-0.16,714.133,7.399,1.353,0.01,9.0,699.0,728.0,False
2025-03-10 10:00:20,S05,Canteen,23.8,49.7,532.0,ok,23.783,0.134,0.103,49.66,0.69,0.038,519.067,21.936,0.489,0.07,16.0,483.0,564.0,False
2025-03-10 10:00:20,S06,Study-Hall,22.41,41.9,842.0,ok,22.346,0.099,0.69,40.677,0.375,2.54,843.1,6.52,-0.073,0.01,-2.0,835.0,855.0,False
2025-03-10 10:00:30,S01,Lecture-101,28.21,43.3,1151.0,ok,27.318,1.921,0.516,43.937,0.379,-1.313,1133.367,8.438,1.803,-0.69,8.0,1112.0,1151.0,False
2025-03-10 10:00:30,S02,Lab-201,22.53,43.1,759.0,ok,22.541,0.073,-0.097,42.677,0.373,0.86,780.7,8.683,-2.25,-0.01,-22.0,759.0,792.0,False
2025-03-10 10:00:30,S03,Lab-305,22.95,44.4,1359.0,ok,22.952,0.088,0.04,44.147,0.377,0.54,1323.667,22.628,1.672,0.05,20.0,1332.0,1367.0,False
2025-03-10 10:00:30,S04,Library-1F,21.84,39.6,709.0,ok,21.74,0.073,0.997,39.68,0.354,-0.167,714.033,7.449,-0.513,0.02,-4.0,703.0,728.0,False
2025-03-10 10:00:30,S05,Canteen,23.86,49.1,545.0,ok,23.775,0.122,0.578,49.623,0.69,-0.811,518.433,20.84,1.182,0.17,44.0,483.0,555.0,False
2025-03-10 10:00:30,S06,Study-Hall,22.39,41.4,845.0,ok,22.347,0.1,0.443,40.707,0.396,1.447,843.0,6.465,0.19,-0.01,-2.0,835.0,855.0,False
2025-03-10 10:00:40,S01,Lecture-101,27.99,43.8,1140.0,ok,27.453,1.813,0.35,43.92,0.374,-0.273,1133.3,8.375,0.663,-1.43,11.0,1112.0,1151.0,False
2025-03-10 10:00:40,S02,Lab-201,22.42,42.8,742.0,ok,22.537,0.076,-1.213,42.693,0.367,0.247,779.367,11.186,-3.87,-0.08,-28.0,742.0,792.0,False
2025-03-10 10:00:40,S03,Lab-305,23.0,43.8,1360.0,ok,22.953,0.088,0.483,44.13,0.381,-0.693,1325.933,22.752,1.606,0.04,17.0,1335.0,1367.0,False
2025-03-10 10:00:40,S04,Library-1F,21.55,40.0,709.0,ok,21.733,0.081,-1.903,39.69,0.358,0.64,713.967,7.486,-0.503,0.02,1.0,703.0,728.0,False
2025-03-10 10:00:40,S05,Canteen,23.85,49.8,569.0,ok,23.771,0.116,0.617,49.587,0.647,0.256,518.9,21.821,2.426,0.23,57.0,483.0,569.0,False
2025-03-10 10:00:40,S06,Study-Hall,22.38,41.0,848.0,ok,22.347,0.1,0.327,40.707,0.396,0.587,843.467,6.296,0.5,-0.03,-2.0,835.0,855.0,False
2025-03-10 10:00:50,S01,Lecture-101,27.57,43.5,1134.0,ok,27.565,1.708,0.064,43.887,0.365,-0.84,1133.3,8.375,0.07,-2.03,7.0,1112.0,1151.0,False
2025-03-10 10:00:50,S02,Lab-201,22.53,42.8,738.0,ok,22.543,0.069,-0.073,42.72,0.343,0.213,777.667,13.34,-3.698,-0.04,-45.0,738.0,792.0,False
2025-03-10 10:00:50,S03,Lab-305,22.97,43.4,1366.0,ok,22.952,0.088,0.17,44.1,0.402,-1.46,1328.333,23.063,1.761,0.01,20.0,1335.0,1367.0,False
2025-03-10 10:00:50,S04,Library-1F,21.83,39.1,723.0,ok,21.738,0.082,0.967,39.683,0.368,-1.18,714.467,7.574,0.903,0.07,2.0,703.0,728.0,False
2025-03-10 10:00:50,S05,Canteen,23.86,49.7,581.0,ok,23.769,0.114,0.769,49.58,0.645,0.175,519.933,23.973,2.846,0.25,76.0,483.0,581.0,False
2025-03-10 10:00:50,S06,Study-Hall,22.33,40.6,848.0,ok,22.345,0.099,-0.17,40.693,0.392,-0.213,843.3,6.098,0.453,0.12,0.0,835.0,855.0,False
2025-03-10 10:01:00,S01,Lecture-101,27.18,43.5,1132.0,ok,27.656,1.605,-0.225,43.85,0.345,-0.773,1132.8,7.967,-0.13,-2.45,1.0,1112.0,1151.0,False
2025-03-10 10:01:00,S02,Lab-201,22.53,41.8,740.0,ok,22.542,0.069,-0.13,42.693,0.381,-1.84,776.333,14.995,-2.824,-0.13,-46.0,738.0,792.0,False
2025-03-10 10:01:00,S03,Lab-305,23.06,44.5,1368.0,ok,22.957,0.09,1.077,44.117,0.408,0.8,1330.767,23.274,1.72,0.03,23.0,1335.0,1368.0,False
2025-03-10 10:01:00,S04,Library-1F,21.71,40.2,719.0,ok,21.736,0.082,-0.283,39.69,0.375,1.033,714.5,7.592,0.453,-0.04,12.0,703.0,728.0,False
2025-03-10 10:01:00,S05,Canteen,23.71,49.6,587.0,ok,23.766,0.114,-0.515,49.57,0.642,0.031,521.333,26.572,2.798,0.24,86.0,483.0,587.0,False
2025-03-10 10:01:00,S06,Study-Hall,22.33,40.4,848.0,ok,22.345,0.099,-0.147,40.677,0.394,-0.587,843.5,6.152,0.47,0.07,0.0,835.0,855.0,False
2025-03-10 10:01:10,S01,Lecture-101,27.0,43.6,1133.0,ok,27.734,1.509,-0.409,43.84,0.348,-0.5,1132.767,7.964,0.02,-2.44,-4.0,1117.0,1151.0,False
2025-03-10 10:01:10,S02,Lab-201,22.57,42.8,738.0,ok,22.547,0.066,0.28,42.703,0.38,0.213,775.133,16.548,-2.556,-0.04,-44.0,738.0,792.0,False
2025-03-10 10:01:10,S03,Lab-305,22.95,44.0,1362.0,ok,22.955,0.089,-0.067,44.103,0.405,-0.233,1333.7,21.338,1.342,0.0,23.0,1335.0,1368.0,False
2025-03-10 10:01:10,S04,Library-1F,21.67,39.9,722.0,ok,21.738,0.08,-0.663,39.713,0.366,0.42,714.567,7.65,0.75,-0.05,6.0,703.0,728.0,False
2025-03-10 10:01:10,S05,Canteen,23.74,49.7,603.0,ok,23.758,0.108,-0.225,49.537,0.607,0.202,523.3,30.238,3.073,0.1,84.0,483.0,603.0,False
2025-03-10 10:01:10,S06,Study-Hall,22.37,40.5,862.0,ok,22.348,0.098,0.253,40.667,0.394,-0.353,844.267,6.953,1.85,0.03,-3.0,835.0,862.0,False
2025-03-10 10:01:20,S01,Lecture-101,26.74,43.8,1127.0,ok,27.798,1.419,-0.658,43.84,0.348,-0.08,1132.467,8.007,-0.577,-2.3,-5.0,1117.0,1151.0,False
2025-03-10 10:01:20,S02,Lab-201,22.51,42.9,737.0,ok,22.544,0.065,-0.367,42.713,0.381,0.393,773.433,17.756,-2.304,-0.11,-31.0,737.0,792.0,False
2025-03-10 10:01:20,S03,Lab-305,22.96,44.2,1376.0,ok,22.953,0.089,0.053,44.09,0.394,0.193,1335.9,22.196,1.982,-0.06,11.0,1335.0,1376.0,False
2025-03-10 10:01:20,S04,Library-1F,21.77,39.4,719.0,ok,21.743,0.077,0.323,39.683,0.352,-0.627,714.267,7.273,0.443,-0.05,2.0,703.0,728.0,False
2025-03-10 10:01:20,S05,Canteen,23.82,49.9,629.0,ok,23.754,0.103,0.569,49.523,0.593,0.599,526.033,35.672,3.496,-0.02,95.0,488.0,629.0,False
2025-03-10 10:01:20,S06,Study-Hall,22.35,40.2,860.0,ok,22.351,0.097,0.02,40.65,0.403,-0.933,845.0,7.414,1.573,-0.06,18.0,835.0,862.0,False
2025-03-10 10:01:30,S01,Lecture-101,26.31,43.7,1141.0,ok,27.835,1.362,-1.049,43.827,0.345,-0.28,1132.833,8.141,0.853,-1.99,-4.0,1117.0,1151.0,False
2025-03-10 10:01:30,S02,Lab-201,22.53,42.7,722.0,ok,22.543,0.065,-0.137,42.693,0.365,-0.027,771.267,19.882,-2.897,0.0,-24.0,722.0,792.0,False
2025-03-10 10:01:30,S03,Lab-305,22.89,44.3,1379.0,ok,22.949,0.089,-0.633,44.107,0.392,0.42,1338.5,22.532,1.942,0.0,17.0,1340.0,1379.0,False
2025-03-10 10:01:30,S04,Library-1F,21.69,39.5,723.0,ok,21.744,0.076,-0.53,39.667,0.349,-0.367,714.5,7.441,0.873,-0.09,6.0,703.0,728.0,False
2025-03-10 10:01:30,S05,Canteen,24.03,50.1,642.0,ok,23.759,0.113,2.684,49.493,0.536,0.972,529.667,41.484,3.251,0.02,97.0,493.0,642.0,False
2025-03-10 10:01:30,S06,Study-Hall,22.29,41.1,859.0,ok,22.35,0.097,-0.61,40.663,0.411,0.9,845.333,7.814,1.4,-0.06,15.0,835.0,862.0,False
2025-03-10 10:01:40,S01,Lecture-101,26.21,43.9,1139.0,ok,27.864,1.316,-1.193,43.833,0.345,0.147,1133.167,8.184,0.617,-1.9,-1.0,1127.0,1151.0,False
2025-03-10 10:01:40,S02,Lab-201,22.48,43.2,721.0,ok,22.544,0.063,-0.627,42.703,0.375,1.013,769.567,21.896,-2.528,-0.02,-37.0,721.0,792.0,False
2025-03-10 10:01:40,S03,Lab-305,22.87,44.0,1383.0,ok,22.948,0.089,-0.79,44.107,0.392,-0.213,1341.267,22.737,1.975,-0.11,19.0,1340.0,1383.0,False
2025-03-10 10:01:40,S04,Library-1F,21.68,39.9,714.0,ok,21.742,0.077,-0.643,39.68,0.35,0.467,714.433,7.436,-0.05,-0.09,10.0,707.0,728.0,False
2025-03-10 10:01:40,S05,Canteen,23.88,49.7,645.0,ok,23.756,0.108,1.07,49.507,0.536,0.385,533.467,46.525,2.78,0.03,97.0,495.0,645.0,False
2025-03-10 10:01:40,S06,Study-Hall,22.31,41.5,840.0,ok,22.349,0.097,-0.403,40.7,0.435,1.673,845.0,7.821,-0.533,-0.08,14.0,835.0,862.0,False
2025-03-10 10:01:50,S01,Lecture-101,25.66,43.7,1132.0,ok,27.862,1.319,-1.674,43.83,0.346,-0.267,1133.033,8.168,-0.117,-1.78,-1.0,1127.0,1151.0,False
2025-03-10 10:01:50,S02,Lab-201,22.42,42.5,714.0,ok,22.539,0.066,-1.243,42.72,0.353,-0.407,767.5,24.084,-2.538,-0.05,-21.0,714.0,792.0,False
2025-03-10 10:01:50,S03,Lab-305,23.0,44.3,1389.0,ok,22.953,0.088,0.517,44.1,0.387,0.387,1343.967,23.448,2.099,-0.08,23.0,1343.0,1389.0,False
2025-03-10 10:01:50,S04,Library-1F,21.74,39.9,709.0,ok,21.74,0.076,-0.023,39.683,0.351,0.44,714.0,7.358,-0.543,-0.14,5.0,709.0,728.0,False
2025-03-10 10:01:50,S05,Canteen,23.92,50.4,659.0,ok,23.757,0.109,1.515,49.527,0.558,1.666,537.833,51.839,2.698,0.06,76.0,503.0,659.0,False
2025-03-10 10:01:50,S06,Study-Hall,22.34,40.7,861.0,ok,22.346,0.097,-0.087,40.693,0.434,0.0,845.433,8.336,1.6,-0.07,11.0,835.0,862.0,False
2025-03-10 10:02:00,S01,Lecture-101,25.59,44.1,1126.0,ok,27.852,1.336,-1.723,43.837,0.349,0.54,1132.533,8.123,-0.703,-1.91,-2.0,1126.0,1151.0,False
2025-03-10 10:02:00,S02,Lab-201,22.37,42.9,705.0,ok,22.534,0.073,-1.693,42.727,0.354,0.36,764.7,26.281,-2.595,-0.11,-26.0,705.0,792.0,False
2025-03-10 10:02:00,S03,Lab-305,23.03,44.2,1386.0,ok,22.959,0.087,0.77,44.12,0.375,0.2,1346.367,23.955,1.793,0.0,20.0,1357.0,1389.0,False
2025-03-10 10:02:00,S04,Library-1F,21.71,39.9,715.0,ok,21.739,0.076,-0.303,39.713,0.329,0.433,714.1,7.35,0.1,0.0,-5.0,709.0,728.0,False
2025-03-10 10:02:00,S05,Canteen,23.84,49.8,665.0,ok,23.758,0.11,0.755,49.51,0.542,0.49,541.967,56.805,2.453,0.03,78.0,503.0,665.0,False
2025-03-10 10:02:00,S06,Study-Hall,22.37,41.6,852.0,ok,22.348,0.097,0.237,40.727,0.464,1.813,845.733,8.407,0.657,0.01,4.0,840.0,862.0,False
2025-03-10 10:02:10,S01,Lecture-101,25.37,44.5,1135.0,ok,27.823,1.381,-1.858,43.84,0.355,1.327,1132.467,8.093,0.247,-1.59,-1.0,1126.0,1151.0,False
2025-03-10 10:02:10,S02,Lab-201,22.61,42.2,710.0,ok,22.536,0.075,0.763,42.737,0.334,-1.053,762.133,27.747,-2.081,-0.11,-28.0,705.0,792.0,False
2025-03-10 10:02:10,S03,Lab-305,22.97,44.2,1391.0,ok,22.958,0.087,0.11,44.12,0.375,0.16,1349.033,24.332,1.863,0.03,23.0,1359.0,1391.0,False
2025-03-10 10:02:10,S04,Library-1F,21.73,39.9,702.0,ok,21.738,0.076,-0.093,39.707,0.323,0.373,713.633,7.663,-1.21,0.02,-13.0,702.0,728.0,False
2025-03-10 10:02:10,S05,Canteen,23.96,50.1,689.0,ok,23.763,0.115,1.838,49.497,0.521,1.089,547.3,62.746,2.588,0.18,78.0,532.0,689.0,False
2025-03-10 10:02:10,S06,Study-Hall,22.4,41.8,863.0,ok,22.35,0.097,0.523,40.77,0.501,2.147,846.567,8.842,1.727,0.04,13.0,840.0,863.0,False
2025-03-10 10:02:20,S01,Lecture-101,25.19,44.2,1129.0,ok,27.782,1.441,-1.907,43.843,0.358,0.72,1132.133,8.02,-0.347,-1.63,-3.0,1126.0,1151.0,False
2025-03-10 10:02:20,S02,Lab-201,22.54,42.2,706.0,ok,22.533,0.072,0.043,42.7,0.33,-1.073,759.6,29.297,-2.023,0.01,-32.0,705.0,792.0,False
2025-03-10 10:02:20,S03,Lab-305,23.04,43.5,1398.0,ok,22.965,0.086,0.817,44.123,0.369,-1.24,1351.767,25.087,2.012,0.07,23.0,1359.0,1398.0,False
2025-03-10 10:02:20,S04,Library-1F,21.66,39.3,718.0,ok,21.735,0.077,-0.777,39.687,0.329,-0.813,713.567,7.614,0.437,0.0,-4.0,702.0,728.0,False
2025-03-10 10:02:20,S05,Canteen,23.86,50.3,694.0,ok,23.763,0.116,0.843,49.507,0.534,1.542,553.3,67.851,2.338,0.12,86.0,545.0,694.0,False
2025-03-10 10:02:20,S06,Study-Hall,22.46,41.2,851.0,ok,22.351,0.099,1.103,40.793,0.504,0.858,847.233,8.369,0.443,0.05,-8.0,840.0,863.0,False
2025-03-10 10:02:30,S01,Lecture-101,25.04,44.0,1144.0,ok,27.733,1.509,-1.903,43.843,0.358,0.313,1132.467,8.303,1.187,-1.55,2.0,1126.0,1151.0,False
2025-03-10 10:02:30,S02,Lab-201,22.41,42.7,698.0,ok,22.529,0.076,-1.227,42.683,0.316,0.0,756.767,31.016,-2.103,0.01,-31.0,698.0,792.0,False
2025-03-10 10:02:30,S03,Lab-305,23.07,44.0,1391.0,ok,22.971,0.086,1.053,44.147,0.336,-0.247,1354.467,24.794,1.564,0.09,15.0,1360.0,1398.0,False
2025-03-10 10:02:30,S04,Library-1F,21.77,39.8,709.0,ok,21.735,0.077,0.347,39.707,0.316,0.227,713.3,7.63,-0.457,0.04,-13.0,702.0,728.0,False
2025-03-10 10:02:30,S05,Canteen,24.12,49.6,707.0,ok,23.777,0.132,3.085,49.487,0.518,0.175,559.4,73.145,2.265,0.14,65.0,569.0,707.0,False
2025-03-10 10:02:30,S06,Study-Hall,22.22,41.2,858.0,ok,22.347,0.102,-1.313,40.84,0.473,0.806,847.8,8.507,1.077,0.05,-2.0,840.0,863.0,False
2025-03-10 10:02:40,S01,Lecture-101,24.83,44.0,1147.0,ok,27.66,1.595,-1.925,43.847,0.359,0.313,1133.0,8.71,1.453,-1.27,5.0,1126.0,1151.0,False
2025-03-10 10:02:40,S02,Lab-201,22.46,43.4,688.0,ok,22.529,0.076,-0.693,42.707,0.342,1.433,753.767,33.169,-2.217,-0.05,-24.0,688.0,792.0,False
2025-03-10 10:02:40,S03,Lab-305,23.07,44.1,1404.0,filled,22.977,0.086,0.987,44.147,0.336,-0.093,1357.333,25.397,1.998,0.18,19.0,1362.0,1404.0,False
2025-03-10 10:02:40,S04,Library-1F,21.71,40.1,704.0,ok,21.735,0.077,-0.25,39.737,0.309,0.787,713.067,7.808,-0.93,0.02,-10.0,702.0,728.0,False
2025-03-10 10:02:40,S05,Canteen,24.03,50.1,731.0,ok,23.785,0.14,1.915,49.493,0.525,1.185,566.167,79.273,2.346,0.15,65.0,581.0,731.0,False
2025-03-10 10:02:40,S06,Study-Hall,22.47,40.3,860.0,ok,22.357,0.098,1.211,40.817,0.482,-1.08,848.533,8.581,1.22,0.15,-1.0,840.0,863.0,False
2025-03-10 10:02:50,S01,Lecture-101,24.64,43.6,1136.0,ok,27.579,1.685,-1.894,43.82,0.346,-0.493,1133.1,8.727,0.3,-1.38,5.0,1126.0,1151.0,False
2025-03-10 10:02:50,S02,Lab-201,22.26,42.7,687.0,ok,22.518,0.089,-2.693,42.7,0.34,-0.013,750.267,34.508,-2.013,-0.07,-33.0,687.0,789.0,False
2025-03-10 10:02:50,S03,Lab-305,22.94,45.2,1402.0,ok,22.972,0.084,-0.37,44.163,0.375,2.107,1360.433,24.966,1.759,0.18,19.0,1362.0,1404.0,False
2025-03-10 10:02:50,S04,Library-1F,21.88,39.9,721.0,ok,21.739,0.081,1.45,39.73,0.303,0.327,713.333,7.941,0.793,0.08,-5.0,702.0,728.0,False
2025-03-10 10:02:50,S05,Canteen,24.13,50.1,728.0,ok,23.794,0.153,2.462,49.52,0.535,1.157,573.533,83.729,2.041,0.2,83.0,587.0,731.0,False
2025-03-10 10:02:50,S06,Study-Hall,22.34,40.7,860.0,ok,22.36,0.096,-0.173,40.827,0.476,-0.233,848.933,8.832,1.147,0.03,1.0,840.0,863.0,False
2025-03-10 10:03:00,S01,Lecture-101,24.64,44.3,1140.0,ok,27.482,1.768,-1.744,43.82,0.346,0.96,1133.333,8.817,0.69,-1.02,8.0,1126.0,1151.0,False
2025-03-10 10:03:00,S02,Lab-201,22.42,42.0,668.0,ok,22.512,0.09,-0.983,42.677,0.364,-1.4,746.367,36.971,-2.384,0.0,-27.0,668.0,789.0,False
2025-03-10 10:03:00,S03,Lab-305,23.04,44.0,1399.0,ok,22.976,0.085,0.677,44.147,0.37,-0.327,1362.8,25.15,1.545,0.04,16.0,1362.0,1404.0,False
2025-03-10 10:03:00,S04,Library-1F,21.73,39.8,707.0,ok,21.734,0.077,-0.087,39.727,0.302,0.14,713.533,7.691,-0.633,0.02,-7.0,702.0,728.0,False
2025-03-10 10:03:00,S05,Canteen,24.11,49.7,728.0,ok,23.809,0.162,2.059,49.52,0.535,0.337,581.1,87.136,1.845,0.23,69.0,603.0,731.0,False
2025-03-10 10:03:00,S06,Study-Hall,22.46,40.9,861.0,ok,22.369,0.091,1.0,40.837,0.475,0.147,849.667,8.891,1.207,0.12,8.0,840.0,863.0,False
2025-03-10 10:03:10,S01,Lecture-101,24.43,43.9,1134.0,ok,27.368,1.852,-1.726,43.823,0.346,0.16,1133.9,8.26,0.067,-0.95,4.0,1126.0,1151.0,False
2025-03-10 10:03:10,S02,Lab-201,22.42,42.0,665.0,ok,22.511,0.091,-0.923,42.643,0.378,-1.353,742.233,38.921,-2.201,0.0,-42.0,665.0,789.0,False
2025-03-10 10:03:10,S03,Lab-305,23.09,44.6,1406.0,ok,22.979,0.088,1.143,44.157,0.378,0.907,1365.8,24.739,1.718,0.04,13.0,1376.0,1406.0,False
2025-03-10 10:03:10,S04,Library-1F,21.76,39.8,710.0,ok,21.734,0.077,0.26,39.74,0.295,0.147,713.533,7.691,-0.353,0.03,1.0,702.0,728.0,False
2025-03-10 10:03:10,S05,Canteen,23.96,49.8,737.0,ok,23.819,0.162,0.933,49.517,0.532,0.524,588.767,90.447,1.789,0.19,63.0,629.0,737.0,False
2025-03-10 10:03:10,S06,Study-Hall,22.35,41.0,852.0,ok,22.367,0.091,-0.193,40.847,0.475,0.327,850.4,8.084,0.233,-0.02,-1.0,840.0,863.0,False
2025-03-10 10:03:20,S01,Lecture-101,24.19,43.6,1128.0,ok,27.24,1.935,-1.716,43.81,0.347,-0.447,1133.933,8.233,-0.59,-0.94,5.0,1126.0,1151.0,False
2025-03-10 10:03:20,S02,Lab-201,22.33,41.8,666.0,ok,22.505,0.096,-1.813,42.597,0.393,-1.687,738.133,40.279,-1.959,-0.12,-40.0,665.0,789.0,False
2025-03-10 10:03:20,S03,Lab-305,22.95,44.2,1403.0,ok,22.986,0.077,-0.293,44.157,0.378,0.087,1368.367,24.46,1.504,0.01,12.0,1379.0,1406.0,False
2025-03-10 10:03:20,S04,Library-1F,21.92,40.0,719.0,ok,21.739,0.084,1.863,39.733,0.287,0.52,713.533,7.691,0.547,0.05,-5.0,702.0,728.0,False
2025-03-10 10:03:20,S05,Canteen,24.02,50.4,738.0,ok,23.828,0.165,1.244,49.54,0.556,1.659,596.533,92.974,1.65,0.16,48.0,642.0,738.0,False
2025-03-10 10:03:20,S06,Study-Hall,22.39,41.6,861.0,ok,22.368,0.091,0.227,40.893,0.478,1.507,850.6,8.274,1.06,-0.01,9.0,840.0,863.0,False
2025-03-10 10:03:30,S01,Lecture-101,24.22,44.1,1127.0,ok,27.109,2.004,-1.56,43.84,0.331,0.58,1133.7,8.33,-0.693,-0.97,-7.0,1126.0,1151.0,False
2025-03-10 10:03:30,S02,Lab-201,22.46,42.4,662.0,ok,22.505,0.096,-0.45,42.597,0.393,-0.393,733.967,41.497,-1.89,-0.12,-41.0,662.0,789.0,False
2025-03-10 10:03:30,S03,Lab-305,22.83,44.2,1424.0,ok,22.984,0.08,-1.557,44.153,0.378,0.087,1371.233,25.782,2.274,-0.09,15.0,1383.0,1424.0,False
2025-03-10 10:03:30,S04,Library-1F,21.76,39.6,721.0,ok,21.739,0.084,0.21,39.737,0.285,-0.267,714.267,7.296,0.747,0.03,10.0,702.0,728.0,False
2025-03-10 10:03:30,S05,Canteen,24.14,51.0,767.0,ok,23.842,0.173,1.89,49.603,0.609,2.628,605.367,96.215,1.833,0.06,44.0,645.0,767.0,False
2025-03-10 10:03:30,S06,Study-Hall,22.37,41.7,853.0,ok,22.366,0.09,0.017,40.93,0.496,1.613,850.967,8.122,0.24,-0.03,-5.0,840.0,863.0,False
2025-03-10 10:03:40,S01,Lecture-101,24.1,43.6,1122.0,ok,26.966,2.061,-1.502,43.82,0.326,-0.48,1133.367,8.596,-1.17,-0.85,-17.0,1122.0,1151.0,False
2025-03-10 10:03:40,S02,Lab-201,22.34,41.6,658.0,ok,22.499,0.101,-1.653,42.57,0.432,-1.993,730.167,43.083,-1.831,-0.12,-36.0,658.0,789.0,False
2025-03-10 10:03:40,S03,Lab-305,22.82,44.7,1425.0,ok,22.974,0.081,-1.64,44.2,0.354,1.093,1374.333,26.484,2.085,-0.24,26.0,1386.0,1425.0,False
2025-03-10 10:03:40,S04,Library-1F,21.95,40.1,714.0,ok,21.75,0.09,2.107,39.747,0.292,0.727,714.233,7.295,-0.027,0.21,10.0,702.0,728.0,False
2025-03-10 10:03:40,S05,Canteen,24.08,50.4,762.0,ok,23.851,0.178,1.375,49.62,0.624,1.307,613.9,98.425,1.628,0.05,55.0,659.0,767.0,False
2025-03-10 10:03:40,S06,Study-Hall,22.4,40.9,865.0,ok,22.363,0.087,0.343,40.947,0.486,-0.06,851.8,8.24,1.403,-0.07,3.0,851.0,865.0,False
2025-03-10 10:03:50,S01,Lecture-101,24.15,44.3,1125.0,ok,26.815,2.097,-1.366,43.85,0.328,0.96,1132.633,8.327,-0.837,-0.68,-19.0,1122.0,1151.0,False
2025-03-10 10:03:50,S02,Lab-201,22.36,43.0,660.0,ok,22.492,0.103,-1.379,42.587,0.439,0.86,726.433,44.172,-1.629,-0.05,-28.0,658.0,789.0,False
2025-03-10 10:03:50,S03,Lab-305,22.8,44.2,1432.0,ok,22.97,0.087,-1.74,44.193,0.352,-0.0,1377.433,27.624,2.177,-0.25,23.0,1386.0,1432.0,False
2025-03-10 10:03:50,S04,Library-1F,21.74,39.6,716.0,ok,21.754,0.086,-0.097,39.747,0.292,-0.293,714.567,7.133,0.177,-0.01,7.0,702.0,728.0,False
2025-03-10 10:03:50,S05,Canteen,23.95,51.2,770.0,ok,23.864,0.17,0.553,49.7,0.668,2.53,622.3,100.686,1.586,-0.04,39.0,665.0,770.0,False
2025-03-10 10:03:50,S06,Study-Hall,22.36,41.6,853.0,ok,22.364,0.087,-0.03,40.98,0.496,1.307,852.167,8.03,0.12,0.03,-7.0,851.0,865.0,False
2025-03-10 10:04:00,S01,Lecture-101,23.99,43.5,1125.0,ok,26.646,2.115,-1.347,43.833,0.333,-0.7,1132.6,8.357,-0.763,-0.54,-15.0,1122.0,1151.0,False
2025-03-10 10:04:00,S02,Lab-201,22.19,41.6,649.0,ok,22.479,0.116,-2.933,42.55,0.474,-1.973,722.433,45.595,-1.753,-0.08,-29.0,649.0,789.0,False
2025-03-10 10:04:00,S03,Lab-305,23.01,43.8,1425.0,ok,22.971,0.087,0.4,44.177,0.359,-0.787,1380.133,28.196,1.722,-0.22,23.0,1391.0,1432.0,False
2025-03-10 10:04:00,S04,Library-1F,21.77,39.7,708.0,ok,21.755,0.086,0.157,39.733,0.284,-0.093,714.567,7.133,-0.657,0.04,7.0,702.0,728.0,False
2025-03-10 10:04:00,S05,Canteen,24.29,50.4,771.0,ok,23.883,0.185,2.497,49.763,0.64,1.048,631.6,101.12,1.477,-0.03,42.0,689.0,771.0,False
2025-03-10 10:04:00,S06,Study-Hall,22.42,41.0,853.0,ok,22.364,0.088,0.563,40.983,0.496,0.04,852.467,7.882,0.083,-0.06,-7.0,851.0,865.0,False
2025-03-10 10:04:10,S01,Lecture-101,23.75,44.0,1117.0,ok,26.464,2.121,-1.37,43.843,0.333,0.333,1132.767,7.973,-1.56,-0.65,-11.0,1117.0,1151.0,False
2025-03-10 10:04:10,S02,Lab-201,22.45,41.9,655.0,ok,22.476,0.115,-0.254,42.533,0.488,-1.3,718.167,45.72,-1.479,-0.06,-13.0,649.0,789.0,False
2025-03-10 10:04:10,S03,Lab-305,22.96,44.8,1435.0,ok,22.974,0.085,-0.107,44.207,0.372,1.247,1383.333,28.808,1.946,-0.08,30.0,1391.0,1435.0,False
2025-03-10 10:04:10,S04,Library-1F,21.69,40.3,717.0,ok,21.757,0.083,-0.65,39.74,0.295,1.133,714.467,7.075,0.243,-0.02,6.0,704.0,728.0,False
2025-03-10 10:04:10,S05,Canteen,24.1,50.3,779.0,ok,23.897,0.186,1.171,49.81,0.626,0.839,640.933,101.38,1.458,-0.01,43.0,694.0,779.0,False
2025-03-10 10:04:10,S06,Study-Hall,22.35,41.0,853.0,ok,22.363,0.087,-0.143,41.0,0.487,0.033,852.967,7.393,0.053,0.01,-7.0,851.0,865.0,False
2025-03-10 10:04:20,S01,Lecture-101,23.7,43.7,1123.0,ok,26.274,2.103,-1.303,43.827,0.327,-0.287,1132.567,8.144,-0.977,-0.68,-11.0,1117.0,1151.0,False
2025-03-10 10:04:20,S02,Lab-201,22.42,40.9,650.0,ok,22.47,0.113,-0.489,42.473,0.571,-3.267,713.733,45.665,-1.491,0.0,-16.0,649.0,789.0,False
2025-03-10 10:04:20,S03,Lab-305,22.82,44.8,1436.0,filled,22.962,0.082,-1.537,44.21,0.377,1.187,1386.433,29.317,1.828,-0.08,32.0,1391.0,1436.0,False
2025-03-10 10:04:20,S04,Library-1F,21.74,40.0,702.0,ok,21.757,0.083,-0.173,39.747,0.299,0.52,714.267,7.343,-1.247,-0.02,-2.0,702.0,728.0,False
2025-03-10 10:04:20,S05,Canteen,24.23,51.0,792.0,ok,23.917,0.188,1.795,49.88,0.638,1.902,651.233,100.474,1.49,0.21,42.0,707.0,792.0,False
2025-03-10 10:04:20,S06,Study-Hall,22.34,41.3,853.0,ok,22.36,0.087,-0.227,41.03,0.476,0.6,853.167,7.307,0.003,-0.04,-8.0,852.0,865.0,False
2025-03-10 10:04:30,S01,Lecture-101,23.62,43.8,1118.0,ok,26.073,2.058,-1.262,43.82,0.325,-0.053,1131.967,8.536,-1.457,-0.52,-10.0,1117.0,1151.0,False
2025-03-10 10:04:30,S02,Lab-201,22.25,41.6,627.0,ok,22.462,0.12,-1.951,42.423,0.579,-1.531,708.4,46.154,-1.899,0.0,-15.0,627.0,789.0,False
2025-03-10 10:04:30,S03,Lab-305,22.95,44.1,1435.0,ok,22.964,0.081,-0.123,44.21,0.377,-0.22,1389.767,28.95,1.657,0.0,29.0,1399.0,1436.0,False
2025-03-10 10:04:30,S04,Library-1F,21.7,40.1,712.0,ok,21.75,0.078,-0.567,39.767,0.302,0.707,713.733,6.878,-0.227,-0.06,-7.0,702.0,727.0,False
2025-03-10 10:04:30,S05,Canteen,24.16,50.4,794.0,ok,23.935,0.185,1.294,49.94,0.596,0.816,661.433,98.851,1.421,0.14,54.0,728.0,794.0,False
2025-03-10 10:04:30,S06,Study-Hall,22.41,41.7,855.0,ok,22.359,0.086,0.5,41.067,0.484,1.34,853.433,7.219,0.183,-0.02,0.0,852.0,865.0,False
2025-03-10 10:04:40,S01,Lecture-101,23.41,44.0,1132.0,ok,25.853,1.973,-1.294,43.817,0.323,0.36,1132.467,8.055,0.003,-0.57,-4.0,1117.0,1151.0,False
2025-03-10 10:04:40,S02,Lab-201,22.36,42.4,632.0,ok,22.452,0.115,-0.853,42.42,0.579,-0.04,703.167,45.597,-1.655,0.02,-30.0,627.0,786.0,False
2025-03-10 10:04:40,S03,Lab-305,23.05,44.5,1423.0,ok,22.967,0.083,0.86,44.22,0.381,0.58,1392.133,28.657,1.148,0.12,11.0,1399.0,1436.0,False
2025-03-10 10:04:40,S04,Library-1F,21.93,39.5,706.0,ok,21.756,0.085,1.803,39.763,0.305,-0.533,713.833,6.737,-0.773,-0.18,-13.0,702.0,727.0,False
2025-03-10 10:04:40,S05,Canteen,24.13,50.8,795.0,ok,23.953,0.175,1.058,49.997,0.595,1.442,671.5,96.455,1.351,0.08,32.0,728.0,795.0,False
2025-03-10 10:04:40,S06,Study-Hall,22.46,41.5,851.0,ok,22.373,0.067,1.007,41.097,0.482,0.867,853.533,7.162,-0.243,0.02,-8.0,851.0,865.0,False
2025-03-10 10:04:50,S01,Lecture-101,23.42,43.9,1133.0,ok,25.627,1.842,-1.233,43.83,0.317,0.167,1132.467,8.055,0.053,-0.73,7.0,1117.0,1151.0,False
2025-03-10 10:04:50,S02,Lab-201,22.48,42.0,625.0,ok,22.449,0.113,0.244,42.407,0.584,-0.725,697.8,44.982,-1.714,0.0,-33.0,625.0,782.0,False
2025-03-10 10:04:50,S03,Lab-305,22.88,44.5,1438.0,ok,22.964,0.084,-0.87,44.24,0.379,0.56,1395.4,28.089,1.601,0.13,10.0,1399.0,1438.0,False
2025-03-10 10:04:50,S04,Library-1F,21.74,39.4,711.0,ok,21.755,0.085,-0.157,39.77,0.294,-0.727,713.967,6.636,-0.283,-0.02,-5.0,702.0,727.0,False
2025-03-10 10:04:50,S05,Canteen,24.22,50.9,807.0,ok,23.973,0.169,1.523,50.067,0.572,1.519,681.9,93.545,1.405,0.08,28.0,728.0,807.0,False
2025-03-10 10:04:50,S06,Study-Hall,22.37,40.8,849.0,ok,22.376,0.064,-0.027,41.113,0.462,-0.593,853.467,7.195,-0.453,0.04,-2.0,849.0,865.0,False
2025-03-10 10:05:00,S01,Lecture-101,23.56,43.7,1132.0,ok,25.425,1.717,-1.122,43.853,0.278,-0.26,1132.3,8.009,-0.047,-0.68,7.0,1117.0,1151.0,False
2025-03-10 10:05:00,S02,Lab-201,22.37,41.7,625.0,ok,22.439,0.105,-0.7,42.37,0.593,-1.21,692.567,43.97,-1.618,0.03,-33.0,625.0,769.0,False
2025-03-10 10:05:00,S03,Lab-305,22.93,44.2,1434.0,ok,22.961,0.084,-0.34,44.247,0.377,-0.08,1398.433,27.133,1.374,0.11,9.0,1403.0,1438.0,False
2025-03-10 10:05:00,S04,Library-1F,21.7,39.4,711.0,ok,21.754,0.086,-0.55,39.773,0.289,-0.74,713.767,6.632,-0.297,-0.03,-3.0,702.0,727.0,False
2025-03-10 10:05:00,S05,Canteen,24.39,50.9,817.0,ok,23.998,0.174,2.459,50.13,0.555,1.457,692.2,90.705,1.444,0.14,37.0,737.0,817.0,False
2025-03-10 10:05:00,S06,Study-Hall,22.4,41.2,860.0,ok,22.38,0.062,0.237,41.12,0.462,0.173,854.3,6.385,0.653,0.0,-2.0,849.0,865.0,False
2025-03-10 10:05:10,S01,Lecture-101,23.29,44.1,1137.0,ok,25.224,1.595,-1.244,43.857,0.28,0.493,1132.3,8.009,0.47,-0.57,8.0,1117.0,1151.0,False
2025-03-10 10:05:10,S02,Lab-201,22.3,41.5,624.0,ok,22.432,0.107,-1.321,42.333,0.612,-1.467,687.733,43.242,-1.559,0.01,-30.0,624.0,761.0,False
2025-03-10 10:05:10,S03,Lab-305,23.0,43.9,1447.0,ok,22.965,0.082,0.39,44.227,0.379,-0.693,1401.433,27.368,1.79,-0.03,6.0,1403.0,1447.0,False
2025-03-10 10:05:10,S04,Library-1F,21.66,39.5,703.0,ok,21.75,0.087,-0.937,39.76,0.292,-0.547,713.333,6.9,-1.077,-0.04,-5.0,702.0,727.0,False
2025-03-10 10:05:10,S05,Canteen,24.15,50.3,820.0,ok,24.011,0.17,0.872,50.173,0.513,0.306,702.767,86.26,1.409,0.12,46.0,738.0,820.0,False
2025-03-10 10:05:10,S06,Study-Hall,22.47,41.9,853.0,ok,22.377,0.056,0.903,41.14,0.483,1.56,854.3,6.385,-0.13,0.04,0.0,849.0,865.0,False
2025-03-10 10:05:20,S01,Lecture-101,23.24,43.7,1143.0,ok,25.041,1.49,-1.244,43.847,0.28,-0.313,1132.733,8.229,1.07,-0.46,14.0,1117.0,1151.0,False
2025-03-10 10:05:20,S02,Lab-201,22.17,41.6,630.0,ok,22.416,0.11,-2.443,42.29,0.617,-1.198,683.367,42.19,-1.335,-0.12,-25.0,624.0,759.0,False
2025-03-10 10:05:20,S03,Lab-305,22.92,43.9,1433.0,ok,22.961,0.081,-0.453,44.217,0.383,-0.653,1403.633,27.157,1.153,-0.03,-1.0,1423.0,1447.0,False
2025-03-10 10:05:20,S04,Library-1F,21.8,39.6,715.0,ok,21.751,0.088,0.497,39.76,0.292,-0.32,712.933,6.411,0.167,-0.04,3.0,702.0,723.0,False
2025-03-10 10:05:20,S05,Canteen,24.2,51.3,829.0,ok,24.025,0.168,1.11,50.227,0.544,2.198,712.667,82.965,1.463,-0.03,41.0,762.0,829.0,False
2025-03-10 10:05:20,S06,Study-Hall,22.47,41.2,856.0,ok,22.379,0.059,0.93,41.117,0.461,0.12,854.767,5.952,0.17,0.12,3.0,849.0,865.0,False
2025-03-10 10:05:30,S01,Lecture-101,23.34,44.0,1137.0,ok,24.879,1.396,-1.141,43.87,0.261,0.307,1132.267,7.524,0.427,-0.41,19.0,1117.0,1147.0,False
2025-03-10 10:05:30,S02,Lab-201,22.32,42.0,618.0,ok,22.409,0.109,-0.875,42.253,0.599,-0.47,678.667,41.318,-1.549,-0.12,-26.0,618.0,742.0,False
2025-03-10 10:05:30,S03,Lab-305,22.9,43.8,1454.0,ok,22.959,0.081,-0.607,44.197,0.389,-0.833,1406.8,27.311,1.855,-0.03,12.0,1423.0,1454.0,False
2025-03-10 10:05:30,S04,Library-1F,21.77,39.4,716.0,ok,21.749,0.086,0.19,39.753,0.298,-0.72,713.167,6.39,0.307,0.07,3.0,702.0,723.0,False
2025-03-10 10:05:30,S05,Canteen,24.12,50.6,827.0,ok,24.033,0.166,0.566,50.277,0.504,0.686,722.067,79.204,1.378,-0.01,35.0,762.0,829.0,False
2025-03-10 10:05:30,S06,Study-Hall,22.41,41.2,854.0,ok,22.38,0.059,0.31,41.11,0.458,0.167,855.067,5.663,-0.077,0.12,1.0,849.0,865.0,False
2025-03-10 10:05:40,S01,Lecture-101,23.33,44.6,1144.0,ok,24.724,1.293,-1.11,43.897,0.293,1.46,1132.4,7.7,1.173,-0.29,20.0,1117.0,1147.0,False
2025-03-10 10:05:40,S02,Lab-201,22.21,41.8,614.0,ok,22.402,0.115,-1.824,42.22,0.596,-0.756,674.4,41.161,-1.565,-0.15,-14.0,614.0,740.0,False
2025-03-10 10:05:40,S03,Lab-305,22.88,44.8,1445.0,ok,22.955,0.082,-0.79,44.23,0.397,1.207,1409.633,26.69,1.399,-0.05,10.0,1423.0,1454.0,False
2025-03-10 10:05:40,S04,Library-1F,21.77,39.4,708.0,ok,21.756,0.077,0.213,39.733,0.301,-0.707,713.133,6.415,-0.517,0.03,9.0,702.0,723.0,False
2025-03-10 10:05:40,S05,Canteen,24.34,51.1,844.0,ok,24.05,0.172,1.843,50.32,0.518,1.633,731.233,76.753,1.539,0.04,35.0,770.0,844.0,False
2025-03-10 10:05:40,S06,Study-Hall,22.47,41.4,844.0,ok,22.383,0.061,0.903,41.123,0.461,0.58,854.933,5.878,-1.107,0.06,1.0,844.0,865.0,False
2025-03-10 10:05:50,S01,Lecture-101,23.23,44.2,1140.0,ok,24.579,1.203,-1.155,43.92,0.288,0.607,1132.6,7.82,0.76,-0.09,8.0,1117.0,1147.0,False
2025-03-10 10:05:50,S02,Lab-201,22.33,42.0,605.0,ok,22.396,0.113,-0.628,42.193,0.587,-0.369,669.967,41.237,-1.686,-0.04,-13.0,605.0,740.0,False
2025-03-10 10:05:50,S03,Lab-305,22.86,44.1,1457.0,ok,22.951,0.084,-0.95,44.253,0.366,-0.26,1412.667,26.732,1.775,-0.07,19.0,1423.0,1457.0,False
2025-03-10 10:05:50,S04,Library-1F,21.7,40.3,717.0,ok,21.752,0.077,-0.56,39.773,0.294,1.133,712.933,6.186,0.387,0.03,5.0,702.0,723.0,False
2025-03-10 10:05:50,S05,Canteen,24.27,51.4,847.0,ok,24.063,0.172,1.283,50.377,0.54,2.087,740.1,74.119,1.508,0.11,49.0,771.0,847.0,False
2025-03-10 10:05:50,S06,Study-Hall,22.48,40.9,841.0,ok,22.388,0.063,0.973,41.133,0.452,-0.447,854.7,6.287,-1.393,0.06,-7.0,841.0,865.0,False
2025-03-10 10:06:00,S01,Lecture-101,23.18,44.2,1124.0,ok,24.446,1.124,-1.163,43.943,0.281,0.56,1132.333,7.976,-0.86,-0.19,8.0,1117.0,1147.0,False
2025-03-10 10:06:00,S02,Lab-201,22.42,41.9,609.0,ok,22.392,0.111,0.215,42.197,0.585,-0.5,665.6,40.495,-1.478,-0.04,-16.0,605.0,738.0,False
2025-03-10 10:06:00,S03,Lab-305,23.01,44.6,1457.0,ok,22.95,0.082,0.587,44.257,0.368,0.693,1415.633,26.541,1.658,-0.05,23.0,1423.0,1457.0,False
2025-03-10 10:06:00,S04,Library-1F,21.83,39.5,709.0,ok,21.756,0.078,0.783,39.75,0.286,-0.547,712.6,6.117,-0.393,0.03,-2.0,702.0,723.0,False
2025-03-10 10:06:00,S05,Canteen,24.2,49.9,850.0,ok,24.08,0.161,0.792,50.387,0.528,-0.883,748.867,70.868,1.483,0.05,40.0,779.0,850.0,False
2025-03-10 10:06:00,S06,Study-Hall,22.43,41.2,856.0,ok,22.391,0.062,0.423,41.16,0.43,0.133,854.967,6.162,0.13,0.07,-7.0,841.0,865.0,False
2025-03-10 10:06:10,S01,Lecture-101,23.04,43.8,1132.0,ok,24.314,1.043,-1.25,43.95,0.275,-0.287,1132.3,7.975,-0.033,-0.24,-1.0,1118.0,1147.0,False
2025-03-10 10:06:10,S02,Lab-201,22.4,42.4,603.0,ok,22.386,0.105,0.072,42.183,0.575,0.348,661.1,39.664,-1.546,0.03,-20.0,603.0,737.0,False
2025-03-10 10:06:10,S03,Lab-305,22.95,44.4,1448.0,ok,22.95,0.082,0.003,44.27,0.366,0.287,1418.5,25.157,1.219,0.02,19.0,1423.0,1457.0,False
2025-03-10 10:06:10,S04,Library-1F,21.68,39.7,706.0,ok,21.756,0.077,-0.757,39.743,0.285,-0.1,712.067,5.965,-0.66,0.0,-2.0,702.0,723.0,False
2025-03-10 10:06:10,S05,Canteen,24.24,51.0,856.0,ok,24.096,0.15,0.998,50.43,0.523,1.162,757.3,67.903,1.512,0.02,33.0,792.0,856.0,False
2025-03-10 10:06:20,S01,Lecture-101,23.08,43.6,1141.0,ok,24.192,0.961,-1.182,43.943,0.281,-0.7,1132.767,8.063,0.87,-0.21,-5.0,1118.0,1147.0,False
2025-03-10 10:06:20,S02,Lab-201,22.24,41.5,596.0,ok,22.377,0.106,-1.389,42.137,0.571,-1.189,656.4,38.703,-1.641,0.1,-22.0,596.0,722.0,False
2025-03-10 10:06:20,S03,Lab-305,22.77,43.9,1463.0,ok,22.943,0.089,-1.797,44.26,0.372,-0.74,1421.4,25.103,1.769,0.02,23.0,1423.0,1463.0,False
2025-03-10 10:06:20,S04,Library-1F,21.81,40.5,710.0,ok,21.757,0.078,0.54,39.78,0.309,1.513,711.767,5.829,-0.207,0.11,-2.0,703.0,723.0,False
2025-03-10 10:06:20,S05,Canteen,24.34,51.7,867.0,ok,24.114,0.147,1.627,50.49,0.562,2.43,765.233,66.28,1.616,0.04,36.0,794.0,867.0,False
2025-03-10 10:06:20,S06,Study-Hall,22.35,41.0,862.0,ok,22.39,0.063,-0.41,41.177,0.413,-0.32,854.967,6.162,0.703,0.026,2.571,841.0,865.0,False
2025-03-10 10:06:30,S01,Lecture-101,23.17,44.0,1133.0,ok,24.087,0.89,-1.064,43.953,0.278,0.113,1132.5,7.912,0.023,-0.21,-4.0,1124.0,1147.0,False
2025-03-10 10:06:30,S02,Lab-201,22.3,41.6,581.0,ok,22.37,0.103,-0.73,42.1,0.569,-0.939,651.7,39.022,-1.948,0.0,-28.0,581.0,721.0,False
2025-03-10 10:06:30,S03,Lab-305,22.87,44.3,1467.0,ok,22.943,0.089,-0.733,44.26,0.372,0.08,1424.333,25.119,1.816,-0.05,16.0,1423.0,1467.0,False
2025-03-10 10:06:30,S04,Library-1F,21.79,40.3,687.0,ok,21.761,0.077,0.327,39.807,0.318,1.04,710.567,7.021,-2.477,0.02,-9.0,687.0,721.0,False
2025-03-10 10:06:30,S05,Canteen,24.48,51.5,859.0,ok,24.129,0.16,2.497,50.537,0.586,1.798,772.467,64.175,1.415,0.19,32.0,795.0,867.0,False
2025-03-10 10:06:30,S06,Study-Hall,22.46,41.5,847.0,ok,22.394,0.063,0.697,41.22,0.374,0.647,854.533,6.252,-0.797,-0.034,0.0,841.0,865.0,False
2025-03-10 10:06:10,S06,Study-Hall,22.33,40.6,847.0,ok,22.39,0.063,-0.61,41.163,0.425,-1.12,854.467,6.18,-0.797,0.03,-6.0,841.0,865.0,False
2025-03-10 10:06:40,S01,Lecture-101,22.99,43.8,1140.0,ok,23.98,0.817,-1.232,43.95,0.279,-0.307,1132.533,7.943,0.75,-0.25,-3.0,1124.0,1147.0,False
2025-03-10 10:06:40,S02,Lab-201,22.4,41.5,595.0,ok,22.367,0.101,0.295,42.043,0.54,-1.054,647.5,38.075,-1.453,0.09,-23.0,581.0,714.0,False
2025-03-10 10:06:40,S03,Lab-305,23.09,44.0,1456.0,ok,22.95,0.092,1.473,44.26,0.372,-0.52,1426.767,24.506,1.261,-0.03,18.0,1433.0,1467.0,False
2025-03-10 10:06:40,S04,Library-1F,21.74,39.4,691.0,ok,21.763,0.076,-0.207,39.79,0.326,-0.813,709.8,7.841,-1.957,0.02,-24.0,687.0,721.0,False
2025-03-10 10:06:40,S05,Canteen,24.3,51.5,865.0,ok,24.143,0.156,1.069,50.597,0.589,1.645,779.8,61.626,1.442,0.14,36.0,807.0,867.0,False
2025-03-10 10:06:40,S06,Study-Hall,22.4,41.7,860.0,ok,22.398,0.059,0.047,41.21,0.397,0.993,854.8,5.833,0.587,-0.07,6.0,841.0,865.0,False
2025-03-10 10:06:50,S01,Lecture-101,23.08,44.0,1136.0,ok,23.894,0.768,-1.102,43.96,0.275,0.1,1132.667,7.967,0.347,-0.25,-4.0,1124.0,1147.0,False
2025-03-10 10:06:50,S02,Lab-201,22.21,42.1,592.0,ok,22.36,0.104,-1.557,42.03,0.533,0.105,643.433,37.233,-1.458,-0.02,-22.0,581.0,710.0,False
2025-03-10 10:06:50,S03,Lab-305,22.77,44.0,1478.0,ok,22.942,0.097,-1.8,44.25,0.375,-0.52,1429.733,25.155,2.091,-0.01,13.0,1433.0,1478.0,False
2025-03-10 10:06:50,S04,Library-1F,21.68,39.5,703.0,ok,21.761,0.077,-0.827,39.777,0.33,-0.58,709.6,7.938,-0.68,-0.03,-25.0,687.0,721.0,False
2025-03-10 10:06:50,S05,Canteen,24.42,51.3,859.0,ok,24.159,0.158,1.777,50.627,0.602,1.194,786.467,58.864,1.285,0.15,15.0,817.0,867.0,False
2025-03-10 10:06:50,S06,Study-Hall,22.35,41.1,857.0,ok,22.399,0.059,-0.483,41.223,0.386,-0.22,854.667,5.732,0.22,-0.07,13.0,841.0,865.0,False
2025-03-10 10:07:00,S01,Lecture-101,23.03,44.5,1157.0,ok,23.808,0.713,-1.125,43.973,0.291,1.08,1133.7,9.014,2.433,-0.2,0.0,1124.0,1157.0,False
2025-03-10 10:07:00,S02,Lab-201,22.33,42.1,576.0,ok,22.359,0.104,-0.288,42.003,0.508,0.131,639.133,37.327,-1.811,0.0,-17.0,576.0,710.0,False
2025-03-10 10:07:00,S03,Lab-305,23.07,44.5,1475.0,ok,22.944,0.098,1.277,44.26,0.377,0.5,1432.7,25.067,1.8,0.19,18.0,1433.0,1478.0,False
2025-03-10 10:07:00,S04,Library-1F,21.72,40.1,701.0,ok,21.761,0.077,-0.407,39.783,0.334,0.647,709.133,8.02,-0.86,-0.05,-8.0,687.0,721.0,False
2025-03-10 10:07:00,S05,Canteen,24.3,51.8,879.0,ok,24.175,0.148,0.889,50.693,0.618,1.95,793.6,56.558,1.572,0.03,18.0,820.0,879.0,False
2025-03-10 10:07:00,S06,Study-Hall,22.36,40.7,855.0,ok,22.398,0.059,-0.387,41.193,0.39,-1.047,854.767,5.71,0.033,-0.11,13.0,841.0,865.0,False
2025-03-10 10:07:10,S01,Lecture-101,22.99,43.4,1131.0,ok,23.729,0.664,-1.147,43.937,0.292,-1.147,1133.567,9.024,-0.27,-0.15,4.0,1124.0,1157.0,False
2025-03-10 10:07:10,S02,Lab-201,22.42,41.8,584.0,ok,22.352,0.094,0.588,41.99,0.507,-0.401,634.933,36.148,-1.477,-0.07,-21.0,576.0,706.0,False
2025-03-10 10:07:10,S03,Lab-305,22.95,44.0,1483.0,ok,22.943,0.098,0.063,44.253,0.38,-0.52,1435.767,25.415,2.007,0.0,21.0,1433.0,1483.0,False
2025-03-10 10:07:10,S04,Library-1F,21.69,40.2,696.0,ok,21.76,0.078,-0.71,39.793,0.342,0.833,708.933,8.275,-1.313,-0.01,-8.0,687.0,721.0,False
2025-03-10 10:07:10,S05,Canteen,24.3,51.9,867.0,ok,24.186,0.144,0.846,50.753,0.645,1.954,799.533,54.506,1.298,0.06,17.0,827.0,879.0,False
2025-03-10 10:07:10,S06,Study-Hall,22.32,41.5,856.0,ok,22.396,0.061,-0.783,41.183,0.378,0.613,854.533,5.501,0.123,-0.08,9.0,841.0,865.0,False
2025-03-10 10:07:20,S01,Lecture-101,23.14,43.7,1140.0,ok,23.661,0.612,-0.887,43.92,0.291,-0.473,1133.933,9.055,0.643,-0.05,8.0,1124.0,1157.0,False
2025-03-10 10:07:20,S02,Lab-201,22.21,41.2,573.0,ok,22.341,0.09,-1.423,41.957,0.526,-1.557,630.5,35.277,-1.713,-0.07,-27.0,573.0,698.0,False
2025-03-10 10:07:20,S03,Lab-305,22.96,45.0,1473.0,ok,22.94,0.097,0.17,44.303,0.376,1.493,1438.267,25.26,1.465,0.01,18.0,1445.0,1483.0,False
2025-03-10 10:07:20,S04,Library-1F,21.72,39.5,701.0,ok,21.762,0.076,-0.397,39.8,0.334,-0.587,708.367,8.215,-0.793,-0.09,-8.0,687.0,721.0,False
2025-03-10 10:07:20,S05,Canteen,24.35,51.7,890.0,ok,24.202,0.133,1.138,50.8,0.661,1.468,806.067,53.15,1.66,0.06,23.0,827.0,890.0,False
2025-03-10 10:07:20,S06,Study-Hall,22.41,41.5,867.0,ok,22.394,0.06,0.143,41.193,0.382,0.633,855.067,5.907,1.247,0.01,0.0,841.0,867.0,False
2025-03-10 10:07:30,S01,Lecture-101,22.84,44.7,1137.0,ok,23.587,0.572,-1.341,43.943,0.323,1.56,1133.7,8.875,0.307,-0.09,4.0,1124.0,1157.0,False
2025-03-10 10:07:30,S02,Lab-201,22.24,41.3,582.0,ok,22.336,0.091,-1.013,41.91,0.52,-1.249,626.633,33.956,-1.375,-0.06,-14.0,573.0,688.0,False
2025-03-10 10:07:30,S03,Lab-305,22.86,43.8,1484.0,ok,22.933,0.095,-0.803,44.297,0.384,-1.007,1441.367,24.964,1.811,0.08,20.0,1445.0,1484.0,False
2025-03-10 10:07:30,S04,Library-1F,21.72,40.2,705.0,ok,21.76,0.076,-0.417,39.813,0.342,0.8,708.233,8.237,-0.337,-0.07,-5.0,687.0,721.0,False
2025-03-10 10:07:30,S05,Canteen,24.31,51.6,887.0,ok,24.209,0.134,0.808,50.867,0.636,1.21,812.067,51.721,1.523,-0.03,28.0,844.0,890.0,False
2025-03-10 10:07:30,S06,Study-Hall,22.33,41.2,856.0,ok,22.398,0.051,-0.64,41.193,0.382,0.013,855.0,5.884,0.093,-0.02,9.0,841.0,867.0,False
2025-03-10 10:07:40,S01,Lecture-101,22.82,44.1,1132.0,ok,23.52,0.538,-1.342,43.947,0.325,0.313,1133.2,8.515,-0.17,-0.24,-3.0,1124.0,1157.0,False
2025-03-10 10:07:40,S02,Lab-201,22.29,41.6,565.0,ok,22.33,0.088,-0.457,41.85,0.439,-0.597,622.533,33.716,-1.815,-0.06,-22.0,565.0,687.0,False
2025-03-10 10:07:40,S03,Lab-305,23.02,44.3,1487.0,ok,22.932,0.093,0.867,44.303,0.382,0.007,1444.133,25.277,1.828,0.09,21.0,1448.0,1487.0,False
2025-03-10 10:07:40,S04,Library-1F,21.77,39.4,708.0,ok,21.762,0.076,0.1,39.79,0.346,-0.827,708.367,8.198,-0.023,-0.07,14.0,687.0,721.0,False
2025-03-10 10:07:40,S05,Canteen,24.29,51.1,893.0,ok,24.217,0.13,0.608,50.9,0.621,0.367,817.467,51.422,1.565,-0.03,25.0,847.0,893.0,False
2025-03-10 10:07:40,S06,Study-Hall,22.26,41.2,862.0,ok,22.391,0.055,-1.377,41.223,0.343,0.013,855.067,5.953,0.7,-0.07,2.0,841.0,867.0,False
2025-03-10 10:07:50,S01,Lecture-101,22.96,43.4,1133.0,ok,23.464,0.504,-1.042,43.94,0.334,-1.093,1133.1,8.499,-0.02,-0.24,-3.0,1124.0,1157.0,False
2025-03-10 10:07:50,S02,Lab-201,22.2,41.4,575.0,ok,22.328,0.091,-1.3,41.807,0.416,-0.9,618.8,32.51,-1.41,-0.06,-17.0,565.0,668.0,False
2025-03-10 10:07:50,S03,Lab-305,22.96,44.6,1494.0,ok,22.932,0.093,0.283,44.283,0.347,0.593,1447.2,25.569,1.973,0.09,20.0,1448.0,1494.0,False
2025-03-10 10:07:50,S04,Library-1F,21.67,40.4,707.0,ok,21.755,0.074,-0.92,39.807,0.363,1.22,707.9,7.845,-0.137,-0.02,16.0,687.0,721.0,False
2025-03-10 10:07:50,S05,Canteen,24.37,51.5,888.0,ok,24.225,0.132,1.174,50.947,0.611,0.966,822.8,50.103,1.372,-0.11,29.0,850.0,893.0,False
2025-03-10 10:07:50,S06,Study-Hall,22.41,41.4,858.0,ok,22.393,0.055,0.193,41.247,0.33,0.353,855.0,5.907,0.293,-0.07,1.0,847.0,867.0,False
2025-03-10 10:08:00,S01,Lecture-101,22.72,43.4,1136.0,ok,23.4,0.47,-1.478,43.91,0.341,-1.08,1132.967,8.418,0.29,-0.21,-7.0,1131.0,1157.0,False
2025-03-10 10:08:00,S02,Lab-201,22.15,41.2,569.0,ok,22.319,0.095,-1.78,41.78,0.429,-1.213,615.5,32.368,-1.532,-0.13,-23.0,565.0,666.0,False
2025-03-10 10:08:00,S03,Lab-305,22.85,43.6,1484.0,ok,22.926,0.092,-0.823,44.27,0.366,-1.367,1450.033,24.739,1.439,-0.11,12.0,1448.0,1494.0,False
2025-03-10 10:08:00,S04,Library-1F,21.82,40.1,708.0,ok,21.758,0.075,0.65,39.817,0.367,0.587,707.933,7.843,0.01,0.05,7.0,687.0,721.0,False
2025-03-10 10:08:00,S05,Canteen,24.4,51.9,901.0,ok,24.235,0.134,1.324,51.02,0.588,1.56,828.567,48.753,1.561,0.07,28.0,856.0,901.0,False
2025-03-10 10:08:00,S06,Study-Hall,22.32,41.4,863.0,ok,22.388,0.055,-0.73,41.263,0.324,0.307,855.067,5.988,0.8,-0.04,5.0,847.0,867.0,False
2025-03-10 10:08:10,S01,Lecture-101,22.95,43.8,1130.0,ok,23.351,0.434,-0.958,43.907,0.341,-0.22,1132.833,8.433,-0.297,-0.08,-3.0,1130.0,1157.0,False
2025-03-10 10:08:10,S02,Lab-201,22.3,41.0,552.0,ok,22.315,0.093,-0.19,41.747,0.449,-1.56,611.733,32.979,-1.962,-0.13,-15.0,552.0,666.0,False
2025-03-10 10:08:10,S03,Lab-305,22.97,43.7,1499.0,ok,22.922,0.087,0.44,44.24,0.375,-1.14,1453.133,24.858,1.979,0.01,16.0,1456.0,1499.0,False
2025-03-10 10:08:10,S04,Library-1F,21.71,39.8,704.0,ok,21.756,0.075,-0.48,39.817,0.367,-0.033,707.733,7.865,-0.393,0.02,6.0,687.0,721.0,False
2025-03-10 10:08:10,S05,Canteen,24.38,52.2,881.0,ok,24.249,0.126,1.084,51.1,0.58,2.007,833.367,46.462,1.075,0.08,21.0,859.0,901.0,False
2025-03-10 10:08:10,S06,Study-Hall,22.45,40.8,855.0,ok,22.392,0.055,0.617,41.257,0.332,-0.927,855.167,5.96,-0.007,0.06,2.0,847.0,867.0,False
2025-03-10 10:08:20,S01,Lecture-101,22.78,43.7,1140.0,ok,23.304,0.416,-1.314,43.91,0.339,-0.413,1133.233,8.48,0.717,-0.25,-4.0,1130.0,1157.0,False
2025-03-10 10:08:20,S02,Lab-201,22.15,41.8,555.0,ok,22.309,0.097,-1.65,41.747,0.449,0.107,608.033,32.907,-1.72,-0.18,-21.0,552.0,662.0,False
2025-03-10 10:08:20,S03,Lab-305,23.03,43.8,1492.0,ok,22.925,0.089,1.08,44.227,0.383,-0.88,1456.1,23.963,1.564,0.01,17.0,1456.0,1499.0,False
2025-03-10 10:08:20,S04,Library-1F,21.8,39.7,705.0,ok,21.752,0.069,0.437,39.807,0.366,-0.233,707.267,7.584,-0.273,0.08,4.0,687.0,721.0,False
2025-03-10 10:08:20,S05,Canteen,24.52,52.3,902.0,ok,24.266,0.127,2.156,51.163,0.604,2.071,838.833,44.459,1.477,0.1,22.0,859.0,902.0,False
2025-03-10 10:08:20,S06,Study-Hall,22.43,40.8,858.0,ok,22.393,0.056,0.383,41.23,0.335,-0.913,855.067,5.884,0.283,0.07,2.0,847.0,867.0,False
2025-03-10 10:08:30,S01,Lecture-101,22.85,43.1,1138.0,ok,23.258,0.387,-1.09,43.877,0.367,-1.62,1133.6,8.439,0.477,-0.14,1.0,1130.0,1157.0,False
2025-03-10 10:08:30,S02,Lab-201,22.25,40.9,552.0,ok,22.302,0.094,-0.59,41.697,0.457,-1.693,604.367,32.815,-1.703,0.01,-30.0,552.0,660.0,False
2025-03-10 10:08:30,S03,Lab-305,22.89,44.6,1492.0,ok,22.927,0.087,-0.347,44.24,0.389,0.747,1458.367,24.038,1.498,0.02,9.0,1456.0,1499.0,False
2025-03-10 10:08:30,S04,Library-1F,21.79,40.1,704.0,ok,21.753,0.07,0.377,39.823,0.367,0.587,706.7,7.145,-0.327,0.07,3.0,691.0,717.0,False
2025-03-10 10:08:30,S05,Canteen,24.49,52.1,892.0,ok,24.277,0.131,1.76,51.2,0.626,1.552,843.0,43.338,1.196,0.18,5.0,859.0,902.0,False
2025-03-10 10:08:30,S06,Study-Hall,22.48,41.6,855.0,ok,22.397,0.058,0.87,41.227,0.331,0.74,855.133,5.871,-0.007,0.12,-1.0,855.0,867.0,False
2025-03-10 10:08:40,S01,Lecture-101,22.83,43.8,1119.0,ok,23.216,0.36,-1.108,43.883,0.364,-0.153,1133.5,8.597,-1.46,-0.01,1.0,1119.0,1157.0,False
2025-03-10 10:08:40,S02,Lab-201,22.18,41.7,563.0,ok,22.297,0.096,-1.22,41.7,0.457,0.007,601.2,32.035,-1.261,-0.06,-18.0,552.0,660.0,False
2025-03-10 10:08:40,S03,Lab-305,23.0,44.2,1493.0,ok,22.933,0.086,0.733,44.223,0.379,-0.08,1460.633,23.989,1.441,0.04,8.0,1473.0,1499.0,False
2025-03-10 10:08:40,S04,Library-1F,21.65,39.5,710.0,ok,21.743,0.061,-1.033,39.803,0.368,-0.647,706.567,7.04,0.33,0.07,0.0,696.0,717.0,False
2025-03-10 10:08:40,S05,Canteen,24.44,52.0,915.0,ok,24.289,0.129,1.237,51.253,0.624,1.277,848.1,42.471,1.661,0.18,12.0,859.0,915.0,False
2025-03-10 10:08:40,S06,Study-Hall,22.4,41.7,856.0,ok,22.397,0.058,0.033,41.253,0.336,0.947,854.833,5.571,0.087,0.1,-6.0,855.0,867.0,False
2025-03-10 10:08:50,S01,Lecture-101,22.82,43.8,1133.0,ok,23.172,0.321,-1.101,43.867,0.356,-0.167,1133.767,8.447,-0.05,-0.01,0.0,1119.0,1157.0,False
2025-03-10 10:08:50,S02,Lab-201,22.21,41.4,553.0,ok,22.292,0.096,-0.867,41.647,0.388,-0.6,597.633,31.208,-1.505,-0.03,-22.0,552.0,655.0,False
2025-03-10 10:08:50,S03,Lab-305,22.93,43.8,1498.0,ok,22.937,0.082,-0.027,44.21,0.387,-0.847,1462.833,24.297,1.558,-0.03,6.0,1473.0,1499.0,False
2025-03-10 10:08:50,S04,Library-1F,21.88,40.1,707.0,ok,21.748,0.066,1.367,39.82,0.37,0.593,706.267,6.812,0.043,0.07,0.0,696.0,717.0,False
2025-03-10 10:08:50,S05,Canteen,24.41,52.4,907.0,ok,24.305,0.114,0.933,51.293,0.658,1.837,852.667,41.128,1.387,0.13,19.0,867.0,915.0,False
2025-03-10 10:08:50,S06,Study-Hall,22.31,41.2,851.0,ok,22.395,0.06,-0.867,41.24,0.33,-0.107,854.767,5.606,-0.383,0.07,-3.0,851.0,867.0,False
2025-03-10 10:09:00,S01,Lecture-101,22.85,43.9,1117.0,ok,23.134,0.286,-1.004,43.88,0.349,0.067,1133.5,8.85,-1.677,0.01,-14.0,1117.0,1157.0,False
2025-03-10 10:09:00,S02,Lab-201,22.21,41.8,543.0,ok,22.292,0.096,-0.817,41.653,0.389,0.307,594.1,31.193,-1.751,0.01,-16.0,543.0,655.0,False
2025-03-10 10:09:00,S03,Lab-305,22.98,43.2,1503.0,ok,22.936,0.081,0.43,44.19,0.423,-2.02,1465.433,24.282,1.653,0.02,11.0,1473.0,1503.0,False
2025-03-10 10:09:00,S04,Library-1F,21.79,39.9,703.0,ok,21.749,0.067,0.42,39.827,0.369,0.16,706.1,6.83,-0.327,0.02,-1.0,696.0,717.0,False
2025-03-10 10:09:00,S05,Canteen,24.72,52.0,913.0,ok,24.319,0.137,3.643,51.347,0.648,1.074,857.4,39.546,1.467,0.07,20.0,867.0,915.0,False
2025-03-10 10:09:00,S06,Study-Hall,22.43,40.9,857.0,ok,22.395,0.06,0.35,41.237,0.333,-0.68,854.9,5.61,0.223,0.08,-6.0,851.0,867.0,False
2025-03-10 10:09:10,S01,Lecture-101,22.78,43.8,1139.0,ok,23.101,0.268,-1.237,43.873,0.348,-0.16,1134.233,8.332,0.55,-0.13,0.0,1117.0,1157.0,False
2025-03-10 10:09:10,S02,Lab-201,22.22,42.3,546.0,ok,22.285,0.092,-0.723,41.667,0.405,1.293,590.467,30.186,-1.542,0.01,-23.0,543.0,650.0,False
2025-03-10 10:09:10,S03,Lab-305,22.97,43.6,1507.0,ok,22.936,0.081,0.34,44.15,0.42,-1.18,1467.833,24.725,1.712,0.01,9.0,1473.0,1507.0,False
2025-03-10 10:09:10,S04,Library-1F,21.67,40.6,709.0,ok,21.748,0.067,-0.787,39.837,0.386,1.547,705.833,6.539,0.29,0.08,0.0,701.0,717.0,False
2025-03-10 10:09:10,S05,Canteen,24.53,52.0,911.0,ok,24.333,0.136,1.542,51.403,0.627,1.008,861.8,37.828,1.355,0.15,23.0,881.0,915.0,False
2025-03-10 10:09:10,S06,Study-Hall,22.4,41.7,853.0,ok,22.397,0.059,0.047,41.26,0.34,0.927,854.9,5.61,-0.19,-0.01,-5.0,851.0,867.0,False
2025-03-10 10:09:20,S01,Lecture-101,22.7,43.7,1135.0,ok,23.068,0.253,-1.497,43.873,0.348,-0.347,1134.633,8.058,0.077,0.0,-1.0,1117.0,1157.0,False
2025-03-10 10:09:20,S02,Lab-201,22.17,40.6,550.0,ok,22.276,0.09,-1.147,41.657,0.427,-2.133,587.133,28.879,-1.341,0.06,-9.0,543.0,632.0,False
2025-03-10 10:09:20,S03,Lab-305,22.95,44.1,1512.0,ok,22.941,0.078,0.137,44.127,0.402,-0.1,1470.367,25.239,1.786,0.0,15.0,1484.0,1512.0,False
2025-03-10 10:09:20,S04,Library-1F,21.75,38.9,705.0,ok,21.748,0.067,0.02,39.8,0.421,-1.873,705.933,6.502,-0.083,-0.05,0.0,703.0,717.0,False
2025-03-10 10:09:20,S05,Canteen,24.55,52.1,923.0,ok,24.344,0.14,1.597,51.44,0.635,1.111,866.167,37.046,1.618,0.15,12.0,881.0,923.0,False
2025-03-10 10:09:20,S06,Study-Hall,22.36,40.6,865.0,ok,22.398,0.059,-0.37,41.237,0.361,-1.32,855.3,5.891,1.01,-0.03,-1.0,851.0,867.0,False
2025-03-10 10:09:30,S01,Lecture-101,22.78,43.7,1131.0,ok,23.04,0.235,-1.139,43.87,0.35,-0.347,1135.067,7.46,-0.363,-0.07,-3.0,1117.0,1157.0,False
2025-03-10 10:09:30,S02,Lab-201,22.11,41.7,554.0,ok,22.272,0.095,-1.663,41.66,0.427,0.087,584.7,28.476,-1.147,-0.08,-2.0,543.0,632.0,False
2025-03-10 10:09:30,S03,Lab-305,22.92,44.5,1505.0,ok,22.94,0.078,-0.207,44.14,0.407,0.747,1472.7,25.092,1.372,-0.02,15.0,1484.0,1512.0,False
2025-03-10 10:09:30,S04,Library-1F,21.78,38.9,710.0,filled,21.751,0.067,0.317,39.76,0.448,-1.8,705.867,6.447,0.407,-0.04,5.0,703.0,717.0,False
2025-03-10 10:09:30,S05,Canteen,24.6,52.8,914.0,ok,24.359,0.143,1.832,51.52,0.65,2.142,870.167,35.428,1.291,0.06,22.0,881.0,923.0,False
2025-03-10 10:09:30,S06,Study-Hall,22.3,41.1,857.0,ok,22.394,0.061,-0.977,41.217,0.35,-0.273,855.367,5.898,0.17,-0.09,2.0,851.0,867.0,False
2025-03-10 10:09:40,S01,Lecture-101,22.82,43.6,1124.0,ok,23.02,0.228,-0.934,43.857,0.352,-0.54,1134.8,7.712,-1.107,-0.05,-7.0,1117.0,1157.0,False
2025-03-10 10:09:40,S02,Lab-201,22.16,41.6,532.0,ok,22.265,0.096,-1.117,41.633,0.404,-0.12,581.367,28.601,-1.851,-0.02,-5.0,532.0,630.0,False
2025-03-10 10:09:40,S03,Lab-305,23.03,44.7,1508.0,ok,22.939,0.078,0.903,44.147,0.415,1.12,1475.533,24.064,1.407,-0.05,16.0,1484.0,1512.0,False
2025-03-10 10:09:40,S04,Library-1F,21.88,39.5,706.0,ok,21.749,0.063,1.29,39.76,0.448,-0.52,705.867,6.447,0.013,-0.01,1.0,703.0,717.0,False
2025-03-10 10:09:40,S05,Canteen,24.42,52.1,930.0,ok,24.368,0.136,0.429,51.563,0.644,0.892,874.667,34.101,1.689,0.06,21.0,881.0,930.0,False
2025-03-10 10:09:40,S06,Study-Hall,22.46,41.2,859.0,ok,22.394,0.061,0.66,41.207,0.346,-0.033,855.633,5.875,0.363,-0.07,3.0,851.0,867.0,False
2025-03-10 10:09:50,S01,Lecture-101,22.75,44.4,1131.0,ok,22.998,0.22,-1.186,43.873,0.366,1.087,1134.733,7.737,-0.38,-0.05,-2.0,1117.0,1157.0,False
2025-03-10 10:09:50,S02,Lab-201,22.14,41.7,541.0,ok,22.254,0.09,-1.25,41.623,0.398,0.133,578.567,28.292,-1.411,-0.07,-12.0,532.0,630.0,False
2025-03-10 10:09:50,S03,Lab-305,23.05,61.53,1516.0,ok,22.945,0.079,1.11,44.714,3.202,34.767,1478.133,24.083,1.682,0.1,15.0,1484.0,1516.0,False
2025-03-10 10:09:50,S04,Library-1F,21.9,39.4,697.0,ok,21.755,0.069,1.507,39.76,0.448,-0.72,705.4,6.568,-0.887,0.09,-1.0,697.0,717.0,False
2025-03-10 10:09:50,S05,Canteen,24.43,52.3,913.0,ok,24.375,0.134,0.452,51.61,0.645,1.144,878.2,32.291,1.124,-0.01,7.0,881.0,930.0,False
2025-03-10 10:09:50,S06,Study-Hall,22.33,41.2,859.0,ok,22.393,0.062,-0.64,41.22,0.338,-0.013,855.967,5.768,0.337,-0.07,4.0,851.0,867.0,False
2025-03-10 10:10:00,S01,Lecture-101,22.83,43.9,1126.0,ok,22.974,0.195,-0.763,43.88,0.364,0.053,1134.533,7.886,-0.873,-0.01,7.0,1117.0,1157.0,False
2025-03-10 10:10:00,S02,Lab-201,22.33,41.5,548.0,ok,22.252,0.088,0.763,41.617,0.398,-0.247,576.0,27.414,-1.08,-0.05,-12.0,532.0,630.0,False
2025-03-10 10:10:00,S03,Lab-305,22.88,44.2,1516.0,filled,22.943,0.08,-0.647,44.714,3.202,-0.161,1480.867,23.549,1.572,0.05,18.0,1492.0,1516.0,False
2025-03-10 10:10:00,S04,Library-1F,21.61,39.3,703.0,ok,21.752,0.073,-1.447,39.757,0.451,-0.92,705.133,6.495,-0.24,0.09,-4.0,697.0,717.0,False
2025-03-10 10:10:00,S05,Canteen,24.49,51.6,927.0,ok,24.379,0.136,0.856,51.633,0.631,-0.016,881.867,31.333,1.511,-0.01,14.0,881.0,930.0,False
2025-03-10 10:10:00,S06,Study-Hall,22.5,41.6,863.0,ok,22.396,0.065,1.073,41.233,0.345,0.76,856.067,5.866,0.703,0.06,3.0,851.0,867.0,False
2025-03-10 10:10:10,S01,Lecture-101,22.65,44.2,1130.0,ok,22.952,0.194,-1.662,43.883,0.367,0.64,1134.3,7.914,-0.453,-0.07,-3.0,1117.0,1157.0,False
2025-03-10 10:10:10,S02,Lab-201,22.14,42.0,551.0,ok,22.247,0.09,-1.123,41.633,0.404,0.767,573.567,26.22,-0.912,-0.07,2.0,532.0,630.0,False
2025-03-10 10:10:10,S03,Lab-305,22.86,43.1,1539.0,ok,22.938,0.081,-0.83,44.688,3.213,-0.504,1483.933,24.936,2.469,-0.09,13.0,1492.0,1539.0,False
2025-03-10 10:10:10,S04,Library-1F,21.75,40.2,706.0,ok,21.755,0.071,-0.017,39.78,0.455,0.887,705.233,6.484,0.087,-0.04,-4.0,697.0,717.0,False
2025-03-10 10:10:10,S05,Canteen,24.56,52.5,924.0,ok,24.392,0.132,1.337,51.707,0.598,1.373,885.333,29.976,1.345,-0.04,13.0,892.0,930.0,False
2025-03-10 10:10:10,S06,Study-Hall,22.27,41.4,877.0,ok,22.389,0.068,-1.26,41.217,0.323,0.333,856.867,6.967,2.093,-0.07,10.0,851.0,877.0,False
2025-03-10 10:10:20,S01,Lecture-101,22.77,43.8,1138.0,ok,22.937,0.189,-0.94,43.887,0.366,-0.167,1134.133,7.776,0.37,-0.01,-5.0,1117.0,1157.0,False
2025-03-10 10:10:20,S02,Lab-201,22.23,41.6,569.0,ok,22.249,0.089,-0.17,41.633,0.404,-0.067,571.533,23.961,-0.174,0.02,5.0,532.0,618.0,False
2025-03-10 10:10:20,S03,Lab-305,22.97,44.4,1528.0,ok,22.94,0.081,0.317,44.704,3.21,-0.09,1487.1,24.268,1.767,-0.09,21.0,1492.0,1539.0,False
2025-03-10 10:10:20,S04,Library-1F,21.84,39.3,703.0,ok,21.756,0.072,0.853,39.77,0.462,-0.96,704.833,6.226,-0.223,0.0,-2.0,697.0,717.0,False
2025-03-10 10:10:20,S05,Canteen,24.65,51.4,940.0,ok,24.407,0.135,1.947,51.71,0.596,-0.513,889.033,29.632,1.824,0.01,14.0,892.0,940.0,False
2025-03-10 10:10:20,S06,Study-Hall,22.49,41.2,856.0,ok,22.39,0.068,1.007,41.217,0.323,-0.033,856.867,6.967,-0.087,0.09,6.0,851.0,877.0,False
2025-03-10 10:10:30,S01,Lecture-101,22.77,44.2,1128.0,ok,22.918,0.175,-0.882,43.893,0.369,0.627,1133.833,7.835,-0.613,-0.01,-5.0,1117.0,1157.0,False
2025-03-10 10:10:30,S02,Lab-201,22.3,41.2,568.0,ok,22.248,0.088,0.51,41.607,0.405,-0.867,569.867,22.298,-0.147,0.06,18.0,532.0,614.0,False
2025-03-10 10:10:30,S03,Lab-305,22.91,44.2,1528.0,ok,22.94,0.081,-0.3,44.718,3.207,-0.157,1489.567,24.546,1.685,-0.04,21.0,1493.0,1539.0,False
2025-03-10 10:10:30,S04,Library-1F,21.75,40.4,711.0,ok,21.755,0.072,-0.06,39.803,0.471,1.26,704.667,5.979,0.617,0.0,-3.0,697.0,717.0,False
2025-03-10 10:10:30,S05,Canteen,24.75,52.1,930.0,ok,24.428,0.138,2.533,51.76,0.561,0.655,892.467,28.125,1.383,0.1,16.0,907.0,940.0,False
2025-03-10 10:10:30,S06,Study-Hall,22.39,41.4,864.0,ok,22.389,0.068,0.0,41.223,0.324,0.367,857.2,7.063,0.713,0.03,7.0,851.0,877.0,False
2025-03-10 10:10:40,S01,Lecture-101,22.84,44.2,1115.0,ok,22.901,0.157,-0.444,43.88,0.35,0.613,1132.867,8.312,-1.883,-0.01,-3.0,1115.0,1157.0,False
2025-03-10 10:10:40,S02,Lab-201,22.2,41.2,574.0,ok,22.248,0.088,-0.483,41.587,0.41,-0.813,568.533,20.708,0.185,0.07,19.0,532.0,609.0,False
2025-03-10 10:10:40,S03,Lab-305,22.89,44.4,1532.0,ok,22.941,0.081,-0.503,44.704,3.207,-0.099,1492.467,24.237,1.729,-0.04,20.0,1498.0,1539.0,False
2025-03-10 10:10:40,S04,Library-1F,21.78,39.1,704.0,ok,21.756,0.072,0.247,39.793,0.483,-1.407,704.533,5.947,-0.067,0.0,-2.0,697.0,717.0,False
2025-03-10 10:10:40,S05,Canteen,24.59,52.5,927.0,ok,24.437,0.14,1.171,51.807,0.563,1.319,895.233,27.262,1.228,0.1,7.0,907.0,940.0,False
2025-03-10 10:10:40,S06,Study-Hall,22.24,41.6,867.0,ok,22.382,0.072,-1.493,41.23,0.33,0.753,857.967,6.825,0.98,0.03,5.0,851.0,877.0,False
2025-03-10 10:10:50,S01,Lecture-101,22.86,44.0,1123.0,ok,22.889,0.145,-0.263,43.873,0.345,0.24,1132.3,8.388,-0.987,0.06,-8.0,1115.0,1157.0,False
2025-03-10 10:10:50,S02,Lab-201,22.27,41.3,582.0,ok,22.246,0.087,0.22,41.563,0.406,-0.573,567.767,19.713,0.65,0.13,33.0,532.0,609.0,False
2025-03-10 10:10:50,S03,Lab-305,22.9,44.3,1544.0,ok,22.942,0.079,-0.407,44.711,3.206,-0.126,1495.367,25.039,2.126,-0.13,24.0,1503.0,1544.0,False
2025-03-10 10:10:50,S04,Library-1F,21.6,40.4,701.0,ok,21.752,0.077,-1.557,39.797,0.487,1.213,704.0,5.49,-0.353,-0.13,-2.0,697.0,711.0,False
2025-03-10 10:10:50,S05,Canteen,24.59,51.9,925.0,ok,24.447,0.139,1.095,51.823,0.558,0.166,897.833,26.202,1.092,0.16,13.0,911.0,940.0,False
2025-03-10 10:10:50,S06,Study-Hall,22.36,41.2,874.0,ok,22.378,0.069,-0.217,41.24,0.324,-0.06,859.067,6.654,1.603,0.03,8.0,853.0,877.0,False
2025-03-10 10:11:00,S01,Lecture-101,22.78,43.7,1134.0,ok,22.876,0.135,-0.754,43.857,0.341,-0.347,1132.633,8.244,0.17,0.02,-3.0,1115.0,1157.0,False
2025-03-10 10:11:00,S02,Lab-201,22.17,40.6,582.0,ok,22.238,0.082,-0.76,41.52,0.437,-1.927,566.867,18.334,0.722,0.04,41.0,532.0,603.0,False
2025-03-10 10:11:00,S03,Lab-305,22.82,44.2,1542.0,ok,22.936,0.081,-1.22,44.698,3.207,-0.159,1498.2,25.355,1.862,-0.14,26.0,1505.0,1544.0,False
2025-03-10 10:11:00,S04,Library-1F,21.7,39.6,707.0,ok,21.748,0.076,-0.523,39.8,0.485,-0.393,703.933,5.439,0.3,-0.18,1.0,697.0,711.0,False
2025-03-10 10:11:00,S05,Canteen,24.56,52.8,927.0,ok,24.459,0.132,0.81,51.92,0.454,1.752,900.4,25.103,1.113,0.16,0.0,911.0,940.0,False
2025-03-10 10:11:00,S06,Study-Hall,22.31,41.3,874.0,ok,22.374,0.07,-0.677,41.243,0.324,0.12,859.667,7.16,1.493,-0.15,15.0,853.0,877.0,False
2025-03-10 10:11:10,S01,Lecture-101,22.75,44.2,1125.0,ok,22.866,0.133,-0.931,43.87,0.347,0.687,1132.4,8.361,-0.763,0.03,-5.0,1115.0,1157.0,False
2025-03-10 10:11:10,S02,Lab-201,22.3,41.8,602.0,ok,22.234,0.077,0.623,41.5,0.408,0.56,566.833,18.266,1.916,0.13,34.0,532.0,602.0,False
2025-03-10 10:11:10,S03,Lab-305,22.83,44.1,1533.0,ok,22.932,0.084,-1.057,44.688,3.209,-0.186,1501.033,24.278,1.373,-0.05,26.0,1505.0,1544.0,False
2025-03-10 10:11:10,S04,Library-1F,21.79,39.1,701.0,ok,21.752,0.075,0.42,39.78,0.501,-1.4,703.767,5.45,-0.293,-0.05,-2.0,697.0,711.0,False
2025-03-10 10:11:10,S05,Canteen,24.66,52.3,933.0,ok,24.473,0.131,1.516,51.963,0.425,0.76,902.967,24.332,1.299,0.1,3.0,913.0,940.0,False
2025-03-10 10:11:10,S06,Study-Hall,22.5,40.9,877.0,ok,22.379,0.073,1.263,41.253,0.308,-0.687,860.667,7.42,1.733,0.03,11.0,856.0,877.0,False
2025-03-10 10:11:20,S01,Lecture-101,22.76,43.9,1135.0,ok,22.855,0.128,-0.796,43.88,0.343,0.06,1132.2,8.219,0.26,-0.01,4.0,1115.0,1157.0,False
2025-03-10 10:11:20,S02,Lab-201,22.3,41.5,591.0,ok,22.236,0.078,0.657,41.5,0.408,0.0,566.667,18.012,1.323,0.07,40.0,532.0,602.0,False
2025-03-10 10:11:20,S03,Lab-305,22.88,44.5,1544.0,ok,22.935,0.079,-0.517,44.708,3.206,-0.058,1503.733,24.406,1.77,-0.05,14.0,1505.0,1544.0,False
2025-03-10 10:11:20,S04,Library-1F,21.81,39.6,695.0,ok,21.752,0.075,0.583,39.75,0.483,-0.359,703.267,5.546,-0.877,0.04,-2.0,695.0,711.0,False
2025-03-10 10:11:20,S05,Canteen,24.73,51.8,940.0,ok,24.486,0.136,1.966,51.967,0.423,-0.327,905.4,24.261,1.522,0.1,6.0,913.0,940.0,False
2025-03-10 10:11:20,S06,Study-Hall,22.34,41.1,861.0,ok,22.379,0.073,-0.393,41.257,0.306,-0.307,860.633,7.416,0.033,-0.15,11.0,856.0,877.0,False
2025-03-10 10:11:30,S01,Lecture-101,22.87,43.9,1128.0,ok,22.845,0.114,0.114,43.877,0.342,0.04,1132.033,8.252,-0.42,-0.01,-2.0,1115.0,1157.0,False
2025-03-10 10:11:30,S02,Lab-201,22.34,42.0,607.0,ok,22.238,0.079,1.037,41.513,0.417,1.0,567.533,19.305,2.239,0.07,34.0,532.0,607.0,False
2025-03-10 10:11:30,S03,Lab-305,22.99,44.4,1538.0,ok,22.939,0.078,0.547,44.711,3.205,-0.096,1506.1,24.162,1.404,-0.03,10.0,1508.0,1544.0,False
2025-03-10 10:11:30,S04,Library-1F,21.66,39.8,705.0,ok,21.747,0.077,-0.917,39.733,0.472,0.1,703.867,4.622,0.173,0.04,-5.0,695.0,711.0,False
2025-03-10 10:11:30,S05,Canteen,24.64,53.0,945.0,ok,24.492,0.139,1.129,52.017,0.453,2.067,908.267,23.663,1.632,0.01,10.0,913.0,945.0,False
2025-03-10 10:11:30,S06,Study-Hall,22.34,41.5,861.0,filled,22.375,0.072,-0.39,41.257,0.306,0.487,861.1,6.955,0.037,-0.05,-3.0,856.0,877.0,False
2025-03-10 10:11:40,S01,Lecture-101,22.78,44.4,1134.0,ok,22.838,0.111,-0.575,43.897,0.355,1.047,1131.833,8.124,0.197,0.01,6.0,1115.0,1157.0,False
2025-03-10 10:11:40,S03,Lab-305,23.11,44.4,1551.0,ok,22.94,0.08,1.707,44.724,3.203,-0.097,1509.267,23.588,1.858,0.08,16.0,1516.0,1551.0,False
2025-03-10 10:11:40,S04,Library-1F,21.87,40.1,700.0,ok,21.752,0.08,1.227,39.757,0.472,0.733,704.167,4.009,-0.387,0.03,-4.0,695.0,711.0,False
2025-03-10 10:11:40,S05,Canteen,24.56,52.9,945.0,ok,24.5,0.135,0.492,52.063,0.47,1.767,910.933,23.12,1.552,-0.01,15.0,913.0,945.0,False
2025-03-10 10:11:40,S06,Study-Hall,22.58,41.6,873.0,ok,22.381,0.081,2.05,41.253,0.301,0.687,861.533,7.281,1.19,-0.05,-3.0,856.0,877.0,False
2025-03-10 10:11:50,S01,Lecture-101,22.8,43.4,1138.0,ok,22.829,0.101,-0.346,43.877,0.365,-0.993,1131.9,8.168,0.617,-0.04,11.0,1115.0,1157.0,False
2025-03-10 10:11:50,S02,Lab-201,22.21,42.0,608.0,ok,22.231,0.073,-0.277,41.53,0.427,0.973,567.967,20.073,2.096,0.06,32.571,541.0,608.0,False
2025-03-10 10:11:50,S03,Lab-305,23.01,44.7,1550.0,ok,22.948,0.074,0.7,44.748,3.2,-0.008,1511.667,23.957,1.727,0.11,18.0,1516.0,1551.0,False
2025-03-10 10:11:50,S04,Library-1F,21.71,39.7,708.0,ok,21.753,0.079,-0.417,39.763,0.47,-0.113,704.333,4.063,0.383,-0.04,1.0,695.0,711.0,False
2025-03-10 10:11:50,S05,Canteen,24.6,53.0,935.0,ok,24.506,0.135,0.74,52.12,0.477,1.873,913.467,21.328,1.041,0.01,18.0,924.0,945.0,False
2025-03-10 10:11:50,S06,Study-Hall,22.34,41.1,871.0,ok,22.381,0.081,-0.41,41.253,0.301,-0.307,862.0,7.428,0.947,-0.02,4.0,856.0,877.0,False
2025-03-10 10:12:00,S01,Lecture-101,22.65,44.6,1136.0,ok,22.816,0.099,-1.77,43.88,0.372,1.447,1131.2,6.713,0.41,-0.06,13.0,1115.0,1140.0,False
2025-03-10 10:12:00,S02,Lab-201,22.31,42.3,627.0,ok,22.235,0.074,0.787,41.537,0.437,1.54,569.133,22.4,2.941,0.034,29.143,548.0,627.0,False
2025-03-10 10:12:00,S03,Lab-305,22.96,44.3,1559.0,ok,22.944,0.07,0.12,44.741,3.201,-0.14,1514.467,24.428,1.976,0.12,9.0,1528.0,1559.0,False
2025-03-10 10:12:00,S04,Library-1F,21.6,40.5,707.0,ok,21.749,0.084,-1.527,39.777,0.485,1.473,704.533,4.041,0.267,0.01,3.0,695.0,711.0,False
2025-03-10 10:12:00,S05,Canteen,24.62,52.2,945.0,ok,24.517,0.131,0.842,52.133,0.474,0.16,915.667,21.052,1.479,0.01,18.0,924.0,945.0,False
2025-03-10 10:12:00,S06,Study-Hall,22.47,41.4,864.0,ok,22.384,0.083,0.893,41.277,0.284,0.293,862.3,7.316,0.2,0.16,-3.0,856.0,877.0,False
2025-03-10 10:12:10,S01,Lecture-101,22.71,43.3,1138.0,ok,22.807,0.095,-1.063,43.877,0.377,-1.16,1131.433,6.826,0.68,-0.07,13.0,1115.0,1140.0,False
2025-03-10 10:12:10,S02,Lab-201,22.28,42.3,633.0,ok,22.233,0.073,0.453,41.543,0.448,1.527,571.033,25.24,2.851,0.069,38.571,551.0,633.0,False
2025-03-10 10:12:10,S03,Lab-305,22.9,44.9,1554.0,ok,22.943,0.071,-0.443,44.771,3.198,0.05,1516.833,24.712,1.618,0.13,12.0,1528.0,1559.0,False
2025-03-10 10:12:10,S04,Library-1F,21.65,39.5,705.0,ok,21.747,0.085,-0.987,39.753,0.481,-0.553,704.833,3.705,0.047,-0.05,6.0,695.0,711.0,False
2025-03-10 10:12:10,S05,Canteen,24.64,52.8,946.0,ok,24.528,0.126,0.941,52.163,0.487,1.333,918.3,19.649,1.441,0.03,18.0,925.0,946.0,False
2025-03-10 10:12:10,S06,Study-Hall,22.3,41.1,871.0,ok,22.384,0.083,-0.843,41.263,0.282,-0.353,862.8,7.383,0.87,-0.02,-3.0,856.0,877.0,False
2025-03-10 10:11:40,S02,Lab-201,22.3,41.7,612.0,ok,22.234,0.074,0.623,41.52,0.419,0.373,568.1,20.359,2.303,0.07,38.0,541.0,612.0,False
2025-03-10 10:12:20,S01,Lecture-101,22.63,44.5,1144.0,ok,22.79,0.077,-1.77,43.903,0.392,1.247,1131.567,7.035,1.257,-0.11,4.0,1115.0,1144.0,False
2025-03-10 10:12:20,S02,Lab-201,22.33,42.1,628.0,ok,22.233,0.067,1.01,41.57,0.453,1.12,573.8,28.16,2.136,0.01,37.0,568.0,633.0,False
2025-03-10 10:12:20,S03,Lab-305,22.9,44.1,1560.0,ok,22.941,0.071,-0.427,44.741,3.2,-0.21,1519.733,24.495,1.747,0.07,17.0,1528.0,1560.0,False
2025-03-10 10:12:20,S04,Library-1F,21.72,39.7,703.0,ok,21.747,0.085,-0.273,39.76,0.479,-0.107,704.9,3.652,-0.183,-0.14,4.0,695.0,711.0,False
2025-03-10 10:12:20,S05,Canteen,24.67,52.6,953.0,ok,24.539,0.124,1.126,52.193,0.485,0.873,920.4,19.885,1.766,-0.02,13.0,925.0,953.0,False
2025-03-10 10:12:30,S01,Lecture-101,22.73,43.7,1133.0,ok,22.786,0.078,-0.6,43.87,0.363,-0.407,1131.433,6.966,0.143,-0.05,10.0,1115.0,1144.0,False
2025-03-10 10:12:30,S02,Lab-201,22.39,41.6,643.0,ok,22.238,0.073,1.57,41.58,0.45,0.06,575.833,30.847,2.457,0.03,31.0,574.0,643.0,False
2025-03-10 10:12:30,S03,Lab-305,23.01,44.3,1568.0,ok,22.946,0.07,0.693,44.758,3.196,-0.138,1522.533,25.064,1.97,0.02,22.0,1532.0,1568.0,False
2025-03-10 10:12:30,S04,Library-1F,21.64,40.2,700.0,ok,21.745,0.087,-1.073,39.76,0.479,0.88,704.733,3.759,-0.49,-0.14,2.0,695.0,711.0,False
2025-03-10 10:12:30,S05,Canteen,24.72,52.5,958.0,ok,24.553,0.12,1.462,52.223,0.475,0.613,922.767,19.998,1.891,0.01,13.0,925.0,958.0,False
2025-03-10 10:12:30,S06,Study-Hall,22.33,41.2,869.0,ok,22.381,0.084,-0.537,41.253,0.279,-0.127,862.867,7.431,0.62,-0.009,-4.286,861.0,877.0,False
2025-03-10 10:12:40,S01,Lecture-101,22.76,44.3,1133.0,filled,22.784,0.077,-0.263,43.877,0.369,0.86,1131.467,6.972,0.157,-0.05,-1.0,1123.0,1144.0,False
2025-03-10 10:12:40,S02,Lab-201,22.46,41.3,636.0,ok,22.244,0.083,2.22,41.57,0.453,-0.56,578.2,32.657,1.951,0.09,29.0,582.0,643.0,False
2025-03-10 10:12:40,S03,Lab-305,22.87,44.0,1561.0,ok,22.941,0.07,-0.757,44.748,3.198,-0.237,1525.0,25.087,1.535,-0.09,17.0,1533.0,1568.0,False
2025-03-10 10:12:40,S04,Library-1F,21.8,40.1,708.0,ok,21.746,0.088,0.553,39.783,0.478,0.68,704.733,3.759,0.327,-0.09,3.0,695.0,711.0,False
2025-03-10 10:12:40,S05,Canteen,24.81,53.1,945.0,ok,24.57,0.118,2.141,52.29,0.451,1.753,924.5,19.578,1.112,0.08,8.0,925.0,958.0,False
2025-03-10 10:12:40,S06,Study-Hall,22.42,41.7,865.0,ok,22.384,0.083,0.39,41.27,0.29,0.893,863.167,7.325,0.213,-0.009,6.857,861.0,877.0,False
2025-03-10 10:12:50,S01,Lecture-101,22.6,44.0,1130.0,ok,22.772,0.077,-1.843,43.897,0.359,0.247,1131.367,6.97,-0.147,-0.07,-1.0,1125.0,1144.0,False
2025-03-10 10:12:50,S02,Lab-201,22.4,42.6,657.0,ok,22.25,0.088,1.563,41.61,0.489,2.06,580.933,35.673,2.413,0.1,35.0,582.0,657.0,False
2025-03-10 10:12:50,S03,Lab-305,23.04,43.8,1568.0,ok,22.943,0.072,0.993,44.721,3.203,-0.296,1527.467,25.568,1.714,0.0,18.0,1533.0,1568.0,False
2025-03-10 10:12:50,S04,Library-1F,21.78,40.2,702.0,ok,21.749,0.087,0.343,39.777,0.47,0.833,704.567,3.766,-0.273,0.07,-3.0,695.0,711.0,False
2025-03-10 10:12:50,S05,Canteen,24.63,53.4,959.0,ok,24.579,0.113,0.506,52.353,0.47,2.22,926.867,19.303,1.762,0.12,13.0,927.0,959.0,False
2025-03-10 10:12:50,S06,Study-Hall,22.49,41.3,876.0,ok,22.392,0.082,1.06,41.273,0.29,0.06,863.633,7.686,1.283,0.069,6.857,861.0,877.0,False
2025-03-10 10:12:20,S06,Study-Hall,22.44,41.0,867.0,ok,22.385,0.084,0.563,41.247,0.283,-0.527,862.8,7.383,0.42,0.1,-7.0,861.0,877.0,False
2025-03-10 10:13:00,S01,Lecture-101,22.77,43.6,1128.0,ok,22.774,0.077,-0.023,43.903,0.351,-0.593,1131.1,6.94,-0.337,-0.02,-6.0,1125.0,1144.0,False
2025-03-10 10:13:00,S02,Lab-201,22.42,41.3,645.0,ok,22.259,0.091,1.697,41.613,0.486,-0.62,583.467,37.45,1.796,0.12,33.0,591.0,657.0,False
2025-03-10 10:13:00,S03,Lab-305,22.84,44.7,1572.0,ok,22.943,0.073,-1.033,44.758,3.196,-0.007,1530.4,25.457,1.742,-0.14,17.0,1533.0,1572.0,False
2025-03-10 10:13:00,S04,Library-1F,21.67,39.9,699.0,ok,21.744,0.087,-0.793,39.77,0.467,0.247,704.267,3.841,-0.557,0.07,-5.0,695.0,711.0,False
2025-03-10 10:13:00,S05,Canteen,24.59,52.7,966.0,ok,24.585,0.108,0.101,52.38,0.466,0.693,929.033,19.937,2.027,0.03,14.0,933.0,966.0,False
2025-03-10 10:13:00,S06,Study-Hall,22.42,41.5,870.0,ok,22.396,0.081,0.273,41.263,0.295,0.48,864.167,7.711,0.607,-0.05,-1.0,861.0,877.0,False
2025-03-10 10:13:10,S01,Lecture-101,22.59,43.6,1134.0,ok,22.762,0.076,-1.84,43.897,0.355,-0.607,1131.233,6.956,0.29,-0.11,-8.0,1128.0,1144.0,False
2025-03-10 10:13:10,S02,Lab-201,22.48,41.7,646.0,ok,22.265,0.099,2.207,41.637,0.472,0.173,586.6,38.64,1.67,0.14,19.0,591.0,657.0,False
2025-03-10 10:13:10,S03,Lab-305,22.95,44.5,1576.0,ok,22.942,0.073,0.07,44.784,3.19,-0.081,1532.967,26.056,1.791,-0.01,18.0,1538.0,1576.0,False
2025-03-10 10:13:10,S04,Library-1F,21.8,40.5,713.0,ok,21.747,0.087,0.557,39.793,0.486,1.46,704.567,4.158,0.873,0.13,-5.0,695.0,713.0,False
2025-03-10 10:13:10,S05,Canteen,24.79,52.8,955.0,ok,24.599,0.107,1.906,52.4,0.471,0.84,931.5,18.3,1.302,0.01,14.0,935.0,966.0,False
2025-03-10 10:13:10,S06,Study-Hall,22.34,41.7,875.0,ok,22.392,0.081,-0.56,41.293,0.292,0.873,864.833,7.755,1.083,0.08,4.0,861.0,877.0,False
2025-03-10 10:13:20,S01,Lecture-101,22.81,44.2,1129.0,ok,22.763,0.077,0.48,43.913,0.357,0.607,1130.867,6.766,-0.223,0.12,-9.0,1128.0,1144.0,False
2025-03-10 10:13:20,S02,Lab-201,22.34,41.4,649.0,ok,22.272,0.098,0.747,41.623,0.473,-0.473,589.733,39.784,1.615,0.11,18.0,607.0,657.0,False
2025-03-10 10:13:20,S03,Lab-305,22.86,44.2,1573.0,ok,22.937,0.072,-0.823,44.798,3.186,-0.183,1535.667,25.861,1.536,-0.04,14.0,1538.0,1576.0,False
2025-03-10 10:13:20,S04,Library-1F,21.77,39.9,706.0,ok,21.746,0.087,0.227,39.8,0.486,0.213,704.6,4.166,0.143,0.12,1.0,699.0,713.0,False
2025-03-10 10:13:20,S05,Canteen,24.68,52.7,956.0,ok,24.604,0.107,0.763,52.413,0.473,0.6,933.3,17.95,1.339,0.04,10.0,935.0,966.0,False
2025-03-10 10:13:20,S06,Study-Hall,22.37,40.9,882.0,ok,22.39,0.081,-0.223,41.297,0.287,-0.787,865.633,8.248,1.717,-0.07,8.0,861.0,882.0,False
2025-03-10 10:13:30,S01,Lecture-101,22.68,44.4,1133.0,ok,22.757,0.076,-0.83,43.957,0.333,0.973,1130.7,6.644,0.213,-0.03,-5.0,1128.0,1144.0,False
2025-03-10 10:13:30,S02,Lab-201,22.4,41.8,663.0,ok,22.277,0.1,1.283,41.653,0.454,0.353,593.433,41.287,1.842,0.07,16.0,608.0,663.0,False
2025-03-10 10:13:30,S03,Lab-305,22.94,44.2,1580.0,ok,22.938,0.072,0.033,44.784,3.188,-0.188,1538.6,25.727,1.714,0.04,16.0,1550.0,1580.0,False
2025-03-10 10:13:30,S04,Library-1F,21.7,40.6,704.0,ok,21.743,0.087,-0.463,39.817,0.505,1.6,704.6,4.166,-0.06,0.12,3.0,699.0,713.0,False
2025-03-10 10:13:30,S05,Canteen,24.56,53.4,945.0,ok,24.606,0.105,-0.413,52.457,0.502,1.973,935.067,16.276,0.652,0.01,2.0,935.0,966.0,False
2025-03-10 10:13:30,S06,Study-Hall,22.35,41.4,877.0,ok,22.386,0.08,-0.403,41.29,0.282,0.207,866.367,8.248,1.137,0.02,8.0,864.0,882.0,False
2025-03-10 10:13:40,S01,Lecture-101,22.7,43.8,1129.0,ok,22.753,0.076,-0.573,43.957,0.333,-0.313,1131.033,6.278,-0.17,-0.03,-4.0,1128.0,1144.0,False
2025-03-10 10:13:40,S02,Lab-201,22.51,41.9,654.0,ok,22.288,0.107,2.328,41.66,0.456,0.493,596.467,42.304,1.467,0.01,18.0,608.0,663.0,False
2025-03-10 10:13:40,S03,Lab-305,22.86,44.1,1585.0,ok,22.934,0.072,-0.783,44.781,3.189,-0.215,1541.667,25.587,1.804,-0.04,19.0,1550.0,1585.0,False
2025-03-10 10:13:40,S04,Library-1F,21.81,39.8,712.0,ok,21.749,0.086,0.667,39.827,0.501,-0.033,704.667,4.27,0.74,0.05,3.0,699.0,713.0,False
2025-03-10 10:13:40,S06,Study-Hall,22.45,41.0,876.0,ok,22.388,0.081,0.64,41.267,0.276,-0.58,867.033,8.189,0.963,-0.05,10.0,864.0,882.0,False
2025-03-10 10:13:50,S01,Lecture-101,22.65,44.0,1135.0,ok,22.747,0.077,-1.03,43.963,0.332,0.087,1131.1,6.31,0.397,-0.05,0.0,1128.0,1144.0,False
2025-03-10 10:13:50,S02,Lab-201,22.41,41.8,675.0,ok,22.294,0.108,1.142,41.673,0.454,0.28,600.533,43.818,1.856,0.01,20.0,627.0,675.0,False
2025-03-10 10:13:50,S03,Lab-305,23.0,43.6,1595.0,ok,22.936,0.073,0.663,44.774,3.191,-0.37,1544.9,26.004,2.084,-0.07,17.0,1554.0,1595.0,False
2025-03-10 10:13:50,S04,Library-1F,21.69,38.9,701.0,ok,21.742,0.082,-0.587,39.787,0.526,-1.85,704.467,4.297,-0.367,-0.08,2.0,699.0,713.0,False
2025-03-10 10:13:50,S05,Canteen,24.92,53.1,964.0,ok,24.622,0.115,2.994,52.493,0.508,1.281,936.7,16.647,1.778,-0.034,2.571,935.0,966.0,False
2025-03-10 10:13:50,S06,Study-Hall,22.4,41.7,880.0,ok,22.391,0.079,0.123,41.283,0.287,0.867,868.0,7.939,1.297,-0.02,8.0,864.0,882.0,False
2025-03-10 10:14:00,S01,Lecture-101,22.79,44.3,1129.0,ok,22.745,0.075,0.427,43.977,0.337,0.673,1131.5,5.74,-0.21,-0.06,-1.0,1128.0,1144.0,False
2025-03-10 10:14:00,S02,Lab-201,22.53,41.5,678.0,ok,22.305,0.115,2.175,41.663,0.454,-0.347,605.033,44.631,1.768,0.09,30.0,628.0,678.0,False
2025-03-10 10:14:00,S03,Lab-305,22.91,44.9,1592.0,ok,22.934,0.073,-0.26,44.831,3.177,0.039,1547.867,26.136,1.811,0.04,24.0,1554.0,1595.0,False
2025-03-10 10:14:00,S04,Library-1F,21.68,40.7,712.0,ok,21.739,0.083,-0.623,39.813,0.551,1.737,704.767,4.5,0.753,-0.09,10.0,699.0,713.0,False
2025-03-10 10:14:00,S05,Canteen,24.74,52.8,954.0,ok,24.633,0.109,1.026,52.507,0.511,0.604,938.267,15.952,1.039,0.017,-3.429,945.0,966.0,False
2025-03-10 10:14:00,S06,Study-Hall,22.54,41.0,885.0,ok,22.394,0.083,1.493,41.287,0.283,-0.567,868.933,8.242,1.7,0.03,10.0,865.0,885.0,False
2025-03-10 10:13:40,S05,Canteen,24.73,52.8,940.0,ok,24.616,0.102,1.18,52.483,0.498,0.684,935.9,15.847,0.303,-0.04,-8.0,935.0,966.0,False
2025-03-10 10:14:10,S01,Lecture-101,22.57,43.9,1137.0,ok,22.738,0.081,-1.753,43.98,0.336,-0.153,1131.433,5.661,0.55,0.05,5.0,1128.0,1144.0,False
2025-03-10 10:14:10,S02,Lab-201,22.34,41.6,688.0,ok,22.309,0.114,0.304,41.64,0.438,-0.127,609.767,45.672,1.859,-0.01,32.0,628.0,688.0,False
2025-03-10 10:14:10,S04,Library-1F,21.72,39.3,717.0,ok,21.74,0.082,-0.187,39.77,0.538,-0.931,705.033,4.972,1.223,-0.09,10.0,699.0,717.0,False
2025-03-10 10:14:10,S05,Canteen,24.79,53.0,967.0,ok,24.642,0.111,1.427,52.567,0.501,0.926,941.033,15.082,1.828,0.16,5.0,940.0,967.0,False
2025-03-10 10:14:10,S06,Study-Hall,22.46,41.9,866.0,ok,22.396,0.084,0.657,41.293,0.295,1.227,869.367,7.699,-0.293,0.04,5.0,865.0,885.0,False
2025-03-10 10:14:20,S01,Lecture-101,22.84,44.6,1135.0,ok,22.743,0.083,1.017,44.01,0.35,1.24,1131.433,5.661,0.357,0.02,6.0,1128.0,1144.0,False
2025-03-10 10:14:20,S02,Lab-201,22.34,41.2,691.0,ok,22.315,0.111,0.271,41.66,0.401,-0.88,614.467,46.556,1.779,-0.08,42.0,636.0,691.0,False
2025-03-10 10:14:20,S03,Lab-305,22.96,44.3,1595.0,ok,22.933,0.073,0.263,44.854,3.17,-0.167,1550.8,26.329,1.803,0.009,19.714,1560.0,1595.0,False
2025-03-10 10:14:20,S04,Library-1F,21.77,40.0,711.0,ok,21.741,0.082,0.297,39.807,0.514,0.427,705.233,5.09,0.597,-0.05,6.0,699.0,717.0,False
2025-03-10 10:14:20,S05,Canteen,24.8,53.4,964.0,ok,24.651,0.114,1.416,52.61,0.515,1.665,942.4,15.249,1.523,0.11,8.0,940.0,967.0,False
2025-03-10 10:14:20,S06,Study-Hall,22.51,41.0,873.0,ok,22.401,0.087,1.137,41.307,0.27,-0.587,869.633,7.681,0.363,0.14,-2.0,865.0,885.0,False
2025-03-10 10:14:30,S01,Lecture-101,22.67,44.1,1129.0,ok,22.739,0.083,-0.73,44.023,0.345,0.18,1131.367,5.678,-0.243,-0.01,2.0,1128.0,1144.0,False
2025-03-10 10:14:30,S02,Lab-201,22.29,42.0,681.0,ok,22.321,0.105,-0.222,41.67,0.406,0.68,618.7,46.642,1.429,-0.06,39.0,636.0,691.0,False
2025-03-10 10:14:30,S03,Lab-305,22.99,43.9,1598.0,ok,22.935,0.073,0.567,44.848,3.172,-0.301,1553.667,26.638,1.793,0.086,18.857,1561.0,1598.0,False
2025-03-10 10:14:30,S04,Library-1F,21.78,39.5,707.0,ok,21.741,0.082,0.39,39.827,0.488,-0.597,705.133,5.022,0.177,0.0,5.0,699.0,717.0,False
2025-03-10 10:14:30,S05,Canteen,24.7,52.8,972.0,ok,24.654,0.113,0.434,52.61,0.515,0.369,944.333,15.201,1.941,0.11,12.0,940.0,972.0,False
2025-03-10 10:14:30,S06,Study-Hall,22.26,41.3,874.0,ok,22.4,0.088,-1.413,41.313,0.267,-0.013,870.2,7.336,0.437,0.11,-4.0,865.0,885.0,False
2025-03-10 10:14:10,S03,Lab-305,22.92,43.8,1594.0,ok,22.932,0.072,-0.137,44.838,3.175,-0.324,1550.767,26.271,1.765,-0.03,22.0,1560.0,1595.0,False
2025-03-10 10:14:40,S01,Lecture-101,22.74,43.5,1119.0,ok,22.737,0.082,0.007,44.02,0.35,-1.047,1131.2,5.968,-1.237,0.04,0.0,1119.0,1144.0,False
2025-03-10 10:14:40,S02,Lab-201,22.49,41.5,689.0,ok,22.332,0.104,1.619,41.667,0.407,-0.34,623.933,45.369,1.507,-0.06,35.0,645.0,691.0,False
2025-03-10 10:14:40,S03,Lab-305,23.08,43.8,1602.0,ok,22.936,0.076,1.453,44.794,3.183,-0.322,1559.767,25.577,1.746,0.13,18.0,1568.0,1602.0,False
2025-03-10 10:14:40,S04,Library-1F,21.72,39.8,719.0,ok,21.736,0.078,-0.21,39.837,0.485,-0.053,705.567,5.624,1.387,0.0,5.0,699.0,719.0,False
2025-03-10 10:14:40,S05,Canteen,24.84,52.7,959.0,ok,24.668,0.109,1.639,52.63,0.506,0.175,945.3,15.18,0.965,0.12,19.0,940.0,972.0,False
2025-03-10 10:14:40,S06,Study-Hall,22.37,41.4,872.0,ok,22.397,0.088,-0.3,41.32,0.267,0.173,870.633,7.029,0.18,0.0,-4.0,866.0,885.0,False
2025-03-10 10:14:50,S01,Lecture-101,22.56,44.2,1125.0,ok,22.73,0.088,-1.767,44.013,0.344,0.36,1131.0,6.074,-0.62,-0.01,-8.0,1119.0,1144.0,False
2025-03-10 10:14:50,S03,Lab-305,22.85,44.5,1609.0,ok,22.93,0.074,-0.863,44.227,0.378,-0.092,1562.867,25.725,1.925,0.05,17.0,1572.0,1609.0,False
2025-03-10 10:14:50,S04,Library-1F,21.67,39.1,714.0,ok,21.728,0.072,-0.657,39.827,0.497,-1.473,706.133,5.588,0.843,0.02,10.0,699.0,719.0,False
2025-03-10 10:14:50,S05,Canteen,24.86,53.5,962.0,ok,24.682,0.105,1.754,52.67,0.526,1.72,946.933,14.188,1.1,0.11,17.0,940.0,972.0,False
2025-03-10 10:14:50,S06,Study-Hall,22.43,40.6,864.0,ok,22.4,0.087,0.33,41.3,0.297,-1.44,870.8,6.8,-0.663,-0.03,-5.0,864.0,885.0,False
2025-03-10 10:15:00,S01,Lecture-101,22.68,43.9,1128.0,ok,22.725,0.087,-0.503,44.013,0.344,-0.227,1131.067,6.028,-0.3,-0.02,-4.0,1119.0,1144.0,False
2025-03-10 10:15:00,S02,Lab-201,22.35,42.4,692.0,ok,22.339,0.098,0.176,41.69,0.429,1.467,628.967,44.212,1.5,-0.051,22.286,645.0,692.0,False
2025-03-10 10:15:00,S03,Lab-305,22.97,43.8,1587.0,ok,22.933,0.074,0.403,44.213,0.386,-0.853,1565.233,24.501,0.938,0.06,10.0,1573.0,1609.0,False
2025-03-10 10:15:00,S04,Library-1F,21.75,40.1,709.0,ok,21.733,0.069,0.22,39.853,0.489,0.547,706.333,5.579,0.287,0.03,2.0,701.0,719.0,False
2025-03-10 10:15:00,S05,Canteen,24.88,52.9,956.0,ok,24.695,0.105,1.877,52.713,0.487,0.437,947.9,13.765,0.639,0.12,5.0,940.0,972.0,False
2025-03-10 10:15:00,S06,Study-Hall,22.27,41.3,868.0,ok,22.393,0.088,-1.303,41.29,0.292,0.0,870.967,6.662,-0.28,-0.08,-12.0,864.0,885.0,False
2025-03-10 10:15:10,S01,Lecture-101,22.67,43.3,1135.0,ok,22.726,0.086,-0.553,43.983,0.366,-1.427,1131.233,6.067,0.393,0.02,-7.0,1119.0,1144.0,False
2025-03-10 10:15:10,S02,Lab-201,22.5,41.7,696.0,ok,22.344,0.102,1.613,41.697,0.427,0.02,633.9,43.11,1.516,-0.017,14.571,646.0,696.0,False
2025-03-10 10:15:10,S03,Lab-305,22.91,44.7,1588.0,ok,22.934,0.073,-0.227,44.267,0.334,0.973,1566.867,24.325,0.929,-0.01,-6.0,1573.0,1609.0,False
2025-03-10 10:15:10,S04,Library-1F,21.6,40.3,696.0,ok,21.728,0.073,-1.327,39.857,0.492,0.893,706.0,5.89,-1.033,-0.02,-3.0,696.0,719.0,False
2025-03-10 10:15:10,S05,Canteen,25.01,53.2,976.0,ok,24.71,0.116,3.002,52.737,0.493,0.973,949.633,13.925,2.041,0.09,-2.0,940.0,976.0,False
2025-03-10 10:15:10,S06,Study-Hall,22.41,41.0,868.0,ok,22.397,0.085,0.173,41.277,0.296,-0.58,870.667,6.583,-0.297,-0.05,-12.0,864.0,885.0,False
2025-03-10 10:14:50,S02,Lab-201,22.44,41.7,697.0,ok,22.342,0.1,1.037,41.667,0.407,0.067,629.133,44.467,1.61,0.03,26.0,645.0,697.0,False
2025-03-10 10:15:20,S01,Lecture-101,22.64,43.8,1128.0,ok,22.722,0.087,-0.86,43.983,0.366,-0.367,1130.9,5.956,-0.323,-0.12,-7.0,1119.0,1144.0,False
2025-03-10 10:15:20,S02,Lab-201,22.34,42.5,696.0,ok,22.358,0.093,-0.143,41.717,0.448,1.627,643.0,40.753,1.374,0.01,8.0,654.0,697.0,False
2025-03-10 10:15:20,S03,Lab-305,22.92,43.7,1573.0,ok,22.933,0.073,-0.143,44.243,0.348,-1.133,1568.367,23.207,0.252,0.0,-7.0,1573.0,1609.0,False
2025-03-10 10:15:20,S04,Library-1F,21.82,39.5,709.0,ok,21.727,0.072,0.923,39.863,0.485,-0.713,706.2,5.886,0.3,0.03,-3.0,696.0,719.0,False
2025-03-10 10:15:20,S05,Canteen,24.68,53.5,955.0,ok,24.711,0.116,-0.261,52.807,0.443,1.527,950.133,13.836,0.385,0.09,-8.0,940.0,976.0,False
2025-03-10 10:15:20,S06,Study-Hall,22.38,40.4,880.0,ok,22.394,0.083,-0.173,41.25,0.336,-1.753,871.467,6.185,0.933,-0.13,-5.0,864.0,885.0,False
2025-03-10 10:15:30,S01,Lecture-101,22.7,43.7,1127.0,ok,22.719,0.087,-0.217,43.967,0.367,-0.567,1130.867,5.975,-0.39,0.0,-7.0,1119.0,1144.0,False
2025-03-10 10:15:30,S02,Lab-201,22.44,41.6,713.0,ok,22.363,0.094,0.82,41.73,0.438,-0.233,647.833,40.145,1.718,0.1,8.0,654.0,713.0,False
2025-03-10 10:15:30,S03,Lab-305,22.94,44.3,1568.0,ok,22.934,0.073,0.073,44.247,0.348,0.113,1569.7,21.922,-0.016,-0.04,-22.0,1568.0,1609.0,False
2025-03-10 10:15:30,S04,Library-1F,21.71,39.2,715.0,ok,21.726,0.072,-0.17,39.823,0.489,-1.327,706.333,6.042,0.88,-0.06,-2.0,696.0,719.0,False
2025-03-10 10:15:30,S05,Canteen,24.6,53.2,959.0,ok,24.706,0.117,-0.96,52.843,0.428,0.787,951.1,13.386,0.641,-0.11,-8.0,940.0,976.0,False
2025-03-10 10:15:30,S06,Study-Hall,22.54,41.9,869.0,ok,22.399,0.087,1.463,41.267,0.356,1.3,871.633,6.043,-0.247,-0.05,-4.0,864.0,885.0,False
2025-03-10 10:15:40,S01,Lecture-101,22.66,44.5,1131.0,ok,22.713,0.084,-0.593,43.977,0.378,1.067,1131.4,5.17,0.013,-0.08,-1.0,1119.0,1144.0,False
2025-03-10 10:15:40,S02,Lab-201,22.47,42.1,707.0,ok,22.372,0.091,1.073,41.76,0.431,0.74,652.267,39.039,1.474,0.1,18.0,675.0,713.0,False
2025-03-10 10:15:40,S03,Lab-305,23.06,44.2,1564.0,ok,22.939,0.076,1.263,44.24,0.347,-0.093,1570.767,20.772,-0.26,-0.05,-30.0,1564.0,1609.0,False
2025-03-10 10:15:40,S04,Library-1F,21.71,40.2,710.0,ok,21.723,0.071,-0.157,39.86,0.474,0.753,706.533,6.061,0.367,-0.06,-1.0,696.0,719.0,False
2025-03-10 10:15:40,S05,Canteen,24.8,53.6,974.0,ok,24.713,0.117,0.798,52.88,0.444,1.513,952.667,13.218,1.711,-0.12,-5.0,954.0,976.0,False
2025-03-10 10:15:40,S06,Study-Hall,22.54,41.0,868.0,ok,22.409,0.086,1.413,41.247,0.353,-0.533,871.667,6.019,-0.363,0.17,-4.0,864.0,885.0,False
2025-03-10 10:15:50,S01,Lecture-101,22.8,43.9,1124.0,ok,22.711,0.081,0.867,43.973,0.378,-0.153,1131.433,5.117,-0.74,0.03,2.0,1119.0,1144.0,False
2025-03-10 10:15:50,S02,Lab-201,22.53,42.1,718.0,ok,22.38,0.093,1.583,41.787,0.426,0.68,656.8,38.491,1.684,0.03,24.0,678.0,718.0,False
2025-03-10 10:15:50,S03,Lab-305,22.87,44.4,1536.0,ok,22.938,0.076,-0.693,44.243,0.348,0.32,1570.5,21.175,-1.674,-0.05,-38.0,1536.0,1609.0,False
2025-03-10 10:15:50,S04,Library-1F,21.72,39.8,713.0,ok,21.727,0.067,-0.033,39.84,0.463,-0.12,706.933,6.08,0.647,-0.01,-1.0,696.0,719.0,False
2025-03-10 10:15:50,S05,Canteen,24.75,53.2,972.0,ok,24.719,0.114,0.315,52.923,0.407,0.64,954.233,12.596,1.463,-0.09,10.0,954.0,976.0,False
2025-03-10 10:15:50,S06,Study-Hall,22.57,41.2,873.0,ok,22.416,0.09,1.613,41.247,0.353,-0.093,871.633,6.009,0.133,0.17,-3.0,864.0,885.0,False
2025-03-10 10:16:00,S01,Lecture-101,22.79,44.3,1134.0,ok,22.712,0.081,0.787,43.993,0.379,0.653,1131.433,5.117,0.257,0.11,6.0,1119.0,1144.0,False
2025-03-10 10:16:00,S02,Lab-201,22.43,42.0,706.0,ok,22.389,0.084,0.497,41.833,0.364,0.427,660.933,36.802,1.278,0.03,15.0,681.0,718.0,False
2025-03-10 10:16:00,S03,Lab-305,22.87,44.0,1537.0,ok,22.94,0.074,-0.683,44.237,0.351,-0.487,1570.333,21.426,-1.582,-0.1,-65.0,1536.0,1609.0,False
2025-03-10 10:16:00,S04,Library-1F,21.69,39.8,719.0,ok,21.727,0.067,-0.373,39.847,0.461,-0.08,707.333,6.467,1.207,-0.01,-1.0,696.0,719.0,False
2025-03-10 10:16:00,S05,Canteen,24.84,52.6,963.0,ok,24.728,0.112,1.061,52.917,0.411,-0.647,955.433,11.587,0.696,-0.06,13.0,955.0,976.0,False
2025-03-10 10:16:00,S06,Study-Hall,22.39,41.0,866.0,ok,22.418,0.088,-0.257,41.237,0.356,-0.493,871.367,6.077,-0.563,0.17,0.0,864.0,885.0,False
2025-03-10 10:16:10,S01,Lecture-101,22.77,43.9,1133.0,ok,22.712,0.082,0.583,43.983,0.377,-0.187,1131.7,4.977,0.157,0.12,5.0,1119.0,1144.0,False
2025-03-10 10:16:10,S02,Lab-201,22.43,41.7,713.0,ok,22.393,0.083,0.41,41.83,0.365,-0.267,664.633,36.249,1.415,-0.01,17.0,681.0,718.0,False
2025-03-10 10:16:10,S03,Lab-305,22.95,44.0,1523.0,ok,22.944,0.071,0.1,44.233,0.353,-0.473,1570.0,22.094,-2.209,-0.04,-52.0,1523.0,1609.0,False
2025-03-10 10:16:10,S04,Library-1F,21.69,39.7,712.0,ok,21.724,0.066,-0.37,39.867,0.44,-0.293,707.7,6.407,0.467,0.02,4.0,696.0,719.0,False
2025-03-10 10:16:10,S05,Canteen,24.92,53.6,965.0,ok,24.737,0.117,1.709,52.96,0.412,1.367,956.5,10.903,0.826,-0.04,3.0,955.0,976.0,False
2025-03-10 10:16:20,S01,Lecture-101,22.69,43.1,1139.0,ok,22.71,0.081,-0.223,43.957,0.41,-1.767,1131.833,5.12,0.73,0.1,6.0,1119.0,1144.0,False
2025-03-10 10:16:20,S02,Lab-201,22.43,42.0,720.0,filled,22.398,0.081,0.367,41.847,0.361,0.34,668.933,34.836,1.527,0.08,17.0,681.0,720.0,False
2025-03-10 10:16:20,S03,Lab-305,23.16,43.9,1524.0,ok,22.953,0.08,2.16,44.213,0.354,-0.667,1569.333,23.18,-2.082,0.03,-63.0,1523.0,1609.0,False
2025-03-10 10:16:20,S04,Library-1F,21.68,39.6,720.0,ok,21.719,0.065,-0.437,39.867,0.44,-0.533,708.533,6.323,1.23,-0.06,10.0,696.0,720.0,False
2025-03-10 10:16:20,S05,Canteen,24.92,53.3,971.0,ok,24.743,0.122,1.569,53.01,0.354,0.68,957.533,10.753,1.33,0.04,9.0,955.0,976.0,False
2025-03-10 10:16:20,S06,Study-Hall,22.53,40.7,873.0,ok,22.419,0.089,1.117,41.23,0.364,-1.073,871.233,5.992,0.163,0.103,4.286,864.0,885.0,False
2025-03-10 10:16:10,S06,Study-Hall,22.43,41.7,878.0,ok,22.416,0.087,0.117,41.263,0.36,0.927,871.4,6.112,0.663,0.02,5.0,864.0,885.0,False
2025-03-10 10:16:30,S01,Lecture-101,22.9,44.2,1128.0,ok,22.711,0.084,1.9,43.967,0.412,0.487,1131.833,5.12,-0.383,0.1,5.0,1119.0,1144.0,False
2025-03-10 10:16:30,S02,Lab-201,22.49,42.2,727.0,ok,22.403,0.082,0.923,41.853,0.366,0.707,672.933,34.366,1.667,-0.01,24.0,689.0,727.0,False
2025-03-10 10:16:30,S03,Lab-305,22.92,44.4,1519.0,ok,22.951,0.08,-0.333,44.213,0.354,0.373,1568.7,24.299,-2.171,0.03,-50.0,1519.0,1609.0,False
2025-03-10 10:16:30,S04,Library-1F,21.8,40.2,713.0,ok,21.724,0.065,0.807,39.88,0.444,0.667,708.8,6.338,0.447,-0.02,4.0,696.0,720.0,False
2025-03-10 10:16:30,S05,Canteen,24.77,53.8,979.0,ok,24.747,0.12,0.222,53.037,0.382,1.58,958.667,11.171,1.996,0.24,12.0,955.0,979.0,False
2025-03-10 10:16:30,S06,Study-Hall,22.36,41.5,868.0,ok,22.423,0.087,-0.623,41.25,0.373,0.5,872.033,5.474,-0.38,0.02,4.0,864.0,885.0,False
2025-03-10 10:16:40,S01,Lecture-101,22.72,43.3,1133.0,ok,22.709,0.083,0.09,43.93,0.421,-1.333,1131.8,5.108,0.117,0.06,5.0,1124.0,1144.0,False
2025-03-10 10:16:40,S02,Lab-201,22.47,42.1,722.0,ok,22.408,0.081,0.673,41.867,0.367,0.493,676.6,33.498,1.428,0.03,15.0,692.0,727.0,False
2025-03-10 10:16:40,S03,Lab-305,22.96,43.5,1500.0,ok,22.946,0.075,0.09,44.183,0.375,-1.427,1567.0,27.192,-2.827,0.02,-49.0,1500.0,1609.0,False
2025-03-10 10:16:40,S04,Library-1F,21.88,39.8,719.0,ok,21.724,0.066,1.56,39.87,0.442,-0.16,709.433,6.377,1.02,0.09,9.0,696.0,720.0,False
2025-03-10 10:16:40,S05,Canteen,24.81,53.8,970.0,ok,24.756,0.115,0.522,53.067,0.405,1.527,959.5,11.048,1.015,0.13,12.0,955.0,979.0,False
2025-03-10 10:16:40,S06,Study-Hall,22.49,41.6,875.0,ok,22.42,0.083,0.67,41.25,0.373,0.7,872.1,5.498,0.297,-0.05,4.0,864.0,885.0,False
2025-03-10 10:16:50,S01,Lecture-101,22.72,44.0,1128.0,ok,22.706,0.081,0.11,43.95,0.409,0.14,1131.467,5.015,-0.38,0.02,1.0,1124.0,1144.0,False
2025-03-10 10:16:50,S02,Lab-201,22.58,42.0,726.0,ok,22.421,0.078,1.717,41.867,0.367,0.267,680.533,32.062,1.475,0.02,13.0,692.0,727.0,False
2025-03-10 10:16:50,S03,Lab-305,23.1,45.3,1496.0,ok,22.949,0.079,1.54,44.203,0.417,2.233,1565.2,29.998,-2.611,0.02,-64.0,1496.0,1609.0,False
2025-03-10 10:16:50,S04,Library-1F,21.67,39.3,711.0,ok,21.723,0.067,-0.543,39.857,0.453,-1.14,709.533,6.377,0.157,0.09,0.0,696.0,720.0,False
2025-03-10 10:16:50,S05,Canteen,24.83,53.6,973.0,ok,24.763,0.112,0.646,53.087,0.417,1.067,960.767,10.295,1.222,0.06,1.0,955.0,979.0,False
2025-03-10 10:16:50,S06,Study-Hall,22.29,41.5,874.0,ok,22.418,0.085,-1.3,41.263,0.375,0.5,872.2,5.505,0.19,-0.18,5.0,866.0,885.0,False
2025-03-10 10:17:00,S01,Lecture-101,22.75,43.7,1125.0,ok,22.71,0.081,0.437,43.92,0.393,-0.5,1131.1,5.074,-0.647,-0.07,-3.0,1124.0,1144.0,False
2025-03-10 10:17:00,S02,Lab-201,22.28,42.3,747.0,ok,22.42,0.079,-1.407,41.867,0.367,0.867,684.533,32.634,2.073,0.0,19.0,696.0,747.0,False
2025-03-10 10:17:00,S03,Lab-305,22.87,44.1,1490.0,ok,22.946,0.08,-0.79,44.197,0.417,-0.207,1562.9,32.986,-2.507,0.09,-41.0,1490.0,1609.0,False
2025-03-10 10:17:00,S04,Library-1F,21.77,39.5,721.0,ok,21.729,0.063,0.47,39.823,0.441,-0.713,710.0,6.69,1.147,0.06,6.0,696.0,721.0,False
2025-03-10 10:17:00,S05,Canteen,24.82,53.7,975.0,ok,24.77,0.109,0.506,53.137,0.396,1.227,961.767,10.166,1.383,0.02,1.0,955.0,979.0,False
2025-03-10 10:17:00,S06,Study-Hall,22.4,41.4,870.0,ok,22.416,0.085,-0.183,41.263,0.375,0.273,872.4,5.302,-0.22,-0.14,6.0,866.0,885.0,False
2025-03-10 10:17:10,S01,Lecture-101,22.68,44.0,1137.0,ok,22.709,0.081,-0.297,43.943,0.375,0.16,1131.067,5.03,0.59,-0.07,-5.0,1124.0,1144.0,False
2025-03-10 10:17:10,S02,Lab-201,22.54,42.6,750.0,ok,22.428,0.078,1.203,41.877,0.383,1.467,688.433,33.248,2.006,0.11,34.0,696.0,750.0,False
2025-03-10 10:17:10,S03,Lab-305,22.98,43.8,1478.0,ok,22.949,0.08,0.34,44.16,0.401,-0.793,1560.367,36.432,-2.574,0.11,-46.0,1478.0,1609.0,False
2025-03-10 10:17:10,S04,Library-1F,21.71,38.9,725.0,ok,21.731,0.062,-0.187,39.803,0.469,-1.847,710.667,7.155,1.5,0.02,8.0,709.0,725.0,False
2025-03-10 10:17:10,S05,Canteen,24.91,52.8,977.0,ok,24.779,0.109,1.283,53.137,0.396,-0.673,962.8,10.084,1.498,-0.01,10.0,955.0,979.0,False
2025-03-10 10:17:10,S06,Study-Hall,22.4,41.8,876.0,ok,22.419,0.082,-0.16,41.287,0.386,1.073,872.567,5.335,0.36,-0.03,1.0,866.0,885.0,False
2025-03-10 10:17:20,S01,Lecture-101,22.72,43.9,1141.0,ok,22.712,0.079,0.113,43.923,0.36,-0.087,1130.967,4.789,0.993,-0.05,3.0,1124.0,1141.0,False
2025-03-10 10:17:20,S02,Lab-201,22.36,42.3,743.0,ok,22.429,0.076,-0.683,41.883,0.389,0.847,692.267,32.664,1.641,-0.07,34.0,706.0,750.0,False
2025-03-10 10:17:20,S03,Lab-305,22.77,43.5,1452.0,ok,22.944,0.086,-1.787,44.14,0.419,-1.32,1556.767,41.458,-2.975,-0.08,-46.0,1452.0,1609.0,False
2025-03-10 10:17:20,S04,Library-1F,21.69,40.0,723.0,ok,21.73,0.062,-0.407,39.813,0.47,0.393,711.333,7.345,1.233,0.02,4.0,710.0,725.0,False
2025-03-10 10:17:20,S05,Canteen,24.75,52.7,970.0,ok,24.782,0.107,-0.266,53.14,0.392,-0.873,963.367,9.991,0.714,-0.1,10.0,959.0,979.0,False
2025-03-10 10:17:20,S06,Study-Hall,22.39,41.4,863.0,ok,22.418,0.082,-0.293,41.3,0.382,0.227,872.433,5.525,-0.957,-0.03,-3.0,863.0,885.0,False
2025-03-10 10:17:30,S01,Lecture-101,22.82,43.9,1135.0,ok,22.715,0.082,1.083,43.93,0.357,-0.047,1131.033,4.832,0.403,-0.05,4.0,1124.0,1141.0,False
2025-03-10 10:17:30,S02,Lab-201,22.41,41.8,748.0,ok,22.43,0.076,-0.193,41.89,0.385,-0.167,695.767,32.828,1.706,-0.02,28.0,706.0,750.0,False
2025-03-10 10:17:30,S03,Lab-305,22.81,44.1,1460.0,ok,22.938,0.088,-1.343,44.133,0.418,-0.08,1553.167,44.988,-2.334,-0.14,-63.0,1452.0,1609.0,False
2025-03-10 10:17:30,S04,Library-1F,21.74,40.0,731.0,ok,21.733,0.06,0.103,39.807,0.465,0.373,712.367,7.859,1.967,0.02,12.0,710.0,731.0,False
2025-03-10 10:17:30,S06,Study-Hall,22.46,41.7,868.0,ok,22.422,0.081,0.423,41.317,0.389,0.8,872.4,5.55,-0.443,-0.03,-5.0,863.0,885.0,False
2025-03-10 10:17:40,S01,Lecture-101,22.77,43.8,1120.0,ok,22.715,0.082,0.553,43.913,0.351,-0.26,1130.6,5.217,-1.103,0.05,2.0,1120.0,1141.0,False
2025-03-10 10:17:40,S02,Lab-201,22.36,41.4,747.0,ok,22.427,0.077,-0.7,41.893,0.381,-0.98,699.467,32.107,1.561,-0.11,25.0,706.0,750.0,False
2025-03-10 10:17:40,S03,Lab-305,22.95,44.4,1450.0,ok,22.94,0.088,0.123,44.147,0.42,0.533,1549.467,48.731,-2.293,-0.15,-67.0,1450.0,1609.0,False
2025-03-10 10:17:40,S04,Library-1F,21.75,39.5,733.0,ok,21.731,0.058,0.17,39.787,0.465,-0.613,713.2,8.664,2.063,-0.06,12.0,711.0,733.0,False
2025-03-10 10:17:40,S05,Canteen,24.94,53.8,980.0,ok,24.789,0.11,1.474,53.183,0.39,1.32,964.1,10.384,1.663,-0.009,5.143,963.0,980.0,False
2025-03-10 10:17:40,S06,Study-Hall,22.4,41.1,869.0,ok,22.421,0.081,-0.22,41.297,0.384,-0.433,872.533,5.412,-0.34,-0.09,-5.0,863.0,885.0,False
2025-03-10 10:17:30,S05,Canteen,24.88,53.1,961.0,ok,24.787,0.108,0.916,53.16,0.373,-0.08,963.467,9.951,-0.237,-0.04,-1.0,961.0,979.0,False
2025-03-10 10:17:50,S01,Lecture-101,22.6,43.5,1129.0,ok,22.715,0.082,-1.15,43.897,0.359,-0.827,1130.567,5.224,-0.16,0.05,1.0,1120.0,1141.0,False
2025-03-10 10:17:50,S02,Lab-201,22.3,41.7,754.0,ok,22.423,0.08,-1.267,41.863,0.358,-0.387,702.7,32.564,1.698,-0.13,22.0,706.0,754.0,False
2025-03-10 10:17:50,S03,Lab-305,22.95,44.4,1438.0,ok,22.937,0.085,0.097,44.167,0.417,0.507,1545.133,52.648,-2.287,-0.01,-50.0,1438.0,1609.0,False
2025-03-10 10:17:50,S04,Library-1F,21.72,39.8,715.0,ok,21.729,0.058,-0.113,39.773,0.459,0.027,713.633,8.406,0.18,-0.06,18.0,711.0,733.0,False
2025-03-10 10:17:50,S05,Canteen,24.87,53.3,970.0,ok,24.799,0.108,0.704,53.18,0.389,0.233,965.0,9.749,0.537,0.07,-3.0,961.0,980.0,False
2025-03-10 10:17:50,S06,Study-Hall,22.33,41.3,871.0,ok,22.416,0.082,-0.913,41.297,0.384,0.007,872.367,5.379,-0.153,0.04,-5.0,863.0,885.0,False
2025-03-10 10:18:00,S01,Lecture-101,22.61,43.8,1134.0,ok,22.71,0.083,-1.05,43.903,0.355,-0.193,1130.767,5.237,0.343,-0.11,1.0,1120.0,1141.0,False
2025-03-10 10:18:00,S02,Lab-201,22.39,41.7,755.0,ok,22.422,0.081,-0.333,41.877,0.343,-0.327,706.367,32.032,1.606,-0.11,28.0,713.0,755.0,False
2025-03-10 10:18:00,S03,Lab-305,22.97,43.6,1434.0,ok,22.942,0.084,0.327,44.13,0.417,-1.133,1540.533,56.133,-2.111,-0.01,-58.0,1434.0,1609.0,False
2025-03-10 10:18:00,S04,Library-1F,21.68,39.6,732.0,ok,21.73,0.057,-0.493,39.763,0.459,-0.347,714.733,8.582,1.837,-0.05,13.0,711.0,733.0,False
2025-03-10 10:18:00,S05,Canteen,24.93,52.8,966.0,ok,24.811,0.103,1.207,53.183,0.385,-0.76,965.0,9.749,0.1,0.11,-3.0,961.0,980.0,False
2025-03-10 10:18:00,S06,Study-Hall,22.36,40.8,870.0,ok,22.414,0.082,-0.56,41.273,0.392,-0.993,872.367,5.379,-0.237,-0.04,-4.0,863.0,885.0,False
2025-03-10 10:18:10,S01,Lecture-101,22.67,43.7,1128.0,ok,22.712,0.081,-0.397,43.907,0.352,-0.407,1130.567,5.224,-0.277,-0.11,1.0,1120.0,1141.0,False
2025-03-10 10:18:10,S02,Lab-201,22.46,42.3,751.0,ok,22.422,0.08,0.377,41.897,0.35,0.847,709.867,30.926,1.393,-0.15,7.0,720.0,755.0,False
2025-03-10 10:18:10,S03,Lab-305,22.85,44.2,1423.0,ok,22.938,0.085,-0.917,44.12,0.411,0.14,1535.433,59.641,-2.094,-0.03,-56.0,1423.0,1609.0,False
2025-03-10 10:18:10,S04,Library-1F,21.66,39.5,715.0,ok,21.725,0.057,-0.697,39.73,0.44,-0.527,714.8,8.576,0.027,-0.03,-6.0,711.0,733.0,False
2025-03-10 10:18:10,S05,Canteen,24.68,53.5,970.0,ok,24.807,0.106,-1.265,53.207,0.382,0.633,965.5,9.602,0.5,0.04,-5.0,961.0,980.0,False
2025-03-10 10:18:10,S06,Study-Hall,22.52,41.3,875.0,ok,22.42,0.083,1.06,41.26,0.384,0.053,872.367,5.379,0.263,-0.04,-3.0,863.0,885.0,False
2025-03-10 10:18:20,S01,Lecture-101,22.56,44.3,1124.0,ok,22.704,0.083,-1.523,43.91,0.356,0.787,1130.4,5.354,-0.657,-0.11,-9.0,1120.0,1141.0,False
2025-03-10 10:18:20,S02,Lab-201,22.54,42.8,752.0,ok,22.428,0.081,1.183,41.943,0.374,1.807,713.3,29.625,1.362,0.1,5.0,722.0,755.0,False
2025-03-10 10:18:20,S03,Lab-305,22.85,44.3,1407.0,ok,22.938,0.086,-0.883,44.123,0.412,0.36,1529.9,63.604,-2.153,-0.02,-55.0,1407.0,1609.0,False
2025-03-10 10:18:20,S04,Library-1F,21.72,39.6,723.0,ok,21.723,0.057,-0.05,39.72,0.439,-0.26,715.367,8.536,0.82,-0.03,0.0,711.0,733.0,False
2025-03-10 10:18:20,S05,Canteen,24.85,54.4,981.0,ok,24.813,0.103,0.406,53.263,0.428,2.387,966.333,9.831,1.55,0.03,-5.0,961.0,981.0,False
2025-03-10 10:18:20,S06,Study-Hall,22.25,41.8,868.0,ok,22.416,0.088,-1.7,41.29,0.39,1.08,871.9,5.115,-0.437,-0.04,0.0,863.0,885.0,False
2025-03-10 10:18:30,S01,Lecture-101,22.91,43.5,1130.0,ok,22.712,0.091,2.06,43.88,0.351,-0.82,1130.3,5.331,-0.04,-0.05,-9.0,1120.0,1141.0,False
2025-03-10 10:18:30,S02,Lab-201,22.48,41.9,755.0,ok,22.431,0.082,0.517,41.947,0.373,-0.087,716.367,28.994,1.408,0.07,4.0,722.0,755.0,False
2025-03-10 10:18:30,S03,Lab-305,22.92,43.8,1399.0,ok,22.937,0.086,-0.18,44.11,0.416,-0.647,1523.867,67.172,-2.058,0.04,-53.0,1399.0,1609.0,False
2025-03-10 10:18:30,S04,Library-1F,21.72,40.0,723.0,filled,21.724,0.056,-0.033,39.7,0.41,0.56,716.0,8.367,0.763,0.01,-2.0,711.0,733.0,False
2025-03-10 10:18:30,S05,Canteen,24.9,53.6,970.0,ok,24.824,0.093,0.844,53.27,0.432,0.673,967.167,8.983,0.367,-0.03,0.0,961.0,981.0,False
2025-03-10 10:18:30,S06,Study-Hall,22.49,42.6,855.0,ok,22.421,0.088,0.74,41.33,0.457,2.62,871.167,5.879,-1.69,0.09,0.0,855.0,885.0,False
2025-03-10 10:18:40,S01,Lecture-101,22.7,43.5,1137.0,filled,22.712,0.091,-0.117,43.87,0.357,-0.76,1130.567,5.463,0.67,-0.07,-5.0,1120.0,1141.0,False
2025-03-10 10:18:40,S02,Lab-201,22.48,41.5,755.0,ok,22.43,0.081,0.49,41.933,0.382,-0.893,719.733,27.318,1.332,0.12,8.0,726.0,755.0,False
2025-03-10 10:18:40,S03,Lab-305,22.86,43.8,1395.0,ok,22.937,0.086,-0.773,44.1,0.42,-0.62,1517.533,70.103,-1.918,0.05,-53.0,1395.0,1609.0,False
2025-03-10 10:18:40,S04,Library-1F,21.7,39.8,721.0,ok,21.72,0.054,-0.24,39.7,0.41,0.2,716.3,8.38,0.5,-0.02,-8.0,711.0,733.0,False
2025-03-10 10:18:40,S05,Canteen,24.83,54.0,969.0,ok,24.827,0.091,0.06,53.31,0.442,1.46,968.133,7.375,0.183,-0.03,0.0,961.0,981.0,False
2025-03-10 10:18:40,S06,Study-Hall,22.32,41.3,871.0,ok,22.416,0.09,-1.007,41.34,0.453,-0.06,871.0,5.807,-0.017,-0.08,0.0,855.0,885.0,False
2025-03-10 10:18:50,S01,Lecture-101,22.55,43.7,1124.0,ok,22.708,0.095,-1.617,43.86,0.358,-0.34,1130.2,5.524,-0.657,-0.07,1.0,1120.0,1141.0,False
2025-03-10 10:18:50,S02,Lab-201,22.57,42.2,755.0,ok,22.435,0.085,1.4,41.947,0.384,0.533,722.4,26.698,1.291,0.12,7.0,743.0,755.0,False
2025-03-10 10:18:50,S03,Lab-305,22.96,44.8,1387.0,ok,22.936,0.085,0.227,44.14,0.428,1.4,1510.6,72.424,-1.862,-0.03,-55.0,1387.0,1609.0,False
2025-03-10 10:18:50,S04,Library-1F,21.79,39.5,716.0,ok,21.724,0.055,0.697,39.72,0.384,-0.4,716.8,7.867,-0.03,-0.02,-10.0,715.0,733.0,False
2025-03-10 10:18:50,S05,Canteen,24.77,53.9,973.0,ok,24.822,0.09,-0.573,53.337,0.453,1.18,968.433,7.384,0.487,-0.05,0.0,961.0,981.0,False
2025-03-10 10:18:50,S06,Study-Hall,22.51,41.2,867.0,ok,22.42,0.092,0.937,41.323,0.449,-0.28,870.567,5.594,-0.4,0.09,-2.0,855.0,885.0,False
2025-03-10 10:19:00,S01,Lecture-101,22.77,43.8,1137.0,ok,22.708,0.095,0.617,43.843,0.348,-0.12,1130.467,5.655,0.68,0.09,8.0,1120.0,1141.0,False
2025-03-10 10:19:00,S02,Lab-201,22.51,42.3,767.0,ok,22.435,0.084,0.747,41.973,0.38,0.707,725.367,26.539,1.671,0.15,1.0,743.0,767.0,False
2025-03-10 10:19:00,S03,Lab-305,22.99,44.3,1377.0,ok,22.939,0.085,0.54,44.12,0.405,0.32,1503.433,74.694,-1.845,0.01,-51.0,1377.0,1609.0,False
2025-03-10 10:19:00,S04,Library-1F,21.79,39.8,731.0,ok,21.727,0.056,0.663,39.69,0.337,0.16,717.433,8.224,1.42,0.07,-11.0,715.0,733.0,False
2025-03-10 10:19:00,S05,Canteen,24.95,54.0,980.0,ok,24.829,0.092,1.277,53.377,0.457,1.327,969.3,7.154,1.157,-0.1,3.0,961.0,981.0,False
2025-03-10 10:19:00,S06,Study-Hall,22.34,41.3,863.0,ok,22.413,0.09,-0.8,41.333,0.444,-0.047,869.833,5.052,-0.757,-0.02,-3.0,855.0,880.0,False
2025-03-10 10:19:10,S01,Lecture-101,22.7,43.6,1130.0,ok,22.712,0.091,-0.077,43.833,0.351,-0.487,1130.233,5.519,-0.047,0.09,1.0,1120.0,1141.0,False
2025-03-10 10:19:10,S02,Lab-201,22.51,41.6,764.0,ok,22.44,0.083,0.753,41.973,0.38,-0.747,727.9,26.476,1.456,0.12,10.0,743.0,767.0,False
2025-03-10 10:19:10,S03,Lab-305,23.08,44.3,1374.0,ok,22.944,0.089,1.413,44.137,0.401,0.36,1496.1,76.278,-1.733,0.04,-57.0,1374.0,1609.0,False
2025-03-10 10:19:10,S04,Library-1F,21.59,39.9,725.0,ok,21.723,0.061,-1.373,39.71,0.33,0.42,717.7,8.338,0.757,0.11,10.0,715.0,733.0,False
2025-03-10 10:19:10,S05,Canteen,24.77,53.9,982.0,ok,24.829,0.092,-0.593,53.407,0.461,1.047,969.8,7.504,1.27,-0.1,10.0,961.0,982.0,False
2025-03-10 10:19:10,S06,Study-Hall,22.57,40.8,879.0,ok,22.417,0.094,1.567,41.297,0.441,-1.067,870.267,5.265,0.917,0.15,-4.0,855.0,880.0,False
2025-03-10 10:19:20,S01,Lecture-101,22.76,43.9,1132.0,ok,22.709,0.088,0.48,43.81,0.32,0.133,1130.133,5.457,0.177,0.15,4.0,1120.0,1141.0,False
2025-03-10 10:19:20,S02,Lab-201,22.62,42.4,761.0,ok,22.45,0.087,1.797,42.013,0.358,0.853,730.233,26.195,1.25,0.05,12.0,747.0,767.0,False
2025-03-10 10:19:20,S03,Lab-305,22.99,43.6,1366.0,ok,22.945,0.089,0.46,44.113,0.412,-1.073,1488.467,77.488,-1.706,0.14,-49.0,1366.0,1609.0,False
2025-03-10 10:19:20,S04,Library-1F,21.59,40.1,726.0,ok,21.717,0.065,-1.33,39.713,0.334,0.78,718.2,8.372,0.83,-0.09,3.0,715.0,733.0,False
2025-03-10 10:19:20,S05,Canteen,24.79,53.8,981.0,ok,24.828,0.092,-0.387,53.42,0.466,0.787,970.367,7.69,1.12,-0.06,11.0,961.0,982.0,False
2025-03-10 10:19:20,S06,Study-Hall,22.53,41.7,874.0,ok,22.418,0.095,1.13,41.32,0.444,0.807,870.3,5.286,0.373,0.17,4.0,855.0,880.0,False
2025-03-10 10:19:30,S01,Lecture-101,22.64,43.4,1132.0,ok,22.708,0.089,-0.693,43.787,0.323,-0.82,1130.233,5.463,0.187,0.03,4.0,1120.0,1141.0,False
2025-03-10 10:19:30,S02,Lab-201,22.4,42.1,779.0,ok,22.453,0.082,-0.497,42.017,0.358,0.173,733.5,25.953,1.862,0.03,12.0,747.0,779.0,False
2025-03-10 10:19:30,S03,Lab-305,22.99,44.8,1359.0,filled,22.945,0.089,0.45,44.143,0.428,1.373,1480.5,78.122,-1.671,0.14,-41.0,1359.0,1609.0,False
2025-03-10 10:19:30,S04,Library-1F,21.76,39.9,734.0,ok,21.716,0.065,0.43,39.727,0.333,0.373,719.1,8.576,1.58,-0.13,3.0,715.0,734.0,False
2025-03-10 10:19:30,S05,Canteen,24.98,54.0,975.0,ok,24.838,0.093,1.517,53.46,0.463,1.16,970.467,7.731,0.463,-0.06,11.0,966.0,982.0,False
2025-03-10 10:19:30,S06,Study-Hall,22.45,41.2,876.0,ok,22.424,0.09,0.323,41.317,0.444,-0.24,870.367,5.346,0.57,0.04,8.0,855.0,880.0,False
2025-03-10 10:19:40,S01,Lecture-101,22.63,43.4,1132.0,ok,22.705,0.09,-0.783,43.783,0.327,-0.773,1130.667,5.04,0.177,-0.06,2.0,1124.0,1141.0,False
2025-03-10 10:19:40,S02,Lab-201,22.49,42.7,768.0,ok,22.453,0.082,0.367,42.057,0.365,1.367,736.133,25.281,1.329,0.01,13.0,751.0,779.0,False
2025-03-10 10:19:40,S03,Lab-305,22.86,44.1,1354.0,ok,22.938,0.087,-0.85,44.153,0.423,-0.087,1472.233,77.943,-1.619,0.13,-40.0,1354.0,1609.0,False
2025-03-10 10:19:40,S04,Library-1F,21.76,39.2,730.0,ok,21.718,0.065,0.437,39.707,0.346,-1.053,719.467,8.803,1.09,0.04,7.0,715.0,734.0,False
2025-03-10 10:19:40,S05,Canteen,25.07,52.7,979.0,ok,24.845,0.102,2.323,53.46,0.463,-1.52,971.133,7.569,0.853,0.13,9.0,966.0,982.0,False
2025-03-10 10:19:40,S06,Study-Hall,22.55,40.8,873.0,ok,22.43,0.092,1.26,41.297,0.454,-1.033,870.4,5.36,0.263,0.21,6.0,855.0,880.0,False
2025-03-10 10:19:50,S01,Lecture-101,22.81,43.8,1128.0,ok,22.713,0.088,1.053,43.77,0.317,0.033,1130.767,4.953,-0.267,-0.06,2.0,1124.0,1141.0,False
2025-03-10 10:19:50,S02,Lab-201,22.4,42.2,780.0,ok,22.452,0.083,-0.533,42.073,0.36,0.287,738.9,25.393,1.735,-0.08,24.0,751.0,780.0,False
2025-03-10 10:19:50,S03,Lab-305,22.78,44.5,1347.0,ok,22.935,0.09,-1.577,44.153,0.423,0.693,1463.5,76.76,-1.607,-0.06,-41.0,1347.0,1588.0,False
2025-03-10 10:19:50,S04,Library-1F,21.68,39.3,731.0,ok,21.718,0.065,-0.377,39.713,0.336,-0.813,720.033,8.985,1.153,0.04,10.0,715.0,734.0,False
2025-03-10 10:19:50,S05,Canteen,24.84,54.1,981.0,ok,24.845,0.102,-0.052,53.48,0.477,1.28,971.767,7.573,0.987,0.15,9.0,966.0,982.0,False
2025-03-10 10:19:50,S06,Study-Hall,22.36,41.9,872.0,ok,22.428,0.093,-0.7,41.34,0.447,1.207,870.667,5.228,0.16,-0.04,6.0,855.0,880.0,False
2025-03-10 10:20:00,S01,Lecture-101,22.62,44.1,1112.0,ok,22.711,0.089,-0.93,43.777,0.322,0.66,1130.233,6.01,-1.877,-0.07,-9.0,1112.0,1141.0,False
2025-03-10 10:20:00,S02,Lab-201,22.61,42.3,781.0,ok,22.461,0.085,1.58,42.07,0.357,0.453,741.867,24.919,1.658,-0.02,25.0,751.0,781.0,False
2025-03-10 10:20:00,S03,Lab-305,22.96,44.1,1342.0,ok,22.935,0.09,0.247,44.163,0.418,-0.107,1455.333,76.198,-1.583,-0.1,-40.0,1342.0,1588.0,False
2025-03-10 10:20:00,S04,Library-1F,21.68,39.3,731.0,ok,21.716,0.065,-0.38,39.687,0.336,-0.827,720.767,8.951,1.097,-0.11,10.0,715.0,734.0,False
2025-03-10 10:20:00,S05,Canteen,24.89,53.2,976.0,ok,24.845,0.102,0.444,53.49,0.468,-0.56,972.433,6.996,0.423,0.06,6.0,969.0,982.0,False
2025-03-10 10:20:00,S06,Study-Hall,22.32,41.8,870.0,ok,22.429,0.091,-1.077,41.357,0.455,0.92,870.733,5.206,-0.067,0.02,5.0,855.0,880.0,False
2025-03-10 10:20:10,S01,Lecture-101,22.68,43.8,1109.0,ok,22.711,0.089,-0.31,43.793,0.31,0.047,1129.367,7.078,-2.123,-0.02,-18.0,1109.0,1141.0,False
2025-03-10 10:20:10,S02,Lab-201,22.37,42.2,776.0,ok,22.456,0.087,-0.907,42.087,0.351,0.26,744.533,24.109,1.37,-0.11,16.0,752.0,781.0,False
2025-03-10 10:20:10,S03,Lab-305,22.93,45.1,1340.0,ok,22.936,0.09,-0.05,44.177,0.442,1.873,1447.067,74.748,-1.514,-0.06,-35.0,1340.0,1573.0,False
2025-03-10 10:20:10,S04,Library-1F,21.68,39.3,731.0,ok,21.718,0.062,-0.357,39.653,0.322,-0.773,721.933,7.821,1.023,-0.11,6.0,716.0,734.0,False
2025-03-10 10:20:10,S05,Canteen,24.86,53.7,983.0,ok,24.84,0.097,0.147,53.507,0.466,0.42,972.667,7.232,1.057,0.09,1.0,969.0,983.0,False
2025-03-10 10:20:10,S06,Study-Hall,22.37,40.9,869.0,ok,22.428,0.091,-0.593,41.353,0.458,-0.913,870.767,5.191,-0.173,-0.15,3.0,855.0,880.0,False
2025-03-10 10:20:20,S01,Lecture-101,22.61,43.5,1101.0,ok,22.71,0.09,-1.013,43.783,0.314,-0.587,1128.467,8.772,-2.837,-0.14,-23.0,1101.0,1141.0,False
2025-03-10 10:20:20,S02,Lab-201,22.59,41.9,783.0,ok,22.465,0.087,1.337,42.067,0.344,-0.373,747.433,23.288,1.596,0.08,17.0,755.0,783.0,False
2025-03-10 10:20:20,S03,Lab-305,23.05,44.6,1324.0,ok,22.94,0.092,1.143,44.207,0.439,0.847,1438.767,74.104,-1.646,-0.03,-34.0,1324.0,1568.0,False
2025-03-10 10:20:20,S05,Canteen,24.92,54.2,990.0,ok,24.848,0.094,0.8,53.53,0.483,1.387,973.833,7.106,1.733,0.1,2.0,969.0,990.0,False
2025-03-10 10:20:20,S06,Study-Hall,22.47,41.4,881.0,ok,22.431,0.091,0.42,41.387,0.421,0.093,870.8,5.255,1.023,-0.16,-4.0,855.0,881.0,False
2025-03-10 10:20:30,S01,Lecture-101,22.71,43.8,1076.0,ok,22.711,0.09,-0.003,43.787,0.314,0.033,1126.767,12.993,-5.247,-0.02,-31.0,1076.0,1141.0,False
2025-03-10 10:20:30,S02,Lab-201,22.5,42.3,774.0,ok,22.467,0.087,0.353,42.09,0.335,0.467,749.467,22.836,1.141,-0.01,12.0,755.0,783.0,False
2025-03-10 10:20:30,S03,Lab-305,22.9,44.5,1323.0,ok,22.939,0.093,-0.4,44.213,0.442,0.587,1430.6,72.86,-1.562,-0.06,-42.0,1323.0,1564.0,False
2025-03-10 10:20:30,S04,Library-1F,21.68,39.3,731.0,ok,21.714,0.059,-0.383,39.647,0.328,-0.707,722.667,7.595,0.907,0.077,4.286,716.0,734.0,False
2025-03-10 10:20:30,S05,Canteen,25.06,53.4,980.0,ok,24.863,0.089,2.12,53.537,0.48,-0.26,974.533,6.611,0.617,0.13,2.0,969.0,990.0,False
2025-03-10 10:20:30,S06,Study-Hall,22.47,41.5,879.0,ok,22.429,0.089,0.39,41.373,0.41,0.227,871.133,5.45,0.82,-0.06,3.0,863.0,881.0,False
2025-03-10 10:20:40,S01,Lecture-101,22.42,44.4,1079.0,ok,22.703,0.104,-2.907,43.783,0.306,1.227,1125.033,15.613,-3.676,-0.03,-53.0,1076.0,1141.0,False
2025-03-10 10:20:40,S02,Lab-201,22.48,42.1,786.0,ok,22.467,0.087,0.133,42.09,0.335,0.02,752.1,22.32,1.6,0.01,15.0,755.0,786.0,False
2025-03-10 10:20:40,S03,Lab-305,23.0,43.9,1320.0,ok,22.937,0.091,0.613,44.203,0.445,-0.627,1422.467,71.052,-1.518,0.01,-36.0,1320.0,1537.0,False
2025-03-10 10:20:40,S04,Library-1F,21.68,39.3,731.0,ok,21.713,0.059,-0.337,39.65,0.324,-0.693,723.2,7.599,0.833,0.077,4.286,716.0,734.0,False
2025-03-10 10:20:40,S05,Canteen,24.94,53.9,980.0,ok,24.868,0.089,0.767,53.547,0.484,0.727,974.733,6.685,0.547,-0.04,1.0,973.0,990.0,False
2025-03-10 10:20:40,S06,Study-Hall,22.59,41.7,872.0,ok,22.43,0.092,1.613,41.397,0.408,0.653,871.267,5.42,0.087,-0.06,5.0,863.0,881.0,False
2025-03-10 10:20:20,S04,Library-1F,21.68,39.3,731.0,ok,21.714,0.059,-0.383,39.647,0.328,-0.707,722.667,7.595,0.907,0.09,5.0,716.0,734.0,False
2025-03-10 10:20:50,S01,Lecture-101,22.55,44.2,1069.0,ok,22.694,0.106,-1.467,43.793,0.315,0.833,1123.2,18.668,-3.589,-0.09,-56.0,1069.0,1141.0,False
2025-03-10 10:20:50,S02,Lab-201,22.49,42.3,778.0,ok,22.466,0.087,0.23,42.097,0.337,0.42,754.1,21.842,1.16,0.09,-1.0,761.0,786.0,False
2025-03-10 10:20:50,S03,Lab-305,22.92,44.2,1305.0,ok,22.938,0.09,-0.167,44.197,0.444,-0.007,1414.767,70.84,-1.653,0.06,-34.0,1305.0,1537.0,False
2025-03-10 10:20:50,S04,Library-1F,21.68,39.3,731.0,ok,21.71,0.06,-0.317,39.603,0.316,-0.64,724.5,7.114,0.71,-0.08,0.0,725.0,734.0,False
2025-03-10 10:20:50,S05,Canteen,24.95,53.7,980.0,ok,24.875,0.088,0.82,53.563,0.48,0.307,975.0,6.731,0.527,-0.03,1.0,975.0,990.0,False
2025-03-10 10:20:50,S06,Study-Hall,22.37,41.1,867.0,ok,22.424,0.088,-0.603,41.393,0.41,-0.593,871.067,5.464,-0.427,0.02,-1.0,863.0,881.0,False
2025-03-10 10:21:00,S01,Lecture-101,22.59,43.9,1071.0,ok,22.688,0.106,-0.984,43.78,0.301,0.213,1121.1,20.83,-2.796,-0.08,-57.0,1069.0,1141.0,False
2025-03-10 10:21:00,S02,Lab-201,22.58,42.2,778.0,ok,22.471,0.089,1.143,42.103,0.337,0.207,756.5,20.274,1.094,0.0,-2.0,761.0,786.0,False
2025-03-10 10:21:00,S03,Lab-305,22.99,44.6,1296.0,ok,22.942,0.089,0.517,44.217,0.448,0.807,1406.733,70.162,-1.677,0.13,-42.0,1296.0,1524.0,False
2025-03-10 10:21:00,S04,Library-1F,21.68,39.3,731.0,ok,21.71,0.06,-0.303,39.587,0.318,-0.607,724.9,7.131,0.65,0.0,0.0,725.0,734.0,False
2025-03-10 10:21:00,S05,Canteen,24.82,53.4,975.0,ok,24.874,0.088,-0.547,53.59,0.446,-0.327,975.4,6.339,0.0,0.05,1.0,975.0,990.0,False
2025-03-10 10:21:00,S06,Study-Hall,22.46,41.3,877.0,ok,22.426,0.088,0.363,41.403,0.404,-0.187,871.433,5.482,0.593,0.1,0.0,867.0,881.0,False
2025-03-10 10:21:10,S01,Lecture-101,22.62,43.7,1065.0,ok,22.683,0.106,-0.638,43.773,0.3,-0.16,1118.833,23.07,-2.693,-0.09,-43.0,1065.0,1141.0,False
2025-03-10 10:21:10,S02,Lab-201,22.56,42.3,778.0,ok,22.475,0.09,0.893,42.123,0.33,0.393,758.667,18.89,1.06,0.16,-2.0,761.0,786.0,False
2025-03-10 10:21:10,S03,Lab-305,22.91,44.0,1287.0,ok,22.941,0.089,-0.323,44.217,0.448,-0.433,1398.867,69.907,-1.707,-0.01,-46.0,1287.0,1524.0,False
2025-03-10 10:21:10,S04,Library-1F,21.68,39.3,731.0,ok,21.71,0.06,-0.3,39.573,0.322,-0.573,725.533,6.781,0.61,0.0,0.0,726.0,734.0,False
2025-03-10 10:21:10,S05,Canteen,24.94,53.3,977.0,ok,24.875,0.088,0.66,53.58,0.449,-0.58,975.8,6.031,0.16,0.08,-4.0,975.0,990.0,False
2025-03-10 10:21:10,S06,Study-Hall,22.34,40.9,879.0,ok,22.423,0.09,-0.86,41.377,0.41,-1.007,871.467,5.526,0.757,0.01,7.0,867.0,881.0,False
2025-03-10 10:21:20,S01,Lecture-101,22.63,43.2,1041.0,ok,22.681,0.106,-0.499,43.777,0.293,-1.147,1115.567,26.759,-3.374,0.0,-44.0,1041.0,1141.0,False
2025-03-10 10:21:20,S02,Lab-201,22.57,42.3,787.0,ok,22.48,0.091,0.95,42.133,0.33,0.353,760.9,18.106,1.5,-0.02,-3.0,768.0,787.0,False
2025-03-10 10:21:20,S03,Lab-305,22.97,43.8,1282.0,ok,22.935,0.08,0.29,44.213,0.451,-0.833,1390.8,68.925,-1.672,0.01,-53.0,1282.0,1519.0,False
2025-03-10 10:21:20,S04,Library-1F,21.68,39.3,731.0,ok,21.71,0.06,-0.297,39.563,0.325,-0.547,725.9,6.769,0.547,0.0,0.0,730.0,734.0,False
2025-03-10 10:21:20,S05,Canteen,24.98,54.1,971.0,ok,24.877,0.09,1.053,53.607,0.456,1.04,975.8,6.031,-0.48,0.05,-8.0,971.0,990.0,False
2025-03-10 10:21:20,S06,Study-Hall,22.42,40.9,884.0,ok,22.419,0.087,-0.03,41.383,0.4,-0.953,871.833,5.977,1.253,0.05,9.0,867.0,884.0,False
2025-03-10 10:21:30,S01,Lecture-101,22.47,42.9,1034.0,ok,22.666,0.104,-1.988,43.733,0.323,-1.753,1112.433,30.496,-3.048,-0.06,-60.0,1034.0,1141.0,False
2025-03-10 10:21:30,S02,Lab-201,22.57,43.1,792.0,ok,22.482,0.093,0.903,42.163,0.375,1.933,763.067,17.796,1.718,0.07,11.0,768.0,792.0,False
2025-03-10 10:21:30,S03,Lab-305,23.03,43.9,1282.0,filled,22.938,0.081,0.953,44.197,0.453,-0.627,1382.9,67.287,-1.579,0.04,-42.0,1282.0,1500.0,False
2025-03-10 10:21:30,S04,Library-1F,21.68,39.3,731.0,ok,21.706,0.058,-0.297,39.533,0.306,-0.527,726.5,6.372,0.51,0.0,0.0,730.0,734.0,False
2025-03-10 10:21:30,S05,Canteen,25.0,54.4,977.0,ok,24.884,0.091,1.233,53.627,0.477,1.587,975.733,6.005,0.12,0.06,-6.0,971.0,990.0,False
2025-03-10 10:21:30,S06,Study-Hall,22.3,40.9,891.0,ok,22.417,0.09,-1.193,41.363,0.409,-0.967,872.6,6.876,1.917,-0.13,5.0,867.0,891.0,False
2025-03-10 10:21:40,S01,Lecture-101,22.42,43.4,1024.0,ok,22.656,0.113,-2.36,43.737,0.319,-0.667,1108.8,34.226,-2.9,-0.14,-45.0,1024.0,1141.0,False
2025-03-10 10:21:40,S02,Lab-201,22.58,42.7,798.0,ok,22.486,0.094,0.977,42.183,0.387,1.073,765.6,17.146,1.963,0.07,9.0,774.0,798.0,False
2025-03-10 10:21:40,S03,Lab-305,22.71,44.5,1268.0,ok,22.93,0.091,-2.283,44.23,0.436,0.607,1375.167,66.694,-1.708,-0.03,-41.0,1268.0,1496.0,False
2025-03-10 10:21:40,S04,Library-1F,21.68,39.3,731.0,ok,21.699,0.048,-0.257,39.517,0.304,-0.467,726.9,6.261,0.45,0.0,0.0,731.0,734.0,True
2025-03-10 10:21:40,S05,Canteen,25.0,54.2,980.0,ok,24.891,0.092,1.157,53.64,0.487,1.147,976.067,5.953,0.427,0.06,-3.0,971.0,990.0,False
2025-03-10 10:21:40,S06,Study-Hall,22.34,40.9,871.0,ok,22.412,0.09,-0.773,41.34,0.415,-0.927,872.467,6.867,-0.16,-0.13,5.0,867.0,891.0,False
2025-03-10 10:21:50,S02,Lab-201,22.53,42.7,788.0,ok,22.484,0.093,0.44,42.207,0.396,1.033,767.667,15.899,1.306,0.08,14.0,774.0,798.0,False
2025-03-10 10:21:50,S03,Lab-305,22.97,44.4,1270.0,ok,22.926,0.086,0.4,44.2,0.389,0.34,1367.633,65.324,-1.577,0.05,-50.0,1268.0,1490.0,False
2025-03-10 10:21:50,S04,Library-1F,21.68,39.3,731.0,ok,21.699,0.047,-0.19,39.517,0.304,-0.433,727.567,5.532,0.41,0.0,0.0,731.0,734.0,True
2025-03-10 10:21:50,S05,Canteen,24.78,54.3,974.0,ok,24.889,0.093,-1.107,53.663,0.502,1.32,976.1,5.938,-0.207,0.05,-3.0,971.0,990.0,False
2025-03-10 10:21:50,S06,Study-Hall,22.56,41.9,879.0,ok,22.421,0.09,1.477,41.353,0.426,1.12,872.633,6.965,0.653,-0.13,7.0,867.0,891.0,False
2025-03-10 10:22:00,S01,Lecture-101,22.39,43.7,1009.0,ok,22.645,0.122,-2.356,43.727,0.315,-0.073,1104.833,38.547,-2.916,-0.111,-44.571,1009.0,1141.0,False
2025-03-10 10:22:00,S02,Lab-201,22.44,42.8,797.0,ok,22.49,0.085,-0.443,42.223,0.411,1.187,769.333,16.274,1.845,0.04,19.0,774.0,798.0,False
2025-03-10 10:22:00,S03,Lab-305,22.94,44.5,1268.0,ok,22.928,0.085,0.143,44.213,0.392,0.6,1360.233,63.534,-1.525,-0.05,-37.0,1268.0,1478.0,False
2025-03-10 10:22:00,S04,Library-1F,21.68,39.3,731.0,ok,21.696,0.046,-0.193,39.51,0.307,-0.433,727.9,5.422,0.343,0.0,0.0,731.0,734.0,True
2025-03-10 10:22:00,S05,Canteen,24.86,54.0,968.0,ok,24.89,0.093,-0.29,53.673,0.506,0.671,975.867,6.118,-0.81,-0.08,-6.0,968.0,990.0,False
2025-03-10 10:22:00,S06,Study-Hall,22.36,41.3,888.0,ok,22.42,0.091,-0.613,41.35,0.426,-0.107,873.233,7.486,1.537,-0.1,7.0,867.0,891.0,False
2025-03-10 10:22:10,S01,Lecture-101,22.47,43.1,1002.0,ok,22.636,0.125,-1.433,43.707,0.335,-1.253,1100.733,42.651,-2.668,-0.111,-53.143,1002.0,1141.0,False
2025-03-10 10:22:10,S02,Lab-201,22.71,42.3,790.0,ok,22.495,0.094,2.203,42.213,0.405,0.153,770.667,16.274,1.27,-0.03,12.0,774.0,798.0,False
2025-03-10 10:22:10,S03,Lab-305,23.02,44.5,1255.0,ok,22.929,0.086,0.92,44.237,0.387,0.573,1352.8,62.314,-1.656,0.05,-28.0,1255.0,1460.0,False
2025-03-10 10:22:10,S04,Library-1F,21.68,39.3,731.0,ok,21.695,0.046,-0.163,39.523,0.287,-0.42,728.1,5.422,0.31,0.0,0.0,731.0,734.0,True
2025-03-10 10:22:10,S05,Canteen,24.97,53.0,983.0,ok,24.892,0.094,0.797,53.68,0.495,-1.331,976.067,6.253,0.713,-0.08,-3.0,968.0,990.0,False
2025-03-10 10:22:10,S06,Study-Hall,22.48,41.6,867.0,ok,22.423,0.092,0.6,41.343,0.421,0.5,872.933,7.552,-0.623,0.11,2.0,867.0,891.0,False
2025-03-10 10:22:20,S01,Lecture-101,22.45,43.4,999.0,ok,22.628,0.129,-1.491,43.687,0.335,-0.613,1096.133,45.921,-2.385,-0.12,-57.429,999.0,1141.0,False
2025-03-10 10:22:20,S02,Lab-201,22.48,42.3,807.0,ok,22.499,0.09,-0.153,42.213,0.405,0.173,772.8,16.711,2.233,-0.09,19.0,774.0,807.0,False
2025-03-10 10:22:20,S03,Lab-305,22.98,44.0,1255.0,filled,22.936,0.081,0.507,44.253,0.365,-0.473,1346.233,61.878,-1.569,0.01,-32.0,1255.0,1460.0,False
2025-03-10 10:22:20,S04,Library-1F,21.68,39.3,731.0,ok,21.695,0.046,-0.153,39.5,0.275,-0.447,728.367,5.359,0.29,0.0,0.0,731.0,734.0,True
2025-03-10 10:22:20,S05,Canteen,25.09,54.6,979.0,ok,24.904,0.096,1.977,53.743,0.487,1.84,976.367,6.167,0.293,0.03,4.0,968.0,990.0,False
2025-03-10 10:22:20,S06,Study-Hall,22.38,41.8,876.0,ok,22.422,0.092,-0.427,41.357,0.429,0.913,873.367,7.332,0.307,-0.04,-3.0,867.0,891.0,False
2025-03-10 10:21:50,S01,Lecture-101,22.35,43.6,1022.0,ok,22.644,0.125,-2.709,43.723,0.316,-0.273,1105.267,37.491,-2.536,-0.13,-52.0,1022.0,1141.0,False
2025-03-10 10:22:30,S01,Lecture-101,22.38,42.1,992.0,ok,22.601,0.138,-1.719,43.617,0.437,-3.153,1087.4,49.717,-2.129,-0.17,-42.0,992.0,1137.0,False
2025-03-10 10:22:30,S02,Lab-201,22.59,42.4,785.0,ok,22.505,0.09,0.907,42.233,0.399,0.373,774.033,16.175,0.73,0.02,3.0,778.0,807.0,False
2025-03-10 10:22:30,S03,Lab-305,23.04,43.9,1238.0,ok,22.944,0.08,1.037,44.247,0.369,-0.707,1338.833,61.073,-1.749,0.05,-27.0,1238.0,1450.0,False
2025-03-10 10:22:30,S04,Library-1F,21.68,39.3,731.0,ok,21.693,0.045,-0.15,39.477,0.261,-0.4,728.367,5.359,0.263,0.0,0.0,731.0,734.0,True
2025-03-10 10:22:30,S05,Canteen,24.92,54.8,980.0,ok,24.905,0.096,0.163,53.8,0.508,2.113,977.0,5.471,0.363,-0.01,3.0,968.0,990.0,False
2025-03-10 10:22:30,S06,Study-Hall,22.3,41.0,868.0,ok,22.417,0.094,-1.223,41.333,0.429,-0.713,873.367,7.332,-0.537,0.04,-16.0,867.0,891.0,False
2025-03-10 10:22:40,S01,Lecture-101,22.49,42.5,977.0,ok,22.592,0.136,-0.805,43.573,0.481,-2.233,1082.633,53.216,-2.221,-0.02,-42.0,977.0,1137.0,False
2025-03-10 10:22:40,S02,Lab-201,22.52,42.3,794.0,ok,22.511,0.086,0.147,42.263,0.366,0.133,775.6,15.736,1.234,-0.05,2.0,778.0,807.0,False
2025-03-10 10:22:40,S03,Lab-305,22.9,43.8,1242.0,ok,22.942,0.08,-0.44,44.227,0.377,-0.893,1331.9,59.811,-1.586,0.01,-40.0,1238.0,1438.0,False
2025-03-10 10:22:40,S04,Library-1F,21.68,39.3,731.0,ok,21.691,0.044,-0.13,39.47,0.263,-0.353,728.3,5.312,0.263,0.0,0.0,731.0,734.0,True
2025-03-10 10:22:40,S05,Canteen,25.02,53.6,975.0,ok,24.908,0.098,1.15,53.793,0.509,-0.394,976.833,5.453,-0.2,0.02,2.0,968.0,990.0,False
2025-03-10 10:22:40,S06,Study-Hall,22.47,40.7,869.0,ok,22.419,0.095,0.53,41.32,0.442,-1.267,873.367,7.332,-0.437,0.04,-15.0,867.0,891.0,False
2025-03-10 10:22:50,S01,Lecture-101,22.25,42.6,973.0,ok,22.58,0.15,-2.517,43.543,0.512,-1.947,1077.433,56.074,-2.06,-0.04,-47.0,973.0,1137.0,False
2025-03-10 10:22:50,S02,Lab-201,22.59,42.4,792.0,ok,22.52,0.077,0.793,42.287,0.351,0.273,776.867,15.465,1.042,0.02,0.0,778.0,807.0,False
2025-03-10 10:22:50,S03,Lab-305,23.04,43.8,1249.0,ok,22.945,0.082,0.977,44.207,0.383,-0.853,1325.6,58.182,-1.386,0.07,-28.0,1238.0,1434.0,False
2025-03-10 10:22:50,S04,Library-1F,21.68,39.3,731.0,ok,21.689,0.043,-0.107,39.453,0.257,-0.34,728.833,4.698,0.27,0.0,0.0,731.0,734.0,True
2025-03-10 10:22:50,S05,Canteen,24.95,54.6,978.0,ok,24.91,0.098,0.423,53.837,0.521,1.584,977.1,5.3,0.117,-0.05,1.0,968.0,990.0,False
2025-03-10 10:22:50,S06,Study-Hall,22.43,41.2,877.0,ok,22.423,0.093,0.107,41.317,0.443,-0.24,873.567,7.347,0.363,0.09,-10.0,867.0,891.0,False
2025-03-10 10:23:00,S01,Lecture-101,22.24,42.5,961.0,ok,22.568,0.162,-2.276,43.5,0.544,-2.036,1071.667,58.881,-2.076,-0.14,-49.0,961.0,1137.0,False
2025-03-10 10:23:00,S02,Lab-201,22.47,42.7,801.0,ok,22.523,0.074,-0.503,42.32,0.341,0.827,778.4,15.502,1.561,-0.01,-3.0,778.0,807.0,False
2025-03-10 10:23:00,S03,Lab-305,22.95,43.6,1237.0,ok,22.945,0.082,0.047,44.207,0.383,-1.213,1319.033,56.622,-1.523,0.01,-26.0,1237.0,1423.0,False
2025-03-10 10:23:00,S05,Canteen,24.97,53.9,968.0,ok,24.912,0.099,0.597,53.873,0.483,0.122,977.167,5.167,-0.91,0.11,1.0,968.0,990.0,False
2025-03-10 10:23:00,S06,Study-Hall,22.47,41.8,871.0,ok,22.426,0.093,0.473,41.35,0.44,0.967,873.6,7.332,-0.257,0.11,-8.0,867.0,891.0,False
2025-03-10 10:23:10,S01,Lecture-101,22.33,42.2,949.0,ok,22.557,0.166,-1.471,43.45,0.592,-2.39,1065.7,61.964,-2.083,-0.14,-48.0,949.0,1137.0,False
2025-03-10 10:23:10,S02,Lab-201,22.56,42.8,799.0,ok,22.526,0.073,0.37,42.337,0.352,0.96,780.0,15.047,1.329,0.03,9.0,785.0,807.0,False
2025-03-10 10:23:10,S03,Lab-305,23.02,44.2,1221.0,ok,22.95,0.081,0.753,44.207,0.383,-0.013,1312.3,55.837,-1.731,0.05,-31.0,1221.0,1407.0,False
2025-03-10 10:23:10,S04,Library-1F,21.68,39.3,731.0,ok,21.689,0.043,-0.093,39.443,0.257,-0.307,728.8,4.679,0.217,0.0,0.0,731.0,734.0,True
2025-03-10 10:23:10,S05,Canteen,24.82,54.5,991.0,ok,24.916,0.091,-0.917,53.907,0.491,1.253,977.867,5.569,1.383,0.09,4.0,968.0,991.0,False
2025-03-10 10:23:10,S06,Study-Hall,22.46,41.5,863.0,ok,22.424,0.091,0.337,41.357,0.441,0.3,873.2,7.577,-1.06,-0.02,-8.0,863.0,891.0,False
2025-03-10 10:23:00,S04,Library-1F,21.68,39.3,731.0,ok,21.689,0.043,-0.093,39.443,0.257,-0.307,728.8,4.679,0.217,0.0,0.0,731.0,734.0,True
2025-03-10 10:23:20,S01,Lecture-101,22.36,43.3,939.0,ok,22.55,0.17,-1.183,43.417,0.57,-0.253,1059.533,65.089,-2.045,-0.12,-53.0,939.0,1137.0,False
2025-03-10 10:23:20,S02,Lab-201,22.6,42.6,794.0,ok,22.528,0.074,0.737,42.33,0.345,0.527,781.4,14.287,0.93,0.08,2.0,785.0,807.0,False
2025-03-10 10:23:20,S03,Lab-305,23.02,44.1,1210.0,ok,22.956,0.08,0.697,44.2,0.383,-0.213,1305.733,55.9,-1.832,0.04,-34.0,1210.0,1399.0,False
2025-03-10 10:23:20,S04,Library-1F,21.68,39.3,731.0,ok,21.689,0.043,-0.1,39.427,0.257,-0.273,729.6,3.719,0.167,0.0,0.0,731.0,734.0,True
2025-03-10 10:23:20,S05,Canteen,24.91,54.1,981.0,ok,24.918,0.09,-0.063,53.897,0.483,0.387,977.867,5.569,0.313,-0.06,2.0,968.0,991.0,False
2025-03-10 10:23:20,S06,Study-Hall,22.44,41.2,864.0,ok,22.431,0.085,0.157,41.337,0.433,-0.313,873.067,7.705,-0.92,0.08,-12.0,863.0,891.0,False
2025-03-10 10:23:30,S01,Lecture-101,22.25,43.1,944.0,ok,22.528,0.164,-1.764,43.403,0.573,-0.556,1053.333,66.977,-1.775,-0.12,-55.0,939.0,1137.0,False
2025-03-10 10:23:30,S02,Lab-201,22.53,42.3,811.0,ok,22.53,0.074,0.017,42.343,0.335,-0.06,783.267,14.377,2.072,-0.03,9.0,785.0,811.0,False
2025-03-10 10:23:30,S03,Lab-305,23.06,43.5,1222.0,ok,22.961,0.082,1.04,44.19,0.398,-1.4,1299.833,55.051,-1.498,0.0,-34.0,1210.0,1395.0,False
2025-03-10 10:23:30,S04,Library-1F,21.68,39.3,731.0,ok,21.687,0.042,-0.087,39.403,0.234,-0.253,729.867,3.511,0.14,0.0,0.0,731.0,734.0,True
2025-03-10 10:23:30,S05,Canteen,24.86,54.1,983.0,ok,24.917,0.09,-0.583,53.913,0.481,0.407,978.3,5.44,0.513,-0.11,3.0,968.0,991.0,False
2025-03-10 10:23:30,S06,Study-Hall,22.41,41.9,877.0,ok,22.428,0.084,-0.207,41.313,0.379,1.127,873.8,6.935,0.393,0.06,-4.0,863.0,891.0,False
2025-03-10 10:23:40,S01,Lecture-101,22.34,42.2,925.0,ok,22.516,0.165,-1.143,43.36,0.613,-2.101,1046.267,68.998,-1.916,-0.11,-53.0,925.0,1137.0,False
2025-03-10 10:23:40,S02,Lab-201,22.48,42.9,789.0,ok,22.53,0.074,-0.5,42.39,0.31,1.113,784.4,13.377,0.399,0.01,0.0,785.0,811.0,False
2025-03-10 10:23:40,S03,Lab-305,23.05,44.8,1206.0,ok,22.967,0.081,0.893,44.223,0.406,1.22,1293.533,54.597,-1.704,0.07,-32.0,1206.0,1387.0,False
2025-03-10 10:23:40,S04,Library-1F,21.68,39.3,731.0,ok,21.687,0.042,-0.073,39.387,0.222,-0.207,730.2,3.089,0.113,0.0,0.0,731.0,734.0,True
2025-03-10 10:23:40,S05,Canteen,24.96,54.5,972.0,ok,24.921,0.089,0.43,53.93,0.493,1.173,978.4,5.289,-0.63,-0.11,2.0,968.0,991.0,False
2025-03-10 10:23:40,S06,Study-Hall,22.34,41.3,867.0,ok,22.429,0.084,-0.88,41.313,0.379,-0.027,873.667,7.029,-0.68,0.03,-2.0,863.0,891.0,False
2025-03-10 10:23:50,S01,Lecture-101,22.42,42.0,929.0,ok,22.512,0.165,-0.583,43.303,0.657,-2.219,1039.767,70.589,-1.7,-0.04,-48.0,925.0,1137.0,False
2025-03-10 10:23:50,S02,Lab-201,22.62,42.6,810.0,ok,22.532,0.075,0.9,42.403,0.31,0.42,786.233,12.971,1.914,-0.06,18.0,785.0,811.0,False
2025-03-10 10:23:50,S03,Lab-305,22.85,43.0,1198.0,ok,22.963,0.084,-1.17,44.163,0.448,-2.447,1287.233,54.344,-1.75,0.01,-36.0,1198.0,1377.0,False
2025-03-10 10:23:50,S04,Library-1F,21.68,39.3,731.0,ok,21.683,0.038,-0.067,39.38,0.222,-0.173,730.7,1.535,0.08,0.0,0.0,731.0,734.0,True
2025-03-10 10:23:50,S05,Canteen,25.05,54.4,979.0,ok,24.931,0.087,1.287,53.947,0.5,0.94,978.6,5.19,0.06,0.01,1.0,968.0,991.0,False
2025-03-10 10:23:50,S06,Study-Hall,22.4,41.9,874.0,ok,22.425,0.082,-0.287,41.337,0.393,1.173,873.9,6.915,0.033,-0.03,5.0,863.0,891.0,False
2025-03-10 10:24:00,S01,Lecture-101,22.25,43.1,916.0,ok,22.494,0.165,-1.582,43.28,0.651,-0.309,1032.4,71.617,-1.753,0.09,-48.0,916.0,1132.0,False
2025-03-10 10:24:00,S02,Lab-201,22.37,42.9,813.0,ok,22.527,0.081,-1.617,42.423,0.322,0.993,787.767,13.333,2.064,-0.04,16.0,785.0,813.0,False
2025-03-10 10:24:00,S03,Lab-305,23.13,44.1,1199.0,ok,22.968,0.089,1.667,44.157,0.448,-0.127,1281.3,53.921,-1.624,0.1,-43.0,1198.0,1374.0,False
2025-03-10 10:24:00,S04,Library-1F,21.68,39.3,731.0,ok,21.679,0.032,-0.03,39.363,0.208,-0.16,730.7,1.535,0.03,0.0,0.0,731.0,734.0,True
2025-03-10 10:24:00,S05,Canteen,25.11,55.1,980.0,ok,24.936,0.093,1.793,53.983,0.543,2.306,978.6,5.19,0.14,0.08,4.0,968.0,991.0,False
2025-03-10 10:24:00,S06,Study-Hall,22.57,41.3,864.0,ok,22.433,0.085,1.45,41.337,0.393,-0.073,873.933,6.863,-0.99,-0.07,-4.0,863.0,891.0,False
2025-03-10 10:24:10,S01,Lecture-101,22.29,42.8,916.0,ok,22.481,0.164,-1.241,43.253,0.654,-0.737,1025.267,72.215,-1.625,0.04,-45.0,916.0,1132.0,False
2025-03-10 10:24:10,S02,Lab-201,22.58,42.6,817.0,ok,22.529,0.081,0.53,42.457,0.284,0.353,789.533,13.584,2.193,0.02,14.0,785.0,817.0,False
2025-03-10 10:24:10,S03,Lab-305,22.89,43.4,1204.0,ok,22.962,0.088,-0.78,44.127,0.468,-1.513,1275.633,52.763,-1.434,-0.13,-38.0,1198.0,1366.0,False
2025-03-10 10:24:10,S04,Library-1F,21.68,39.3,731.0,ok,21.682,0.027,0.007,39.343,0.181,-0.127,730.9,1.094,0.03,0.0,0.0,731.0,734.0,True
2025-03-10 10:24:10,S05,Canteen,24.97,54.4,990.0,ok,24.943,0.088,0.34,54.0,0.548,0.768,978.867,5.563,1.14,0.1,2.0,968.0,991.0,False
2025-03-10 10:24:10,S06,Study-Hall,22.31,41.3,863.0,filled,22.424,0.083,-1.227,41.353,0.379,-0.073,873.4,7.074,-1.093,-0.06,-7.0,863.0,891.0,False
2025-03-10 10:24:20,S01,Lecture-101,22.3,43.0,913.0,ok,22.465,0.158,-1.102,43.223,0.644,-0.387,1017.967,72.123,-1.555,-0.04,-33.0,913.0,1132.0,False
2025-03-10 10:24:20,S02,Lab-201,22.61,42.5,816.0,ok,22.529,0.081,0.807,42.46,0.284,0.087,791.367,13.309,1.948,0.02,17.0,785.0,817.0,False
2025-03-10 10:24:20,S03,Lab-305,23.01,44.1,1183.0,ok,22.962,0.088,0.483,44.143,0.457,-0.053,1269.533,52.534,-1.756,-0.01,-22.0,1183.0,1359.0,False
2025-03-10 10:24:20,S04,Library-1F,21.68,39.3,731.0,ok,21.685,0.02,-0.023,39.317,0.112,-0.087,731.067,0.583,0.01,0.0,0.0,731.0,734.0,True
2025-03-10 10:24:20,S05,Canteen,25.04,54.5,989.0,ok,24.951,0.085,0.973,54.023,0.554,0.913,979.133,5.853,1.013,0.13,8.0,968.0,991.0,False
2025-03-10 10:24:20,S06,Study-Hall,22.44,41.3,865.0,ok,22.421,0.081,0.16,41.34,0.374,-0.107,873.1,7.237,-0.84,-0.02,0.0,863.0,891.0,False
2025-03-10 10:24:30,S01,Lecture-101,22.26,41.8,903.0,ok,22.453,0.159,-1.297,43.17,0.693,-2.21,1010.333,71.755,-1.594,-0.04,-31.0,903.0,1132.0,False
2025-03-10 10:24:30,S02,Lab-201,22.48,43.0,821.0,ok,22.532,0.078,-0.49,42.49,0.292,1.08,792.767,14.146,2.227,0.02,18.0,789.0,821.0,False
2025-03-10 10:24:30,S03,Lab-305,22.99,43.9,1176.0,ok,22.962,0.088,0.277,44.113,0.442,-0.487,1263.433,52.411,-1.78,-0.03,-38.0,1176.0,1354.0,False
2025-03-10 10:24:30,S04,Library-1F,21.68,39.3,731.0,ok,21.683,0.015,-0.053,39.297,0.018,-0.033,730.967,0.183,-0.007,0.0,0.0,731.0,731.0,True
2025-03-10 10:24:30,S05,Canteen,24.79,54.2,988.0,ok,24.945,0.09,-1.61,54.03,0.555,0.319,979.567,6.015,0.887,0.11,6.0,968.0,991.0,False
2025-03-10 10:24:30,S06,Study-Hall,22.18,41.3,868.0,ok,22.412,0.092,-2.41,41.343,0.373,-0.08,872.833,7.273,-0.51,-0.13,1.0,863.0,891.0,False
2025-03-10 10:24:40,S01,Lecture-101,22.34,42.1,901.0,ok,22.443,0.157,-0.708,43.127,0.719,-1.543,1002.633,70.634,-1.524,-0.04,-36.0,901.0,1128.0,False
2025-03-10 10:24:40,S02,Lab-201,22.49,42.9,818.0,ok,22.532,0.078,-0.417,42.497,0.299,0.82,794.433,14.073,1.784,-0.04,24.0,789.0,821.0,False
2025-03-10 10:24:40,S03,Lab-305,22.99,44.4,1181.0,ok,22.967,0.086,0.277,44.123,0.445,0.573,1257.667,51.614,-1.573,-0.06,-29.0,1176.0,1347.0,False
2025-03-10 10:24:40,S04,Library-1F,21.68,39.3,731.0,ok,21.68,0.0,-0.027,39.3,0.0,0.007,731.0,0.0,0.003,0.0,0.0,731.0,731.0,True
2025-03-10 10:24:40,S05,Canteen,24.84,54.1,975.0,ok,24.937,0.088,-1.047,54.077,0.495,0.126,979.433,6.072,-0.457,-0.07,7.0,968.0,991.0,False
2025-03-10 10:24:40,S06,Study-Hall,22.43,41.5,858.0,ok,22.408,0.088,0.18,41.367,0.359,0.313,872.333,7.761,-1.483,0.02,-2.0,858.0,891.0,False
2025-03-10 10:24:50,S01,Lecture-101,22.2,42.8,890.0,ok,22.423,0.147,-1.55,43.093,0.71,-0.455,994.7,69.423,-1.595,-0.08,-28.0,890.0,1112.0,False
2025-03-10 10:24:50,S02,Lab-201,22.55,42.3,815.0,ok,22.537,0.074,0.183,42.5,0.296,-0.393,795.6,14.284,1.461,-0.04,8.0,789.0,821.0,False
2025-03-10 10:24:50,S03,Lab-305,23.1,44.0,1169.0,ok,22.977,0.082,1.333,44.107,0.439,-0.247,1251.733,51.22,-1.718,-0.06,-30.0,1169.0,1342.0,False
2025-03-10 10:24:50,S04,Library-1F,21.68,39.3,731.0,ok,21.68,0.0,0.0,39.3,0.0,0.0,731.0,0.0,0.0,0.0,0.0,731.0,731.0,True
2025-03-10 10:24:50,S05,Canteen,25.02,54.2,994.0,ok,24.943,0.088,0.83,54.08,0.495,0.247,979.867,6.627,1.457,-0.12,9.0,968.0,994.0,False
2025-03-10 10:24:50,S06,Study-Hall,22.48,41.4,868.0,ok,22.412,0.089,0.72,41.35,0.345,0.067,872.2,7.801,-0.433,0.03,-6.0,858.0,891.0,False
2025-03-10 10:25:00,S01,Lecture-101,22.24,42.8,874.0,ok,22.41,0.146,-1.245,43.05,0.685,-0.413,986.767,69.155,-1.739,-0.1,-35.0,874.0,1109.0,False
2025-03-10 10:25:00,S03,Lab-305,22.84,44.8,1174.0,ok,22.973,0.085,-1.373,44.13,0.457,1.387,1246.133,50.184,-1.518,-0.06,-25.0,1169.0,1340.0,False
2025-03-10 10:25:00,S04,Library-1F,21.68,39.3,731.0,ok,21.68,0.0,0.0,39.3,0.0,0.0,731.0,0.0,0.0,0.0,0.0,731.0,731.0,True
2025-03-10 10:25:00,S05,Canteen,24.97,53.7,993.0,ok,24.946,0.087,0.27,54.097,0.472,-0.76,980.433,7.001,1.313,-0.08,14.0,972.0,994.0,False
2025-03-10 10:25:00,S06,Study-Hall,22.47,41.5,864.0,ok,22.417,0.088,0.58,41.34,0.336,0.3,872.0,7.935,-0.82,0.07,-3.0,858.0,891.0,False
2025-03-10 10:25:10,S01,Lecture-101,22.27,42.5,879.0,ok,22.396,0.138,-0.962,43.007,0.677,-0.803,979.1,67.874,-1.558,-0.05,-37.0,874.0,1101.0,False
2025-03-10 10:25:10,S02,Lab-201,22.55,42.6,821.0,ok,22.535,0.072,0.133,42.51,0.294,0.2,796.933,14.734,1.778,0.06,6.857,789.0,821.0,False
2025-03-10 10:25:10,S03,Lab-305,23.01,44.4,1162.0,ok,22.976,0.085,0.367,44.107,0.423,0.54,1240.2,49.217,-1.676,0.12,-30.0,1162.0,1324.0,False
2025-03-10 10:25:10,S04,Library-1F,21.68,39.3,731.0,ok,21.68,0.0,0.0,39.3,0.0,0.0,731.0,0.0,0.0,0.0,0.0,731.0,731.0,True
2025-03-10 10:25:10,S05,Canteen,24.98,54.1,989.0,ok,24.95,0.086,0.343,54.11,0.466,0.007,980.633,7.161,0.857,-0.07,13.0,972.0,994.0,False
2025-03-10 10:25:10,S06,Study-Hall,22.36,42.0,857.0,ok,22.417,0.088,-0.57,41.377,0.346,1.32,871.6,8.381,-1.5,0.07,0.0,857.0,891.0,False
2025-03-10 10:25:20,S01,Lecture-101,22.17,41.8,875.0,ok,22.382,0.138,-1.636,42.95,0.705,-1.782,971.567,66.404,-1.534,-0.05,-41.0,874.0,1079.0,False
2025-03-10 10:25:20,S02,Lab-201,22.55,42.6,830.0,ok,22.541,0.065,0.153,42.523,0.288,0.18,798.733,15.373,2.244,-0.026,6.857,789.0,830.0,False
2025-03-10 10:25:20,S03,Lab-305,22.97,44.1,1164.0,ok,22.973,0.084,-0.06,44.09,0.412,-0.013,1234.867,48.487,-1.548,-0.04,-35.0,1162.0,1323.0,False
2025-03-10 10:25:20,S04,Library-1F,21.68,39.3,731.0,ok,21.68,0.0,0.0,39.3,0.0,0.0,731.0,0.0,0.0,0.0,0.0,731.0,731.0,True
2025-03-10 10:25:20,S05,Canteen,24.95,54.0,984.0,ok,24.951,0.086,0.003,54.103,0.466,-0.22,980.433,6.971,0.337,-0.07,0.0,972.0,994.0,False
2025-03-10 10:25:20,S06,Study-Hall,22.31,41.6,852.0,ok,22.411,0.089,-1.067,41.383,0.348,0.447,870.633,8.915,-1.96,-0.08,-7.0,852.0,891.0,False
2025-03-10 10:25:00,S02,Lab-201,22.68,43.0,823.0,ok,22.539,0.077,1.433,42.523,0.307,1.0,797.0,14.851,1.918,0.07,8.0,789.0,823.0,False
2025-03-10 10:25:30,S01,Lecture-101,22.13,42.0,868.0,ok,22.362,0.131,-1.82,42.89,0.707,-1.347,964.633,65.981,-1.56,-0.12,-38.0,868.0,1079.0,False
2025-03-10 10:25:30,S02,Lab-201,22.52,42.4,815.0,ok,22.544,0.069,-0.237,42.563,0.274,-0.32,801.433,15.119,0.952,-0.03,4.0,789.0,830.0,False
2025-03-10 10:25:30,S03,Lab-305,23.02,44.2,1172.0,ok,22.977,0.083,0.467,44.08,0.405,0.22,1229.833,46.831,-1.297,0.02,-19.0,1162.0,1320.0,False
2025-03-10 10:25:30,S04,Library-1F,21.68,39.3,731.0,ok,21.68,0.0,0.0,39.3,0.0,0.0,731.0,0.0,0.0,0.0,0.0,731.0,731.0,True
2025-03-10 10:25:30,S05,Canteen,25.11,54.7,985.0,ok,24.952,0.088,1.593,54.147,0.459,1.193,980.6,7.02,0.457,0.01,-4.0,972.0,994.0,False
2025-03-10 10:25:30,S06,Study-Hall,22.32,41.4,856.0,ok,22.406,0.09,-0.913,41.38,0.348,0.033,869.867,9.157,-1.463,0.01,-9.0,852.0,891.0,False
2025-03-10 10:25:40,S01,Lecture-101,22.0,41.7,862.0,ok,22.348,0.146,-2.763,42.8,0.679,-1.684,957.4,64.897,-1.556,-0.17,-35.0,862.0,1071.0,False
2025-03-10 10:25:40,S02,Lab-201,22.55,43.3,822.0,ok,22.547,0.068,0.057,42.603,0.291,1.473,802.633,15.28,1.36,0.06,4.0,810.0,830.0,False
2025-03-10 10:25:40,S03,Lab-305,22.86,44.5,1155.0,ok,22.973,0.086,-1.173,44.1,0.411,0.84,1224.333,45.548,-1.598,-0.02,-17.0,1155.0,1305.0,False
2025-03-10 10:25:40,S04,Library-1F,21.68,39.3,731.0,ok,21.68,0.0,0.0,39.3,0.0,0.0,731.0,0.0,0.0,0.0,0.0,731.0,731.0,True
2025-03-10 10:25:40,S05,Canteen,24.97,54.3,981.0,ok,24.953,0.088,0.177,54.16,0.458,0.307,980.633,7.02,0.04,0.13,-4.0,975.0,994.0,False
2025-03-10 10:25:40,S06,Study-Hall,22.39,41.8,856.0,ok,22.4,0.083,-0.163,41.383,0.351,0.84,869.333,9.488,-1.387,-0.11,-9.0,852.0,891.0,False
2025-03-10 10:25:50,S01,Lecture-101,22.21,41.9,853.0,ok,22.337,0.143,-0.945,42.723,0.645,-1.325,950.2,64.065,-1.609,-0.13,-39.0,853.0,1071.0,False
2025-03-10 10:25:50,S02,Lab-201,22.62,42.6,828.0,ok,22.551,0.069,0.733,42.613,0.285,-0.007,804.3,15.227,1.66,0.06,4.0,813.0,830.0,False
2025-03-10 10:25:50,S03,Lab-305,23.05,44.6,1151.0,ok,22.977,0.087,0.773,44.113,0.421,1.0,1219.2,44.816,-1.61,0.03,-21.0,1151.0,1296.0,False
2025-03-10 10:25:50,S04,Library-1F,21.68,39.3,731.0,ok,21.68,0.0,0.0,39.3,0.0,0.0,731.0,0.0,0.0,0.0,0.0,731.0,731.0,True
2025-03-10 10:25:50,S05,Canteen,24.97,54.0,983.0,ok,24.954,0.088,0.167,54.17,0.45,-0.32,980.733,7.032,0.237,0.13,-5.0,975.0,994.0,False
2025-03-10 10:25:50,S06,Study-Hall,22.34,41.5,854.0,ok,22.399,0.084,-0.597,41.397,0.348,0.233,868.9,9.887,-1.533,-0.09,-12.0,852.0,891.0,False
2025-03-10 10:26:00,S01,Lecture-101,22.08,41.7,848.0,ok,22.32,0.142,-1.794,42.65,0.631,-1.587,942.767,62.483,-1.595,-0.16,-37.0,848.0,1065.0,False
2025-03-10 10:26:00,S02,Lab-201,22.52,42.7,825.0,ok,22.549,0.069,-0.31,42.63,0.274,0.173,805.867,14.841,1.359,0.0,7.0,815.0,830.0,False
2025-03-10 10:26:00,S03,Lab-305,22.93,44.9,1139.0,ok,22.975,0.087,-0.47,44.123,0.436,1.573,1213.967,44.705,-1.79,-0.06,-23.0,1139.0,1287.0,False
2025-03-10 10:26:00,S04,Library-1F,21.68,39.3,731.0,ok,21.68,0.0,0.0,39.3,0.0,0.0,731.0,0.0,0.0,0.0,0.0,731.0,731.0,True
2025-03-10 10:26:00,S05,Canteen,25.03,55.1,974.0,ok,24.961,0.086,0.76,54.227,0.457,1.86,980.7,7.062,-0.673,0.0,-12.0,974.0,994.0,False
2025-03-10 10:26:00,S06,Study-Hall,22.35,41.7,857.0,ok,22.395,0.083,-0.487,41.41,0.352,0.607,868.233,9.995,-1.19,-0.12,-8.0,852.0,891.0,False
2025-03-10 10:26:10,S01,Lecture-101,22.22,42.3,831.0,ok,22.307,0.132,-0.702,42.603,0.602,-0.554,934.967,61.292,-1.789,-0.03,-31.0,831.0,1041.0,False
2025-03-10 10:26:10,S02,Lab-201,22.55,42.0,834.0,ok,22.549,0.069,0.01,42.62,0.292,-1.26,807.733,14.737,1.896,0.0,7.0,815.0,834.0,False
2025-03-10 10:26:10,S03,Lab-305,22.97,44.1,1142.0,ok,22.977,0.086,-0.05,44.127,0.435,-0.047,1209.133,44.374,-1.61,-0.04,-27.0,1139.0,1282.0,False
2025-03-10 10:26:10,S04,Library-1F,21.68,39.3,731.0,ok,21.68,0.0,0.0,39.3,0.0,0.0,731.0,0.0,0.0,0.0,0.0,731.0,731.0,True
2025-03-10 10:26:10,S05,Canteen,24.98,54.2,981.0,ok,24.962,0.086,0.19,54.257,0.422,-0.053,980.833,7.027,0.03,0.0,-12.0,974.0,994.0,False
2025-03-10 10:26:10,S06,Study-Hall,22.42,40.9,857.0,ok,22.398,0.083,0.25,41.41,0.352,-1.02,867.5,9.985,-1.123,-0.12,-7.0,852.0,891.0,False
2025-03-10 10:26:20,S01,Lecture-101,22.08,42.1,824.0,ok,22.288,0.123,-1.72,42.567,0.598,-0.836,927.733,61.152,-1.81,-0.16,-44.0,824.0,1034.0,False
2025-03-10 10:26:20,S02,Lab-201,22.66,43.0,830.0,ok,22.552,0.072,1.113,42.643,0.293,0.76,809.167,14.742,1.511,0.0,7.0,815.0,834.0,False
2025-03-10 10:26:20,S03,Lab-305,22.86,44.4,1137.0,ok,22.973,0.089,-1.17,44.147,0.434,0.547,1204.3,44.059,-1.626,-0.04,-25.0,1137.0,1282.0,False
2025-03-10 10:26:20,S04,Library-1F,21.68,39.3,731.0,ok,21.68,0.0,0.0,39.3,0.0,0.0,731.0,0.0,0.0,0.0,0.0,731.0,731.0,True
2025-03-10 10:26:20,S05,Canteen,25.05,53.9,983.0,ok,24.965,0.087,0.877,54.25,0.426,-0.713,981.233,6.786,0.217,0.06,-8.0,974.0,994.0,False
2025-03-10 10:26:20,S06,Study-Hall,22.39,41.9,867.0,ok,22.397,0.083,-0.077,41.443,0.349,0.98,866.933,9.487,-0.05,0.03,0.0,852.0,891.0,False
2025-03-10 10:26:30,S01,Lecture-101,22.29,41.5,833.0,ok,22.282,0.118,0.014,42.52,0.625,-1.784,921.033,60.109,-1.549,0.05,-44.0,824.0,1024.0,False
2025-03-10 10:26:30,S02,Lab-201,22.51,42.6,823.0,ok,22.55,0.072,-0.417,42.627,0.28,-0.087,810.2,14.582,0.938,0.0,9.0,815.0,834.0,False
2025-03-10 10:26:30,S03,Lab-305,22.89,43.9,1133.0,ok,22.969,0.089,-0.833,44.147,0.434,-0.493,1199.333,43.391,-1.618,-0.12,-27.0,1133.0,1270.0,False
2025-03-10 10:26:30,S04,Library-1F,21.68,39.3,731.0,ok,21.68,0.0,0.0,39.3,0.0,0.0,731.0,0.0,0.0,0.0,0.0,731.0,731.0,True
2025-03-10 10:26:30,S05,Canteen,24.85,54.3,977.0,ok,24.96,0.089,-1.147,54.247,0.426,0.1,981.233,6.786,-0.423,0.0,-4.0,974.0,994.0,False
2025-03-10 10:26:30,S06,Study-Hall,22.4,42.0,857.0,ok,22.4,0.081,0.033,41.48,0.348,1.113,865.8,8.491,-0.993,0.08,1.0,852.0,888.0,False
2025-03-10 10:26:40,S01,Lecture-101,22.18,42.4,818.0,ok,22.274,0.117,-0.865,42.487,0.603,-0.192,914.167,59.706,-1.714,0.05,-44.0,818.0,1022.0,False
2025-03-10 10:26:40,S02,Lab-201,22.61,43.2,831.0,ok,22.551,0.073,0.603,42.643,0.299,1.147,811.3,14.872,1.426,0.06,8.0,815.0,834.0,False
2025-03-10 10:26:40,S03,Lab-305,22.87,43.8,1135.0,ok,22.974,0.077,-0.987,44.123,0.433,-0.693,1194.9,42.925,-1.483,-0.1,-29.0,1133.0,1270.0,False
2025-03-10 10:26:40,S04,Library-1F,21.68,39.3,731.0,ok,21.68,0.0,0.0,39.3,0.0,0.0,731.0,0.0,0.0,0.0,0.0,731.0,731.0,True
2025-03-10 10:26:40,S05,Canteen,25.03,54.6,984.0,ok,24.961,0.09,0.703,54.26,0.43,0.707,981.367,6.8,0.277,0.06,-1.0,974.0,994.0,False
2025-03-10 10:26:40,S06,Study-Hall,22.49,41.1,868.0,ok,22.405,0.082,0.9,41.487,0.338,-0.76,865.7,8.445,0.22,0.08,11.0,852.0,888.0,False
2025-03-10 10:26:50,S01,Lecture-101,22.13,41.9,812.0,ok,22.267,0.119,-1.236,42.43,0.574,-0.973,907.167,58.933,-1.711,0.05,-44.0,812.0,1009.0,False
2025-03-10 10:26:50,S02,Lab-201,22.53,42.2,835.0,ok,22.551,0.073,-0.207,42.627,0.31,-0.887,812.867,14.809,1.594,-0.02,9.0,815.0,835.0,False
2025-03-10 10:26:50,S03,Lab-305,22.97,44.1,1121.0,ok,22.974,0.077,-0.04,44.113,0.43,-0.047,1189.933,42.555,-1.722,-0.13,-22.0,1121.0,1268.0,False
2025-03-10 10:26:50,S04,Library-1F,21.68,39.3,731.0,ok,21.68,0.0,0.0,39.3,0.0,0.0,731.0,0.0,0.0,0.0,0.0,731.0,731.0,True
2025-03-10 10:26:50,S05,Canteen,25.0,54.7,986.0,ok,24.968,0.083,0.393,54.273,0.438,0.88,981.767,6.704,0.463,0.03,1.0,974.0,994.0,False
2025-03-10 10:26:50,S06,Study-Hall,22.29,41.3,859.0,ok,22.396,0.079,-1.15,41.467,0.33,-0.373,865.033,8.143,-0.67,0.06,3.0,852.0,888.0,False
2025-03-10 10:27:00,S01,Lecture-101,22.08,41.4,819.0,ok,22.257,0.121,-1.574,42.353,0.551,-1.796,900.833,57.811,-1.496,0.05,-35.0,812.0,1002.0,False
2025-03-10 10:27:00,S02,Lab-201,22.53,42.9,828.0,ok,22.554,0.07,-0.207,42.63,0.312,0.547,813.9,14.745,1.022,-0.02,6.0,815.0,835.0,False
2025-03-10 10:27:00,S03,Lab-305,22.8,43.4,1117.0,ok,22.969,0.083,-1.74,44.077,0.442,-1.427,1184.9,41.928,-1.714,-0.06,-30.0,1117.0,1255.0,False
2025-03-10 10:27:00,S04,Library-1F,21.68,39.3,731.0,ok,21.68,0.0,0.0,39.3,0.0,0.0,731.0,0.0,0.0,0.0,0.0,731.0,731.0,True
2025-03-10 10:27:00,S05,Canteen,24.96,54.6,991.0,ok,24.971,0.081,-0.08,54.293,0.439,0.653,982.533,6.383,0.923,0.03,5.0,974.0,994.0,False
2025-03-10 10:27:00,S06,Study-Hall,22.44,41.5,857.0,ok,22.399,0.079,0.44,41.473,0.329,0.067,864.0,7.017,-0.803,0.09,3.0,852.0,877.0,False
2025-03-10 10:27:10,S01,Lecture-101,22.1,41.3,806.0,ok,22.244,0.117,-1.293,42.293,0.565,-1.911,894.3,57.054,-1.64,-0.11,-36.0,806.0,999.0,False
2025-03-10 10:27:10,S02,Lab-201,22.67,42.5,833.0,ok,22.552,0.067,1.163,42.637,0.307,-0.26,815.333,14.428,1.295,-0.02,5.0,815.0,835.0,False
2025-03-10 10:27:10,S03,Lab-305,22.97,43.7,1123.0,ok,22.968,0.083,0.007,44.05,0.44,-0.753,1180.5,41.238,-1.476,0.0,-21.0,1117.0,1255.0,False
2025-03-10 10:27:10,S04,Library-1F,21.68,39.3,731.0,ok,21.68,0.0,0.0,39.3,0.0,0.0,731.0,0.0,0.0,0.0,0.0,731.0,731.0,True
2025-03-10 10:27:10,S05,Canteen,25.07,54.7,987.0,ok,24.975,0.083,0.987,54.35,0.37,0.813,982.667,6.434,0.447,0.02,6.0,974.0,994.0,False
2025-03-10 10:27:10,S06,Study-Hall,22.33,41.3,860.0,ok,22.394,0.078,-0.687,41.463,0.33,-0.347,863.767,7.03,-0.4,-0.02,2.0,852.0,877.0,False
2025-03-10 10:27:20,S01,Lecture-101,21.94,42.2,806.0,ok,22.227,0.123,-2.59,42.253,0.525,-0.165,887.867,55.706,-1.548,0.0,-25.0,806.0,992.0,False
2025-03-10 10:27:20,S02,Lab-201,22.6,42.3,835.0,ok,22.556,0.066,0.477,42.637,0.307,-0.673,816.267,14.772,1.363,0.05,3.0,815.0,835.0,False
2025-03-10 10:27:20,S03,Lab-305,23.17,44.5,1119.0,ok,22.974,0.091,2.023,44.067,0.447,0.9,1175.967,40.229,-1.491,0.04,-20.0,1117.0,1249.0,False
2025-03-10 10:27:20,S04,Library-1F,21.68,39.3,731.0,ok,21.68,0.0,0.0,39.3,0.0,0.0,731.0,0.0,0.0,0.0,0.0,731.0,731.0,True
2025-03-10 10:27:20,S05,Canteen,25.18,54.7,981.0,ok,24.978,0.089,2.053,54.353,0.373,0.7,982.733,6.405,-0.167,0.04,6.0,974.0,994.0,False
2025-03-10 10:27:20,S06,Study-Hall,22.41,41.4,849.0,ok,22.395,0.078,0.163,41.45,0.324,-0.127,862.867,7.138,-1.477,0.02,0.0,849.0,877.0,False
2025-03-10 10:27:30,S01,Lecture-101,22.08,41.6,802.0,ok,22.217,0.123,-1.193,42.237,0.538,-1.244,881.533,54.24,-1.541,-0.14,-25.0,802.0,977.0,False
2025-03-10 10:27:30,S02,Lab-201,22.48,42.4,837.0,ok,22.553,0.067,-0.763,42.637,0.307,-0.473,818.0,14.007,1.404,0.05,5.0,822.0,837.0,False
2025-03-10 10:27:30,S03,Lab-305,22.98,44.2,1108.0,ok,22.972,0.09,0.06,44.077,0.447,0.267,1171.633,40.318,-1.689,0.09,-18.0,1108.0,1249.0,False
2025-03-10 10:27:30,S04,Library-1F,21.68,39.3,731.0,ok,21.68,0.0,0.0,39.3,0.0,0.0,731.0,0.0,0.0,0.0,0.0,731.0,731.0,True
2025-03-10 10:27:30,S05,Canteen,24.96,54.4,990.0,ok,24.979,0.088,-0.177,54.34,0.364,0.093,983.067,6.518,0.727,0.09,6.0,974.0,994.0,False
2025-03-10 10:27:30,S06,Study-Hall,22.39,40.9,858.0,ok,22.398,0.076,-0.047,41.447,0.329,-1.1,862.533,7.123,-0.487,-0.01,1.0,849.0,877.0,False
2025-03-10 10:27:40,S01,Lecture-101,22.0,41.6,794.0,ok,22.201,0.118,-1.77,42.207,0.548,-1.184,875.433,53.417,-1.614,-0.18,-22.0,794.0,973.0,False
2025-03-10 10:27:40,S02,Lab-201,22.48,42.7,837.0,ok,22.551,0.068,-0.727,42.65,0.3,0.127,819.433,13.663,1.356,-0.13,7.0,823.0,837.0,False
2025-03-10 10:27:40,S03,Lab-305,22.84,44.1,1098.0,ok,22.97,0.092,-1.32,44.087,0.444,0.047,1166.833,40.224,-1.826,0.11,-27.0,1098.0,1249.0,False
2025-03-10 10:27:40,S04,Library-1F,21.68,39.3,731.0,ok,21.68,0.0,0.0,39.3,0.0,0.0,731.0,0.0,0.0,0.0,0.0,731.0,731.0,True
2025-03-10 10:27:40,S05,Canteen,25.21,54.3,981.0,ok,24.985,0.097,2.31,54.363,0.336,-0.08,983.267,6.351,-0.207,0.15,-2.0,974.0,994.0,False
2025-03-10 10:27:40,S06,Study-Hall,22.49,41.3,854.0,ok,22.398,0.077,0.923,41.467,0.299,-0.293,862.033,7.18,-0.853,0.01,-13.0,849.0,877.0,False
2025-03-10 10:27:50,S01,Lecture-101,22.19,42.1,786.0,ok,22.199,0.117,-0.093,42.19,0.543,-0.195,869.2,52.543,-1.674,-0.1,-24.0,786.0,961.0,False
2025-03-10 10:27:50,S02,Lab-201,22.51,42.9,834.0,ok,22.549,0.068,-0.413,42.667,0.3,0.5,820.833,12.884,1.066,-0.05,6.0,823.0,837.0,False
2025-03-10 10:27:50,S03,Lab-305,22.96,43.8,1104.0,ok,22.967,0.091,-0.1,44.087,0.444,-0.573,1162.0,38.692,-1.562,0.07,-29.0,1098.0,1237.0,False
2025-03-10 10:27:50,S04,Library-1F,21.68,39.3,731.0,ok,21.68,0.0,0.0,39.3,0.0,0.0,731.0,0.0,0.0,0.0,0.0,731.0,731.0,True
2025-03-10 10:27:50,S05,Canteen,25.06,54.7,979.0,ok,24.989,0.098,0.747,54.367,0.339,0.673,983.3,6.325,-0.427,0.06,-3.0,974.0,994.0,False
2025-03-10 10:27:50,S06,Study-Hall,22.43,41.4,855.0,ok,22.398,0.077,0.317,41.473,0.295,-0.133,861.3,6.706,-0.703,0.03,-4.0,849.0,877.0,False
2025-03-10 10:28:00,S01,Lecture-101,21.92,41.7,783.0,ok,22.188,0.128,-2.376,42.163,0.547,-0.903,863.267,51.865,-1.641,-0.13,-32.0,783.0,949.0,False
2025-03-10 10:28:00,S02,Lab-201,22.41,42.9,831.0,ok,22.547,0.071,-1.387,42.673,0.303,0.467,821.833,12.449,0.789,-0.05,3.0,823.0,837.0,False
2025-03-10 10:28:00,S03,Lab-305,22.86,43.5,1107.0,ok,22.964,0.093,-1.073,44.083,0.448,-1.173,1157.667,37.256,-1.421,-0.01,-17.0,1098.0,1222.0,False
2025-03-10 10:28:00,S04,Library-1F,21.68,39.3,731.0,ok,21.68,0.0,0.0,39.3,0.0,0.0,731.0,0.0,0.0,0.0,0.0,731.0,731.0,True
2025-03-10 10:28:00,S05,Canteen,24.83,54.4,980.0,ok,24.984,0.102,-1.59,54.383,0.327,0.067,983.7,5.67,-0.33,0.06,-6.0,977.0,994.0,False
2025-03-10 10:28:00,S06,Study-Hall,22.42,41.2,851.0,ok,22.397,0.076,0.217,41.453,0.292,-0.547,860.633,6.703,-1.03,-0.01,-5.0,849.0,877.0,False
2025-03-10 10:28:10,S01,Lecture-101,22.01,41.6,794.0,ok,22.178,0.129,-1.397,42.143,0.556,-1.03,858.1,50.738,-1.336,-0.09,-26.0,783.0,944.0,False
2025-03-10 10:28:10,S02,Lab-201,22.71,42.4,835.0,ok,22.552,0.077,1.633,42.66,0.306,-0.547,823.033,11.895,1.058,-0.02,1.0,823.0,837.0,False
2025-03-10 10:28:10,S03,Lab-305,23.02,44.7,1084.0,ok,22.964,0.093,0.557,44.1,0.462,1.233,1153.1,37.62,-1.977,-0.01,-17.0,1084.0,1222.0,False
2025-03-10 10:28:10,S04,Library-1F,21.68,39.3,731.0,ok,21.68,0.0,0.0,39.3,0.0,0.0,731.0,0.0,0.0,0.0,0.0,731.0,731.0,True
2025-03-10 10:28:10,S05,Canteen,25.05,54.3,978.0,ok,24.992,0.098,0.642,54.377,0.327,-0.167,983.267,5.589,-0.57,0.05,-8.0,977.0,994.0,False
2025-03-10 10:28:10,S06,Study-Hall,22.41,40.8,848.0,ok,22.395,0.075,0.133,41.43,0.315,-1.307,860.133,7.07,-1.263,0.09,-8.0,848.0,877.0,False
2025-03-10 10:28:20,S01,Lecture-101,21.97,41.8,773.0,ok,22.165,0.129,-1.613,42.093,0.515,-0.617,852.567,50.663,-1.677,-0.11,-23.0,773.0,944.0,False
2025-03-10 10:28:20,S02,Lab-201,22.65,42.5,842.0,ok,22.553,0.079,0.983,42.657,0.307,-0.32,824.633,11.053,1.595,0.05,2.0,823.0,842.0,False
2025-03-10 10:28:20,S03,Lab-305,23.0,43.6,1081.0,ok,22.964,0.093,0.357,44.083,0.471,-1.0,1148.8,38.259,-1.917,0.03,-35.0,1081.0,1222.0,False
2025-03-10 10:28:20,S04,Library-1F,21.68,39.3,731.0,ok,21.68,0.0,0.0,39.3,0.0,0.0,731.0,0.0,0.0,0.0,0.0,731.0,731.0,True
2025-03-10 10:28:20,S05,Canteen,25.04,54.2,969.0,ok,24.996,0.097,0.48,54.38,0.324,-0.353,982.867,6.157,-1.427,-0.03,-9.0,969.0,994.0,False
2025-03-10 10:28:20,S06,Study-Hall,22.37,41.7,853.0,ok,22.393,0.075,-0.25,41.447,0.316,0.54,859.767,7.147,-0.713,0.0,-6.0,848.0,877.0,False
2025-03-10 10:28:30,S01,Lecture-101,21.95,41.1,773.0,ok,22.155,0.134,-1.659,42.027,0.509,-1.93,846.867,49.63,-1.571,-0.11,-33.0,773.0,929.0,False
2025-03-10 10:28:30,S02,Lab-201,22.63,43.1,850.0,ok,22.557,0.08,0.767,42.683,0.31,0.887,825.933,11.671,2.295,0.05,7.0,828.0,850.0,False
2025-03-10 10:28:30,S03,Lab-305,22.99,45.3,1079.0,ok,22.961,0.091,0.263,44.143,0.507,2.433,1144.033,37.729,-1.824,0.02,-38.0,1079.0,1206.0,False
2025-03-10 10:28:30,S04,Library-1F,21.68,39.3,731.0,ok,21.68,0.0,0.0,39.3,0.0,0.0,731.0,0.0,0.0,0.0,0.0,731.0,731.0,True
2025-03-10 10:28:30,S05,Canteen,25.05,54.1,989.0,ok,25.003,0.094,0.537,54.38,0.324,-0.56,983.067,6.258,0.613,-0.02,-9.0,969.0,994.0,False
2025-03-10 10:28:30,S06,Study-Hall,22.45,41.6,846.0,ok,22.394,0.075,0.573,41.437,0.306,0.307,858.733,6.802,-1.377,0.02,-10.0,846.0,874.0,False
2025-03-10 10:28:40,S01,Lecture-101,21.98,41.9,757.0,ok,22.143,0.133,-1.302,42.017,0.509,-0.249,841.267,49.987,-1.811,-0.03,-29.0,757.0,929.0,False
2025-03-10 10:28:40,S02,Lab-201,22.69,42.8,843.0,ok,22.564,0.082,1.333,42.68,0.308,0.233,827.733,9.791,1.462,0.17,6.0,828.0,850.0,False
2025-03-10 10:28:40,S03,Lab-305,22.88,43.8,1070.0,ok,22.956,0.091,-0.813,44.11,0.495,-0.677,1139.5,38.194,-1.962,0.01,-29.0,1070.0,1204.0,False
2025-03-10 10:28:40,S04,Library-1F,21.68,39.3,731.0,ok,21.68,0.0,0.0,39.3,0.0,0.0,731.0,0.0,0.0,0.0,0.0,731.0,731.0,True
2025-03-10 10:28:40,S05,Canteen,25.14,54.6,977.0,ok,25.009,0.097,1.373,54.383,0.326,0.44,983.233,6.015,-0.607,-0.13,-4.0,969.0,994.0,False
2025-03-10 10:28:40,S06,Study-Hall,22.43,40.7,851.0,ok,22.397,0.075,0.36,41.417,0.333,-1.473,858.2,6.759,-0.773,0.02,-3.0,846.0,874.0,False
2025-03-10 10:28:50,S01,Lecture-101,21.92,41.1,757.0,ok,22.126,0.128,-1.674,41.987,0.535,-1.802,835.533,49.438,-1.686,-0.13,-37.0,757.0,916.0,False
2025-03-10 10:28:50,S02,Lab-201,22.57,42.1,848.0,ok,22.562,0.082,0.063,42.663,0.325,-1.16,829.0,9.875,2.027,0.15,11.0,828.0,850.0,False
2025-03-10 10:28:50,S03,Lab-305,22.88,44.5,1072.0,ok,22.957,0.09,-0.757,44.16,0.453,0.78,1135.3,38.466,-1.767,-0.08,-32.0,1070.0,1204.0,False
2025-03-10 10:28:50,S04,Library-1F,21.68,39.3,731.0,ok,21.68,0.0,0.0,39.3,0.0,0.0,731.0,0.0,0.0,0.0,0.0,731.0,731.0,True
2025-03-10 10:28:50,S05,Canteen,24.92,54.6,986.0,ok,25.004,0.098,-0.887,54.39,0.328,0.433,983.467,5.981,0.277,-0.01,5.0,969.0,994.0,False
2025-03-10 10:28:50,S06,Study-Hall,22.43,40.6,848.0,filled,22.398,0.075,0.33,41.373,0.352,-1.633,857.333,6.315,-1.02,0.0,-7.0,846.0,868.0,False
2025-03-10 10:29:00,S01,Lecture-101,21.89,41.2,748.0,ok,22.114,0.133,-1.839,41.923,0.511,-1.469,829.933,49.524,-1.771,-0.08,-29.0,748.0,916.0,False
2025-03-10 10:29:00,S02,Lab-201,22.64,42.8,848.0,ok,22.571,0.074,0.78,42.66,0.323,0.273,830.167,9.986,1.9,0.16,14.0,831.0,850.0,False
2025-03-10 10:29:00,S03,Lab-305,22.95,44.0,1075.0,ok,22.951,0.084,-0.067,44.157,0.454,-0.32,1131.167,38.045,-1.568,0.02,-32.0,1070.0,1204.0,False
2025-03-10 10:29:00,S04,Library-1F,21.68,39.3,731.0,ok,21.68,0.0,0.0,39.3,0.0,0.0,731.0,0.0,0.0,0.0,0.0,731.0,731.0,True
2025-03-10 10:29:00,S05,Canteen,25.11,53.6,973.0,ok,25.004,0.098,1.057,54.34,0.331,-1.58,983.233,6.252,-1.047,0.05,-3.0,969.0,994.0,False
2025-03-10 10:29:00,S06,Study-Hall,22.41,41.4,845.0,ok,22.393,0.068,0.12,41.377,0.352,0.053,856.7,6.571,-1.233,0.0,-6.0,845.0,868.0,False
2025-03-10 10:29:10,S01,Lecture-101,21.9,41.1,745.0,ok,22.101,0.134,-1.608,41.867,0.505,-1.611,824.233,49.115,-1.715,-0.11,-38.0,745.0,913.0,False
2025-03-10 10:29:10,S02,Lab-201,22.82,43.4,840.0,ok,22.579,0.087,2.49,42.687,0.35,1.48,830.933,9.822,0.983,0.13,14.0,831.0,850.0,False
2025-03-10 10:29:10,S03,Lab-305,22.98,44.5,1072.0,ok,22.954,0.083,0.293,44.193,0.435,0.687,1126.767,36.949,-1.555,-0.01,-32.0,1070.0,1183.0,False
2025-03-10 10:29:10,S04,Library-1F,21.68,39.3,731.0,ok,21.68,0.0,0.0,39.3,0.0,0.0,731.0,0.0,0.0,0.0,0.0,731.0,731.0,True
2025-03-10 10:29:10,S05,Canteen,25.08,55.2,979.0,ok,25.008,0.099,0.757,54.367,0.366,1.72,982.867,6.163,-0.423,0.03,0.0,969.0,994.0,False
2025-03-10 10:29:10,S06,Study-Hall,22.37,41.3,852.0,ok,22.395,0.066,-0.227,41.377,0.352,-0.153,856.333,6.514,-0.47,-0.01,-3.0,845.0,868.0,False
2025-03-10 10:29:20,S01,Lecture-101,21.94,42.3,741.0,ok,22.089,0.132,-1.198,41.843,0.465,0.859,818.5,48.43,-1.695,-0.07,-38.0,741.0,903.0,False
2025-03-10 10:29:20,S02,Lab-201,22.74,42.4,847.0,ok,22.583,0.092,1.61,42.683,0.352,-0.573,831.967,9.828,1.607,0.09,12.0,831.0,850.0,False
2025-03-10 10:29:20,S03,Lab-305,22.97,44.3,1060.0,ok,22.952,0.082,0.163,44.2,0.435,0.213,1122.667,37.316,-1.807,-0.03,-12.0,1060.0,1181.0,False
2025-03-10 10:29:20,S04,Library-1F,21.68,39.3,731.0,ok,21.68,0.0,0.0,39.3,0.0,0.0,731.0,0.0,0.0,0.0,0.0,731.0,731.0,True
2025-03-10 10:29:20,S05,Canteen,24.92,54.7,989.0,ok,25.004,0.1,-0.88,54.373,0.37,0.667,982.867,6.163,0.613,0.04,1.0,969.0,994.0,False
2025-03-10 10:29:20,S06,Study-Hall,22.37,40.9,856.0,filled,22.392,0.066,-0.247,41.363,0.362,-0.953,856.033,6.305,-0.033,-0.04,1.0,845.0,868.0,False
2025-03-10 10:29:30,S01,Lecture-101,21.94,41.2,724.0,ok,22.078,0.131,-1.129,41.823,0.48,-1.287,812.533,48.687,-1.951,-0.03,-32.0,724.0,901.0,False
2025-03-10 10:29:30,S02,Lab-201,22.58,42.2,853.0,ok,22.587,0.09,-0.033,42.657,0.358,-0.967,833.033,10.321,2.103,0.09,5.0,831.0,853.0,False
2025-03-10 10:29:30,S03,Lab-305,22.9,44.1,1050.0,ok,22.949,0.083,-0.523,44.207,0.431,-0.2,1118.467,38.187,-1.947,-0.03,-21.0,1050.0,1181.0,False
2025-03-10 10:29:30,S04,Library-1F,21.68,39.3,731.0,ok,21.68,0.0,0.0,39.3,0.0,0.0,731.0,0.0,0.0,0.0,0.0,731.0,731.0,True
2025-03-10 10:29:30,S05,Canteen,25.06,55.2,985.0,ok,25.013,0.092,0.56,54.407,0.398,1.653,982.767,6.101,0.213,0.01,7.0,969.0,994.0,False
2025-03-10 10:29:30,S06,Study-Hall,22.41,41.6,852.0,ok,22.4,0.052,0.177,41.373,0.365,0.473,855.5,5.923,-0.403,-0.04,4.0,845.0,868.0,False
2025-03-10 10:29:40,S01,Lecture-101,21.91,40.5,740.0,ok,22.064,0.124,-1.288,41.77,0.534,-2.647,807.167,47.457,-1.49,-0.03,-33.0,724.0,890.0,False
2025-03-10 10:29:40,S02,Lab-201,22.58,42.5,834.0,ok,22.59,0.088,-0.067,42.643,0.356,-0.313,833.567,9.923,0.094,-0.07,4.0,831.0,853.0,False
2025-03-10 10:29:40,S03,Lab-305,22.99,43.7,1056.0,ok,22.949,0.083,0.407,44.183,0.44,-1.013,1114.3,37.947,-1.636,-0.02,-23.0,1050.0,1174.0,False
2025-03-10 10:29:40,S04,Library-1F,21.68,39.3,731.0,ok,21.68,0.0,0.0,39.3,0.0,0.0,731.0,0.0,0.0,0.0,0.0,731.0,731.0,True
2025-03-10 10:29:40,S05,Canteen,25.08,55.1,982.0,ok,25.021,0.086,0.67,54.44,0.413,1.387,983.0,5.925,-0.077,0.01,8.0,969.0,994.0,False
2025-03-10 10:29:40,S06,Study-Hall,22.45,41.0,861.0,ok,22.401,0.053,0.5,41.357,0.37,-0.747,855.6,5.992,0.55,-0.02,5.0,845.0,868.0,False
2025-03-10 10:29:50,S02,Lab-201,22.55,42.9,834.0,ok,22.59,0.088,-0.397,42.663,0.353,0.513,834.2,9.283,0.043,-0.05,-14.0,831.0,853.0,False
2025-03-10 10:29:50,S03,Lab-305,22.99,44.8,1041.0,ok,22.946,0.078,0.407,44.21,0.452,1.233,1110.033,38.772,-1.932,0.11,-22.0,1041.0,1174.0,False
2025-03-10 10:29:50,S04,Library-1F,21.68,39.3,731.0,ok,21.68,0.0,0.0,39.3,0.0,0.0,731.0,0.0,0.0,0.0,0.0,731.0,731.0,True
2025-03-10 10:29:50,S05,Canteen,24.86,54.7,980.0,ok,25.016,0.091,-1.61,54.457,0.413,0.52,982.533,5.569,-0.3,0.01,-4.0,969.0,993.0,False
2025-03-10 10:29:50,S06,Study-Hall,22.41,41.7,846.0,ok,22.398,0.05,0.093,41.367,0.375,0.687,854.867,5.764,-0.96,-0.02,4.0,845.0,868.0,False
2025-03-10 10:30:00,S01,Lecture-101,21.91,40.5,748.0,ok,22.054,0.125,-1.238,41.693,0.546,-2.379,802.433,45.968,-1.247,-0.034,-14.571,724.0,879.0,False
2025-03-10 10:30:00,S02,Lab-201,22.68,42.0,848.0,ok,22.59,0.088,0.903,42.63,0.367,-1.327,835.033,9.364,1.38,-0.06,-14.0,834.0,853.0,False
2025-03-10 10:30:00,S03,Lab-305,23.01,43.9,1045.0,ok,22.951,0.076,0.643,44.18,0.441,-0.62,1105.733,38.586,-1.677,0.11,-27.0,1041.0,1172.0,False
2025-03-10 10:30:00,S04,Library-1F,21.68,39.3,731.0,ok,21.68,0.0,0.0,39.3,0.0,0.0,731.0,0.0,0.0,0.0,0.0,731.0,731.0,True
2025-03-10 10:30:00,S05,Canteen,25.0,54.9,982.0,ok,25.017,0.091,-0.157,54.497,0.395,0.887,982.167,5.207,-0.053,-0.11,5.0,969.0,991.0,False
2025-03-10 10:30:00,S06,Study-Hall,22.39,41.5,849.0,ok,22.396,0.049,-0.083,41.367,0.375,0.267,854.367,5.592,-0.587,-0.02,1.0,845.0,868.0,False
2025-03-10 10:29:50,S01,Lecture-101,22.03,41.3,736.0,ok,22.058,0.122,-0.273,41.72,0.503,-0.88,802.033,46.507,-1.5,-0.01,-21.0,724.0,879.0,False
2025-03-10 10:30:10,S01,Lecture-101,22.01,41.4,724.0,ok,22.039,0.112,-0.312,41.607,0.483,-0.479,792.667,44.721,-1.624,0.11,-12.0,724.0,875.0,False
2025-03-10 10:30:10,S02,Lab-201,22.54,42.4,843.0,ok,22.589,0.088,-0.497,42.623,0.369,-0.46,835.767,9.085,0.797,-0.09,-5.0,834.0,853.0,False
2025-03-10 10:30:10,S03,Lab-305,22.83,44.5,1039.0,ok,22.945,0.078,-1.213,44.183,0.443,0.64,1101.633,38.935,-1.729,0.04,-31.0,1039.0,1172.0,False
2025-03-10 10:30:10,S04,Library-1F,21.68,39.3,731.0,ok,21.68,0.0,0.0,39.3,0.0,0.0,731.0,0.0,0.0,0.0,0.0,731.0,731.0,True
2025-03-10 10:30:10,S05,Canteen,25.01,54.4,977.0,ok,25.018,0.091,-0.067,54.507,0.389,-0.193,981.767,5.124,-0.517,-0.08,1.0,969.0,991.0,False
2025-03-10 10:30:10,S06,Study-Hall,22.36,41.9,860.0,ok,22.396,0.049,-0.357,41.363,0.37,1.067,854.467,5.667,0.563,-0.02,1.0,845.0,868.0,False
2025-03-10 10:30:20,S01,Lecture-101,21.86,41.3,712.0,ok,22.028,0.114,-1.592,41.59,0.485,-0.613,787.233,44.272,-1.804,0.01,-21.0,712.0,868.0,False
2025-03-10 10:30:20,S02,Lab-201,22.6,42.9,852.0,ok,22.591,0.088,0.107,42.633,0.373,0.553,836.5,9.482,1.623,-0.14,1.0,834.0,853.0,False
2025-03-10 10:30:20,S03,Lab-305,22.85,43.9,1028.0,ok,22.941,0.08,-0.953,44.177,0.446,-0.567,1097.1,39.338,-1.891,-0.12,-33.0,1028.0,1172.0,False
2025-03-10 10:30:20,S04,Library-1F,21.68,39.3,731.0,ok,21.68,0.0,0.0,39.3,0.0,0.0,731.0,0.0,0.0,0.0,0.0,731.0,731.0,True
2025-03-10 10:30:20,S05,Canteen,25.18,54.5,977.0,ok,25.025,0.094,1.623,54.523,0.377,-0.013,981.533,5.178,-0.477,-0.07,-2.0,973.0,991.0,False
2025-03-10 10:30:20,S06,Study-Hall,22.46,41.3,849.0,ok,22.401,0.047,0.643,41.353,0.367,-0.127,854.367,5.738,-0.547,0.02,-3.0,845.0,868.0,False
2025-03-10 10:30:30,S01,Lecture-101,21.94,40.5,728.0,ok,22.022,0.113,-0.775,41.54,0.518,-2.18,782.567,42.82,-1.338,0.0,-17.0,712.0,862.0,False
2025-03-10 10:30:30,S02,Lab-201,22.58,42.9,836.0,ok,22.593,0.087,-0.11,42.65,0.373,0.533,837.2,8.572,-0.05,-0.16,-4.0,834.0,853.0,False
2025-03-10 10:30:30,S03,Lab-305,22.88,44.2,1033.0,ok,22.937,0.079,-0.613,44.177,0.446,0.047,1092.467,38.386,-1.629,-0.12,-27.0,1028.0,1155.0,False
2025-03-10 10:30:30,S04,Library-1F,21.68,39.3,731.0,ok,21.68,0.0,0.0,39.3,0.0,0.0,731.0,0.0,0.0,0.0,0.0,731.0,731.0,True
2025-03-10 10:30:30,S05,Canteen,24.96,54.8,980.0,ok,25.02,0.094,-0.653,54.527,0.379,0.553,981.367,5.143,-0.153,-0.05,-8.0,973.0,991.0,False
2025-03-10 10:30:30,S06,Study-Hall,22.41,41.6,863.0,ok,22.404,0.045,0.093,41.36,0.37,0.493,854.6,5.946,0.863,0.04,8.0,845.0,868.0,False
2025-03-10 10:30:40,S01,Lecture-101,21.86,41.0,719.0,ok,22.017,0.117,-1.428,41.517,0.526,-1.043,777.8,41.615,-1.485,-0.08,-21.0,712.0,853.0,False
2025-03-10 10:30:40,S02,Lab-201,22.73,41.9,842.0,ok,22.599,0.09,1.37,42.603,0.376,-1.5,837.867,8.114,0.48,0.02,-5.0,834.0,853.0,False
2025-03-10 10:30:40,S03,Lab-305,22.99,44.8,1016.0,ok,22.941,0.079,0.533,44.187,0.457,1.247,1087.833,38.962,-1.992,-0.09,-28.0,1016.0,1151.0,False
2025-03-10 10:30:40,S04,Library-1F,21.68,39.3,731.0,ok,21.68,0.0,0.0,39.3,0.0,0.0,731.0,0.0,0.0,0.0,0.0,731.0,731.0,True
2025-03-10 10:30:40,S05,Canteen,24.9,54.8,988.0,ok,25.018,0.096,-1.203,54.543,0.379,0.547,981.6,5.282,0.663,-0.1,-5.0,973.0,991.0,False
2025-03-10 10:30:40,S06,Study-Hall,22.39,41.3,854.0,ok,22.404,0.045,-0.137,41.343,0.361,-0.12,854.533,5.941,-0.06,0.0,-2.0,845.0,868.0,False
2025-03-10 10:30:50,S01,Lecture-101,21.97,41.2,714.0,ok,22.009,0.112,-0.404,41.493,0.524,-0.602,773.167,40.681,-1.533,0.0,-17.0,712.0,848.0,False
2025-03-10 10:30:50,S02,Lab-201,22.57,42.7,831.0,ok,22.597,0.09,-0.29,42.607,0.377,0.193,837.967,8.006,-0.687,0.0,2.0,831.0,853.0,False
2025-03-10 10:30:50,S03,Lab-305,23.0,44.5,1008.0,ok,22.939,0.077,0.59,44.183,0.454,0.627,1083.067,39.708,-2.049,0.0,-34.0,1008.0,1142.0,False
2025-03-10 10:30:50,S04,Library-1F,21.68,39.3,731.0,ok,21.68,0.0,0.0,39.3,0.0,0.0,731.0,0.0,0.0,0.0,0.0,731.0,731.0,True
2025-03-10 10:30:50,S05,Canteen,24.94,55.2,984.0,ok,25.017,0.097,-0.78,54.583,0.383,1.313,981.633,5.295,0.24,-0.12,2.0,973.0,991.0,False
2025-03-10 10:30:50,S06,Study-Hall,22.56,41.8,855.0,ok,22.411,0.051,1.563,41.353,0.369,0.913,854.567,5.94,0.047,0.0,3.0,845.0,868.0,False
2025-03-10 10:31:00,S01,Lecture-101,21.74,40.4,703.0,ok,21.998,0.121,-2.413,41.45,0.559,-2.087,768.333,40.093,-1.725,-0.05,-26.0,703.0,833.0,False
2025-03-10 10:31:00,S02,Lab-201,22.52,42.0,833.0,ok,22.597,0.09,-0.773,42.583,0.392,-1.213,838.233,7.686,-0.497,-0.01,-1.0,831.0,853.0,False
2025-03-10 10:31:00,S03,Lab-305,22.95,43.8,1021.0,ok,22.94,0.077,0.107,44.147,0.438,-0.767,1079.133,39.821,-1.563,0.0,-29.0,1008.0,1142.0,False
2025-03-10 10:31:00,S04,Library-1F,21.68,39.3,731.0,ok,21.68,0.0,0.0,39.3,0.0,0.0,731.0,0.0,0.0,0.0,0.0,731.0,731.0,True
2025-03-10 10:31:00,S05,Canteen,24.92,54.6,992.0,ok,25.013,0.098,-0.97,54.567,0.371,0.033,982.233,5.418,1.037,-0.08,6.0,977.0,992.0,False
2025-03-10 10:31:00,S06,Study-Hall,22.35,41.4,857.0,ok,22.411,0.051,-0.61,41.343,0.364,0.093,854.567,5.94,0.243,-0.02,6.0,846.0,868.0,False
2025-03-10 10:31:10,S01,Lecture-101,21.91,40.9,710.0,ok,21.988,0.115,-0.727,41.403,0.544,-0.984,764.3,39.656,-1.455,-0.1,-26.0,703.0,833.0,False
2025-03-10 10:31:10,S02,Lab-201,22.54,42.9,844.0,ok,22.597,0.09,-0.573,42.613,0.38,0.633,838.567,7.713,0.577,-0.01,-10.0,831.0,853.0,False
2025-03-10 10:31:10,S03,Lab-305,23.02,44.7,1010.0,ok,22.942,0.078,0.8,44.167,0.45,1.107,1074.733,39.927,-1.736,0.01,-31.0,1008.0,1137.0,False
2025-03-10 10:31:10,S04,Library-1F,21.68,39.3,731.0,ok,21.68,0.0,0.0,39.3,0.0,0.0,731.0,0.0,0.0,0.0,0.0,731.0,731.0,True
2025-03-10 10:31:10,S05,Canteen,24.98,55.3,985.0,ok,25.013,0.098,-0.333,54.603,0.387,1.467,982.367,5.436,0.277,-0.06,5.0,977.0,992.0,False
2025-03-10 10:31:10,S06,Study-Hall,22.61,41.1,851.0,ok,22.417,0.063,1.99,41.35,0.357,-0.487,854.367,5.957,-0.357,0.17,6.0,846.0,868.0,False
2025-03-10 10:31:20,S01,Lecture-101,21.88,40.9,715.0,ok,21.981,0.115,-0.94,41.363,0.535,-0.926,760.667,38.985,-1.243,-0.03,-14.0,703.0,833.0,False
2025-03-10 10:31:20,S02,Lab-201,22.62,42.8,845.0,ok,22.596,0.089,0.23,42.607,0.375,0.373,839.067,7.625,0.643,-0.06,-4.0,831.0,853.0,False
2025-03-10 10:31:20,S03,Lab-305,22.85,43.8,1012.0,ok,22.941,0.078,-0.917,44.147,0.452,-0.733,1070.567,39.727,-1.571,0.1,-27.0,1008.0,1135.0,False
2025-03-10 10:31:20,S04,Library-1F,21.68,39.3,731.0,ok,21.68,0.0,0.0,39.3,0.0,0.0,731.0,0.0,0.0,0.0,0.0,731.0,731.0,True
2025-03-10 10:31:20,S05,Canteen,25.1,54.8,970.0,ok,25.015,0.099,0.867,54.633,0.365,0.393,981.933,5.884,-1.237,-0.03,8.0,970.0,992.0,False
2025-03-10 10:31:20,S06,Study-Hall,22.33,42.1,859.0,ok,22.415,0.065,-0.873,41.357,0.369,1.5,854.1,5.536,0.463,-0.04,8.0,846.0,868.0,False
2025-03-10 10:31:30,S01,Lecture-101,21.92,40.7,701.0,ok,21.969,0.099,-0.531,41.337,0.547,-1.241,756.267,37.975,-1.531,-0.03,-14.0,701.0,819.0,False
2025-03-10 10:31:30,S02,Lab-201,22.63,42.8,850.0,ok,22.6,0.088,0.343,42.613,0.377,0.387,839.967,7.247,1.093,0.04,2.0,831.0,853.0,False
2025-03-10 10:31:30,S03,Lab-305,22.98,44.3,1004.0,ok,22.944,0.078,0.387,44.16,0.451,0.307,1066.267,39.718,-1.676,0.13,-23.0,1004.0,1135.0,False
2025-03-10 10:31:30,S04,Library-1F,21.68,39.3,731.0,ok,21.68,0.0,0.0,39.3,0.0,0.0,731.0,0.0,0.0,0.0,0.0,731.0,731.0,True
2025-03-10 10:31:30,S05,Canteen,25.04,54.4,990.0,ok,25.021,0.094,0.25,54.637,0.362,-0.467,982.367,5.986,0.807,0.03,8.0,970.0,992.0,False
2025-03-10 10:31:30,S06,Study-Hall,22.39,41.4,871.0,ok,22.415,0.065,-0.253,41.337,0.349,0.087,854.567,6.323,1.69,-0.02,-1.0,846.0,871.0,False
2025-03-10 10:31:40,S01,Lecture-101,21.98,41.0,695.0,ok,21.962,0.091,0.113,41.29,0.512,-0.615,752.167,37.72,-1.613,0.06,-18.0,695.0,819.0,False
2025-03-10 10:31:40,S02,Lab-201,22.71,43.4,842.0,ok,22.603,0.09,1.103,42.62,0.389,1.573,840.333,7.053,0.203,0.03,3.0,831.0,853.0,False
2025-03-10 10:31:40,S03,Lab-305,22.91,43.9,1007.0,ok,22.946,0.077,-0.343,44.163,0.448,-0.52,1062.0,38.947,-1.492,0.03,-21.0,1004.0,1123.0,False
2025-03-10 10:31:40,S04,Library-1F,21.68,39.3,731.0,ok,21.68,0.0,0.0,39.3,0.0,0.0,731.0,0.0,0.0,0.0,0.0,731.0,731.0,True
2025-03-10 10:31:40,S05,Canteen,24.93,54.9,990.0,ok,25.018,0.096,-0.913,54.647,0.366,0.527,982.567,6.14,0.763,0.08,10.0,970.0,992.0,False
2025-03-10 10:31:40,S06,Study-Hall,22.22,41.9,868.0,ok,22.406,0.072,-1.95,41.363,0.361,1.127,854.567,6.323,1.343,-0.08,14.0,846.0,871.0,False
2025-03-10 10:31:50,S01,Lecture-101,21.89,40.7,691.0,ok,21.954,0.086,-0.72,41.25,0.51,-1.152,748.133,37.57,-1.622,-0.02,-24.0,691.0,819.0,False
2025-03-10 10:31:50,S02,Lab-201,22.61,42.9,854.0,ok,22.606,0.089,0.07,42.643,0.384,0.56,840.967,7.402,1.367,0.05,14.0,831.0,854.0,False
2025-03-10 10:31:50,S03,Lab-305,22.84,44.4,999.0,ok,22.941,0.079,-1.057,44.173,0.45,0.473,1057.933,38.944,-1.618,-0.08,-12.0,999.0,1123.0,False
2025-03-10 10:31:50,S04,Library-1F,21.68,39.3,731.0,ok,21.68,0.0,0.0,39.3,0.0,0.0,731.0,0.0,0.0,0.0,0.0,731.0,731.0,True
2025-03-10 10:31:50,S05,Canteen,25.12,54.7,984.0,ok,25.022,0.097,1.02,54.647,0.366,0.107,982.5,6.112,0.143,0.1,6.0,970.0,992.0,False
2025-03-10 10:31:50,S06,Study-Hall,22.5,41.1,851.0,ok,22.413,0.071,0.94,41.357,0.364,-0.527,854.3,6.298,-0.357,-0.02,13.0,849.0,871.0,False
2025-03-10 10:32:00,S01,Lecture-101,21.76,40.9,682.0,ok,21.943,0.09,-1.94,41.233,0.513,-0.687,743.567,36.981,-1.76,0.03,-23.0,682.0,806.0,False
2025-03-10 10:32:00,S03,Lab-305,22.82,44.9,993.0,ok,22.942,0.078,-1.213,44.223,0.445,1.453,1053.8,39.039,-1.667,-0.15,-17.0,993.0,1123.0,False
2025-03-10 10:32:00,S04,Library-1F,21.68,39.3,731.0,ok,21.68,0.0,0.0,39.3,0.0,0.0,731.0,0.0,0.0,0.0,0.0,731.0,731.0,True
2025-03-10 10:32:00,S05,Canteen,24.96,54.9,972.0,ok,25.022,0.097,-0.62,54.657,0.368,0.507,981.867,6.185,-1.05,0.04,-4.0,970.0,992.0,False
2025-03-10 10:32:00,S06,Study-Hall,22.45,41.1,876.0,ok,22.413,0.071,0.37,41.343,0.365,-0.513,854.933,7.432,2.17,0.06,13.0,849.0,876.0,False
2025-03-10 10:32:10,S01,Lecture-101,21.89,40.8,692.0,ok,21.936,0.085,-0.533,41.217,0.519,-0.845,739.767,36.193,-1.394,-0.02,-19.0,682.0,806.0,False
2025-03-10 10:32:10,S02,Lab-201,22.61,42.1,842.0,filled,22.608,0.088,0.043,42.617,0.393,-1.087,841.433,6.986,0.103,0.034,7.714,831.0,854.0,False
2025-03-10 10:32:10,S03,Lab-305,23.08,44.2,989.0,ok,22.946,0.082,1.38,44.24,0.434,-0.047,1049.333,38.51,-1.66,-0.16,-17.0,989.0,1119.0,False
2025-03-10 10:32:10,S04,Library-1F,21.68,39.3,731.0,ok,21.68,0.0,0.0,39.3,0.0,0.0,731.0,0.0,0.0,0.0,0.0,731.0,731.0,True
2025-03-10 10:32:10,S05,Canteen,24.98,55.0,986.0,ok,25.019,0.097,-0.42,54.667,0.374,0.687,981.833,6.159,0.413,0.04,-1.0,970.0,992.0,False
2025-03-10 10:32:10,S06,Study-Hall,22.46,40.8,866.0,ok,22.418,0.07,0.467,41.327,0.379,-1.087,855.133,7.651,1.107,-0.1,11.0,849.0,876.0,False
2025-03-10 10:32:00,S02,Lab-201,22.65,42.5,845.0,ok,22.61,0.088,0.443,42.63,0.382,-0.287,841.533,7.016,0.403,0.08,12.0,831.0,854.0,False
2025-03-10 10:32:20,S01,Lecture-101,21.87,40.9,677.0,ok,21.934,0.086,-0.663,41.173,0.487,-0.611,735.467,35.712,-1.734,-0.01,-28.0,677.0,802.0,False
2025-03-10 10:32:20,S02,Lab-201,22.6,43.7,837.0,ok,22.609,0.088,-0.09,42.663,0.435,2.167,841.9,6.769,-0.483,0.11,-2.0,831.0,854.0,False
2025-03-10 10:32:20,S03,Lab-305,23.03,44.2,998.0,ok,22.941,0.072,0.843,44.23,0.431,-0.08,1045.3,37.279,-1.333,0.08,-19.0,989.0,1108.0,False
2025-03-10 10:32:20,S04,Library-1F,21.68,39.3,731.0,ok,21.68,0.0,0.0,39.3,0.0,0.0,731.0,0.0,0.0,0.0,0.0,731.0,731.0,True
2025-03-10 10:32:20,S05,Canteen,24.96,54.5,985.0,ok,25.012,0.093,-0.59,54.66,0.375,-0.333,981.967,6.184,0.317,-0.02,0.0,970.0,992.0,False
2025-03-10 10:32:20,S06,Study-Hall,22.27,41.9,874.0,ok,22.413,0.075,-1.477,41.343,0.393,1.147,855.967,8.294,1.887,0.1,17.0,851.0,876.0,False
2025-03-10 10:32:30,S01,Lecture-101,21.93,41.0,669.0,ok,21.929,0.081,-0.04,41.153,0.481,-0.347,731.033,35.422,-1.861,-0.02,-33.0,669.0,794.0,False
2025-03-10 10:32:30,S02,Lab-201,22.56,42.3,836.0,ok,22.612,0.085,-0.49,42.66,0.438,-0.727,841.867,6.796,-0.59,-0.02,-8.0,831.0,854.0,False
2025-03-10 10:32:30,S03,Lab-305,22.99,44.9,984.0,ok,22.941,0.072,0.49,44.253,0.448,1.34,1041.167,36.96,-1.644,0.05,-21.0,984.0,1107.0,False
2025-03-10 10:32:30,S04,Library-1F,21.68,39.3,731.0,ok,21.68,0.0,0.0,39.3,0.0,0.0,731.0,0.0,0.0,0.0,0.0,731.0,731.0,True
2025-03-10 10:32:30,S05,Canteen,25.04,55.3,985.0,ok,25.014,0.093,0.283,54.69,0.389,1.28,981.8,6.025,0.303,-0.06,0.0,970.0,992.0,False
2025-03-10 10:32:40,S01,Lecture-101,21.85,39.7,656.0,ok,21.924,0.082,-0.79,41.09,0.542,-2.907,726.433,35.92,-2.118,-0.05,-32.0,656.0,794.0,False
2025-03-10 10:32:40,S02,Lab-201,22.68,43.1,839.0,ok,22.618,0.082,0.683,42.673,0.445,0.88,841.933,6.757,-0.287,-0.03,-8.0,831.0,854.0,False
2025-03-10 10:32:40,S03,Lab-305,23.04,44.5,980.0,ok,22.948,0.072,0.987,44.267,0.449,0.493,1037.233,36.982,-1.655,0.12,-23.0,980.0,1107.0,False
2025-03-10 10:32:40,S04,Library-1F,21.68,39.3,731.0,ok,21.68,0.0,0.0,39.3,0.0,0.0,731.0,0.0,0.0,0.0,0.0,731.0,731.0,True
2025-03-10 10:32:40,S05,Canteen,25.05,54.5,989.0,ok,25.009,0.085,0.357,54.697,0.384,-0.38,982.067,6.164,0.72,0.0,-5.0,970.0,992.0,False
2025-03-10 10:32:40,S06,Study-Hall,22.46,40.6,860.0,ok,22.415,0.075,0.47,41.333,0.408,-1.487,856.033,8.319,0.403,0.06,6.0,851.0,876.0,False
2025-03-10 10:32:30,S06,Study-Hall,22.27,41.3,860.0,filled,22.409,0.079,-1.43,41.357,0.384,-0.087,856.033,8.319,0.403,-0.12,7.0,851.0,876.0,False
2025-03-10 10:32:50,S01,Lecture-101,21.7,40.1,676.0,ok,21.908,0.075,-2.24,41.023,0.536,-1.828,722.767,35.238,-1.404,-0.07,-26.0,656.0,794.0,False
2025-03-10 10:32:50,S02,Lab-201,22.73,43.1,849.0,ok,22.626,0.082,1.117,42.68,0.45,0.853,842.433,6.704,0.707,0.05,-11.0,833.0,854.0,False
2025-03-10 10:32:50,S03,Lab-305,22.85,44.6,971.0,ok,22.944,0.074,-0.98,44.293,0.444,0.667,1032.8,36.673,-1.791,0.08,-24.0,971.0,1107.0,False
2025-03-10 10:32:50,S04,Library-1F,21.68,39.3,731.0,ok,21.68,0.0,0.0,39.3,0.0,0.0,731.0,0.0,0.0,0.0,0.0,731.0,731.0,True
2025-03-10 10:32:50,S05,Canteen,25.04,54.9,989.0,ok,25.008,0.085,0.31,54.703,0.385,0.407,982.4,6.262,0.693,0.0,-1.0,970.0,992.0,False
2025-03-10 10:32:50,S06,Study-Hall,22.46,41.5,862.0,ok,22.409,0.079,0.52,41.337,0.409,0.333,856.467,8.403,0.577,0.07,-8.0,851.0,876.0,False
2025-03-10 10:33:00,S01,Lecture-101,21.81,40.5,670.0,ok,21.904,0.077,-0.977,40.983,0.529,-0.976,719.0,34.611,-1.497,-0.08,-21.0,656.0,794.0,False
2025-03-10 10:33:00,S02,Lab-201,22.47,43.0,853.0,ok,22.628,0.077,-1.557,42.683,0.452,0.64,843.167,6.613,1.057,0.03,4.0,836.0,854.0,False
2025-03-10 10:33:00,S03,Lab-305,22.97,43.7,973.0,ok,22.948,0.073,0.257,44.3,0.433,-1.187,1028.333,35.465,-1.631,0.13,-26.0,971.0,1084.0,False
2025-03-10 10:33:00,S04,Library-1F,21.68,39.3,731.0,ok,21.68,0.0,0.0,39.3,0.0,0.0,731.0,0.0,0.0,0.0,0.0,731.0,731.0,True
2025-03-10 10:33:00,S05,Canteen,25.1,54.3,980.0,ok,25.017,0.079,0.917,54.7,0.389,-0.807,982.4,6.262,-0.24,0.09,5.0,970.0,992.0,False
2025-03-10 10:33:00,S06,Study-Hall,22.43,40.8,861.0,ok,22.409,0.079,0.21,41.323,0.42,-1.073,856.8,8.376,0.453,0.01,-7.0,851.0,876.0,False
2025-03-10 10:33:10,S01,Lecture-101,21.77,39.9,660.0,ok,21.896,0.078,-1.34,40.927,0.551,-2.05,714.533,33.217,-1.705,-0.12,-21.0,656.0,773.0,False
2025-03-10 10:33:10,S02,Lab-201,22.42,42.2,855.0,ok,22.618,0.084,-2.077,42.677,0.458,-0.967,843.833,6.767,1.183,-0.18,8.0,836.0,855.0,False
2025-03-10 10:33:10,S03,Lab-305,22.98,44.4,982.0,ok,22.947,0.072,0.32,44.29,0.427,0.2,1024.933,34.828,-1.306,0.13,-20.0,971.0,1081.0,False
2025-03-10 10:33:10,S04,Library-1F,21.68,39.3,731.0,ok,21.68,0.0,0.0,39.3,0.0,0.0,731.0,0.0,0.0,0.0,0.0,731.0,731.0,True
2025-03-10 10:33:10,S05,Canteen,25.02,54.9,974.0,ok,25.016,0.079,0.027,54.72,0.383,0.4,982.267,6.4,-0.84,0.06,-4.0,970.0,992.0,False
2025-03-10 10:33:10,S06,Study-Hall,22.28,41.9,871.0,ok,22.405,0.082,-1.293,41.36,0.421,1.153,857.567,8.593,1.42,-0.03,-4.0,851.0,876.0,False
2025-03-10 10:33:20,S01,Lecture-101,21.76,41.0,658.0,ok,21.889,0.081,-1.36,40.9,0.526,0.133,710.7,32.871,-1.702,-0.1,-22.0,656.0,773.0,False
2025-03-10 10:33:20,S02,Lab-201,22.57,41.9,852.0,ok,22.615,0.085,-0.48,42.657,0.478,-1.553,844.167,6.919,0.817,-0.18,11.0,836.0,855.0,False
2025-03-10 10:33:20,S03,Lab-305,23.02,43.7,971.0,ok,22.947,0.072,0.733,44.293,0.422,-1.18,1021.267,34.51,-1.549,-0.05,-20.0,971.0,1079.0,False
2025-03-10 10:33:20,S04,Library-1F,21.68,39.3,731.0,ok,21.68,0.0,0.0,39.3,0.0,0.0,731.0,0.0,0.0,0.0,0.0,731.0,731.0,True
2025-03-10 10:33:20,S05,Canteen,25.06,54.2,980.0,ok,25.017,0.079,0.437,54.72,0.383,-1.04,982.633,5.91,-0.227,0.1,-5.0,972.0,992.0,False
2025-03-10 10:33:20,S06,Study-Hall,22.48,40.9,860.0,ok,22.409,0.083,0.75,41.333,0.424,-0.92,857.8,8.56,0.243,-0.02,-13.0,851.0,876.0,False
2025-03-10 10:33:30,S01,Lecture-101,21.78,40.6,656.0,ok,21.883,0.082,-1.09,40.883,0.527,-0.57,706.8,32.157,-1.664,-0.12,-19.0,656.0,757.0,False
2025-03-10 10:33:30,S02,Lab-201,22.58,43.2,849.0,ok,22.614,0.085,-0.353,42.66,0.482,1.087,844.133,6.892,0.483,-0.03,15.0,836.0,855.0,False
2025-03-10 10:33:30,S03,Lab-305,22.88,44.4,973.0,ok,22.944,0.073,-0.673,44.263,0.377,0.213,1017.733,33.815,-1.399,-0.05,-16.0,971.0,1075.0,False
2025-03-10 10:33:30,S04,Library-1F,21.68,39.3,731.0,ok,21.68,0.0,0.0,39.3,0.0,0.0,731.0,0.0,0.0,0.0,0.0,731.0,731.0,True
2025-03-10 10:33:30,S05,Canteen,25.02,55.1,982.0,ok,25.016,0.079,0.03,54.753,0.37,0.76,982.4,5.787,-0.063,0.04,-5.0,972.0,992.0,False
2025-03-10 10:33:30,S06,Study-Hall,22.41,41.5,852.0,ok,22.407,0.083,0.013,41.33,0.422,0.333,858.0,8.342,-0.58,0.14,-6.0,851.0,876.0,False
2025-03-10 10:33:40,S01,Lecture-101,21.78,40.7,645.0,ok,21.877,0.082,-1.033,40.843,0.492,-0.348,703.067,32.626,-1.922,-0.09,-13.0,645.0,757.0,False
2025-03-10 10:33:40,S02,Lab-201,22.58,43.0,863.0,ok,22.61,0.084,-0.337,42.667,0.485,0.68,844.8,7.699,1.887,-0.02,15.0,836.0,863.0,False
2025-03-10 10:33:40,S03,Lab-305,22.98,44.7,963.0,ok,22.947,0.072,0.363,44.293,0.375,0.873,1014.167,33.755,-1.619,-0.05,-13.0,963.0,1075.0,False
2025-03-10 10:33:40,S04,Library-1F,21.68,39.3,731.0,ok,21.68,0.0,0.0,39.3,0.0,0.0,731.0,0.0,0.0,0.0,0.0,731.0,731.0,True
2025-03-10 10:33:40,S05,Canteen,25.09,55.1,989.0,ok,25.014,0.077,0.74,54.77,0.374,0.693,982.8,5.816,0.66,0.02,-3.0,972.0,992.0,False
2025-03-10 10:33:40,S06,Study-Hall,22.26,40.6,862.0,ok,22.402,0.087,-1.473,41.327,0.427,-1.46,858.367,8.265,0.4,0.14,0.0,851.0,876.0,False
2025-03-10 10:33:50,S01,Lecture-101,21.77,40.6,654.0,ok,21.872,0.084,-1.067,40.827,0.491,-0.487,699.633,32.171,-1.504,-0.07,-15.0,645.0,748.0,False
2025-03-10 10:33:50,S02,Lab-201,22.54,43.0,841.0,ok,22.609,0.084,-0.7,42.697,0.477,0.667,844.567,7.704,-0.38,-0.1,10.0,836.0,863.0,False
2025-03-10 10:33:50,S03,Lab-305,23.1,44.6,963.0,ok,22.954,0.076,1.53,44.297,0.377,0.613,1010.533,33.176,-1.516,-0.01,-17.0,963.0,1075.0,False
2025-03-10 10:33:50,S04,Library-1F,21.68,39.3,731.0,ok,21.68,0.0,0.0,39.3,0.0,0.0,731.0,0.0,0.0,0.0,0.0,731.0,731.0,True
2025-03-10 10:33:50,S05,Canteen,24.94,54.8,991.0,ok,25.015,0.076,-0.743,54.777,0.373,0.06,982.967,5.98,0.82,-0.02,0.0,972.0,992.0,False
2025-03-10 10:33:50,S06,Study-Hall,22.38,42.3,850.0,ok,22.4,0.087,-0.217,41.383,0.44,1.947,858.433,8.186,-0.837,-0.08,-8.0,850.0,876.0,False
2025-03-10 10:34:00,S01,Lecture-101,21.8,40.2,650.0,ok,21.869,0.085,-0.717,40.793,0.499,-1.253,696.367,32.066,-1.543,-0.03,-20.0,645.0,748.0,False
2025-03-10 10:34:00,S02,Lab-201,22.62,42.2,857.0,ok,22.608,0.084,0.11,42.677,0.485,-0.993,844.867,8.012,1.243,-0.1,8.0,836.0,863.0,False
2025-03-10 10:34:00,S03,Lab-305,23.06,43.9,963.0,ok,22.958,0.078,1.057,44.293,0.381,-0.793,1006.8,31.951,-1.433,0.09,-10.0,963.0,1072.0,False
2025-03-10 10:34:00,S04,Library-1F,21.68,39.3,731.0,ok,21.68,0.0,0.0,39.3,0.0,0.0,731.0,0.0,0.0,0.0,0.0,731.0,731.0,True
2025-03-10 10:34:00,S05,Canteen,25.01,54.6,983.0,ok,25.012,0.074,-0.05,54.81,0.302,-0.353,983.3,5.676,0.003,-0.04,0.0,974.0,992.0,False
2025-03-10 10:34:00,S06,Study-Hall,22.46,41.4,856.0,ok,22.402,0.087,0.6,41.383,0.44,0.033,858.8,7.801,-0.243,-0.08,-5.0,850.0,876.0,False
2025-03-10 10:34:10,S01,Lecture-101,21.57,40.0,631.0,ok,21.858,0.101,-2.987,40.757,0.516,-1.587,692.567,32.849,-2.038,0.0,-20.0,631.0,748.0,False
2025-03-10 10:34:10,S02,Lab-201,22.71,42.9,857.0,ok,22.605,0.077,1.017,42.66,0.467,0.447,845.433,8.253,1.213,0.15,4.0,836.0,863.0,False
2025-03-10 10:34:10,S03,Lab-305,22.93,44.3,967.0,ok,22.956,0.078,-0.28,44.287,0.379,0.013,1003.3,30.269,-1.246,0.09,-10.0,963.0,1060.0,False
2025-03-10 10:34:10,S04,Library-1F,21.68,39.3,731.0,ok,21.68,0.0,0.0,39.3,0.0,0.0,731.0,0.0,0.0,0.0,0.0,731.0,731.0,True
2025-03-10 10:34:10,S05,Canteen,24.85,54.7,983.0,ok,25.004,0.079,-1.617,54.793,0.294,-0.22,983.433,5.618,-0.03,-0.1,3.0,974.0,992.0,False
2025-03-10 10:34:10,S06,Study-Hall,22.43,41.6,865.0,ok,22.404,0.087,0.283,41.393,0.442,0.433,859.233,7.771,0.62,0.0,-6.0,850.0,876.0,False
2025-03-10 10:34:20,S01,Lecture-101,21.69,39.7,635.0,ok,21.849,0.104,-1.664,40.67,0.463,-2.049,689.033,33.159,-1.752,-0.08,-25.0,631.0,748.0,False
2025-03-10 10:34:20,S02,Lab-201,22.62,42.4,851.0,ok,22.601,0.072,0.153,42.66,0.467,-0.52,845.567,8.312,0.557,0.15,4.0,836.0,863.0,False
2025-03-10 10:34:20,S03,Lab-305,23.01,44.2,957.0,ok,22.958,0.079,0.537,44.283,0.379,-0.173,999.867,29.446,-1.53,0.03,-10.0,957.0,1056.0,False
2025-03-10 10:34:20,S04,Library-1F,21.68,39.3,731.0,ok,21.68,0.0,0.0,39.3,0.0,0.0,731.0,0.0,0.0,0.0,0.0,731.0,731.0,True
2025-03-10 10:34:20,S05,Canteen,25.09,54.4,988.0,ok,25.01,0.078,0.86,54.783,0.302,-0.787,983.4,5.587,0.457,-0.05,3.0,974.0,992.0,False
2025-03-10 10:34:20,S06,Study-Hall,22.46,41.5,872.0,ok,22.407,0.088,0.563,41.413,0.432,0.213,859.767,8.084,1.277,0.03,4.0,850.0,876.0,False
2025-03-10 10:34:30,S01,Lecture-101,21.76,40.5,638.0,ok,21.843,0.104,-0.859,40.647,0.453,-0.34,686.167,33.745,-1.539,-0.08,-23.0,631.0,748.0,False
2025-03-10 10:34:30,S03,Lab-305,22.95,43.9,970.0,ok,22.959,0.078,-0.077,44.277,0.384,-0.767,997.2,28.352,-1.014,-0.03,-6.0,957.0,1056.0,False
2025-03-10 10:34:30,S04,Library-1F,21.68,39.3,731.0,ok,21.68,0.0,0.0,39.3,0.0,0.0,731.0,0.0,0.0,0.0,0.0,731.0,731.0,True
2025-03-10 10:34:30,S05,Canteen,25.25,54.8,985.0,ok,25.016,0.09,2.403,54.77,0.291,0.033,983.4,5.587,0.16,0.07,5.0,974.0,992.0,False
2025-03-10 10:34:30,S06,Study-Hall,22.34,41.5,862.0,ok,22.404,0.089,-0.667,41.41,0.431,0.173,860.1,7.958,0.223,0.02,5.0,850.0,876.0,False
2025-03-10 10:34:40,S01,Lecture-101,21.71,40.1,627.0,ok,21.837,0.106,-1.285,40.633,0.463,-1.093,682.4,33.835,-1.753,-0.07,-21.0,627.0,748.0,False
2025-03-10 10:34:40,S02,Lab-201,22.52,43.7,855.0,ok,22.599,0.074,-0.807,42.71,0.496,2.08,845.633,8.381,0.943,0.043,2.571,839.0,863.0,False
2025-03-10 10:34:40,S03,Lab-305,22.79,44.3,959.0,ok,22.953,0.084,-1.693,44.297,0.368,0.047,993.967,26.909,-1.347,-0.03,-12.0,957.0,1045.0,False
2025-03-10 10:34:40,S04,Library-1F,21.68,39.3,731.0,ok,21.68,0.0,0.0,39.3,0.0,0.0,731.0,0.0,0.0,0.0,0.0,731.0,731.0,True
2025-03-10 10:34:40,S05,Canteen,25.12,53.9,974.0,ok,25.017,0.091,1.04,54.73,0.325,-1.74,983.133,5.841,-0.94,0.06,3.0,974.0,992.0,False
2025-03-10 10:34:40,S06,Study-Hall,22.49,40.7,865.0,ok,22.406,0.09,0.857,41.4,0.444,-1.42,860.233,8.007,0.49,0.05,5.0,850.0,876.0,False
2025-03-10 10:34:50,S01,Lecture-101,21.71,39.9,626.0,ok,21.826,0.102,-1.198,40.587,0.464,-1.467,678.733,33.786,-1.667,-0.07,-27.0,626.0,748.0,False
2025-03-10 10:34:50,S02,Lab-201,22.69,43.5,850.0,ok,22.602,0.076,0.913,42.743,0.514,1.58,846.167,8.12,0.437,0.034,-0.857,841.0,863.0,False
2025-03-10 10:34:50,S03,Lab-305,23.01,43.9,965.0,ok,22.953,0.084,0.573,44.267,0.362,-0.793,991.433,25.887,-1.076,-0.03,2.0,957.0,1045.0,False
2025-03-10 10:34:50,S04,Library-1F,21.68,39.3,731.0,ok,21.68,0.0,0.0,39.3,0.0,0.0,731.0,0.0,0.0,0.0,0.0,731.0,731.0,True
2025-03-10 10:34:50,S05,Canteen,25.21,54.6,980.0,ok,25.029,0.092,1.927,54.727,0.326,-0.26,983.133,5.841,-0.313,0.19,-9.0,974.0,992.0,False
2025-03-10 10:34:50,S06,Study-Hall,22.37,41.0,860.0,ok,22.404,0.09,-0.357,41.377,0.446,-0.8,860.7,7.544,-0.023,-0.01,10.0,850.0,876.0,False
2025-03-10 10:35:00,S01,Lecture-101,21.84,40.3,636.0,ok,21.824,0.1,0.138,40.58,0.467,-0.573,675.0,32.01,-1.265,-0.07,-23.0,626.0,728.0,False
2025-03-10 10:35:00,S02,Lab-201,22.55,43.0,847.0,ok,22.602,0.076,-0.523,42.747,0.516,0.499,846.6,7.789,0.083,-0.026,0.857,841.0,863.0,False
2025-03-10 10:35:00,S03,Lab-305,22.99,44.8,965.0,ok,22.953,0.084,0.367,44.297,0.368,1.067,988.767,24.247,-1.021,-0.07,2.0,957.0,1039.0,False
2025-03-10 10:35:00,S04,Library-1F,21.73,39.5,724.0,ok,21.682,0.009,0.5,39.307,0.037,0.4,730.767,1.278,-0.7,0.0,0.0,724.0,731.0,False
2025-03-10 10:35:00,S05,Canteen,25.12,54.3,986.0,ok,25.033,0.094,0.91,54.707,0.333,-0.853,983.267,5.86,0.287,0.11,-9.0,974.0,992.0,False
2025-03-10 10:35:00,S06,Study-Hall,22.41,41.6,852.0,ok,22.405,0.09,0.057,41.38,0.448,0.447,860.8,7.402,-0.87,0.03,4.0,850.0,876.0,False
2025-03-10 10:34:30,S02,Lab-201,22.63,42.5,863.0,ok,22.602,0.073,0.293,42.67,0.46,-0.32,845.9,8.806,1.743,0.06,5.0,839.0,863.0,False
2025-03-10 10:35:10,S01,Lecture-101,21.85,40.6,640.0,ok,21.818,0.094,0.262,40.553,0.441,0.04,672.2,31.24,-1.093,0.07,-14.0,626.0,728.0,False
2025-03-10 10:35:10,S02,Lab-201,22.62,43.1,851.0,ok,22.603,0.074,0.193,42.787,0.497,0.673,847.367,8.336,0.39,0.0,-7.0,841.0,863.0,False
2025-03-10 10:35:10,S03,Lab-305,22.86,44.2,964.0,ok,22.954,0.083,-0.927,44.287,0.366,-0.193,986.267,22.706,-1.021,-0.07,2.0,957.0,1033.0,False
2025-03-10 10:35:10,S04,Library-1F,21.66,39.2,722.0,ok,21.681,0.01,-0.217,39.303,0.041,-0.213,730.467,2.047,-0.877,0.0,-7.0,722.0,731.0,False
2025-03-10 10:35:10,S05,Canteen,25.03,54.9,985.0,ok,25.034,0.094,-0.03,54.723,0.33,0.387,983.533,5.746,0.173,0.18,2.0,974.0,992.0,False
2025-03-10 10:35:10,S06,Study-Hall,22.46,41.1,862.0,ok,22.408,0.09,0.55,41.353,0.439,-0.56,860.867,7.403,0.12,-0.02,4.0,850.0,876.0,False
2025-03-10 10:35:20,S01,Lecture-101,21.81,40.2,642.0,ok,21.817,0.094,-0.083,40.517,0.422,-0.707,669.867,30.776,-0.967,0.15,5.0,626.0,728.0,False
2025-03-10 10:35:20,S02,Lab-201,22.6,42.7,851.0,filled,22.603,0.074,-0.033,42.78,0.497,-0.173,847.333,8.318,0.363,-0.02,-6.0,841.0,863.0,False
2025-03-10 10:35:20,S03,Lab-305,22.9,44.6,956.0,ok,22.955,0.081,-0.537,44.31,0.363,0.627,983.867,21.935,-1.333,-0.11,1.0,956.0,1033.0,False
2025-03-10 10:35:20,S04,Library-1F,21.77,39.3,715.0,ok,21.684,0.019,0.89,39.303,0.041,-0.007,729.933,3.483,-1.547,0.05,-9.0,715.0,731.0,False
2025-03-10 10:35:20,S05,Canteen,25.23,55.9,990.0,ok,25.035,0.097,1.963,54.77,0.391,2.353,983.967,5.726,0.647,0.11,3.0,974.0,992.0,False
2025-03-10 10:35:20,S06,Study-Hall,22.42,41.1,852.0,ok,22.407,0.089,0.117,41.347,0.442,-0.507,860.967,7.256,-0.887,-0.04,-13.0,850.0,876.0,False
2025-03-10 10:35:30,S01,Lecture-101,21.83,40.6,649.0,ok,21.813,0.091,0.133,40.52,0.422,0.167,667.233,28.956,-0.678,0.14,7.0,626.0,719.0,False
2025-03-10 10:35:30,S02,Lab-201,22.73,42.8,847.0,ok,22.608,0.077,1.267,42.777,0.497,0.04,847.7,8.039,-0.033,-0.01,-6.0,841.0,863.0,False
2025-03-10 10:35:30,S03,Lab-305,22.92,44.1,953.0,ok,22.957,0.08,-0.353,44.307,0.365,-0.42,981.2,20.577,-1.407,-0.05,-11.0,953.0,1021.0,False
2025-03-10 10:35:30,S04,Library-1F,21.74,39.8,733.0,ok,21.686,0.022,0.56,39.32,0.1,0.993,730.0,3.523,0.307,0.06,-9.0,715.0,733.0,False
2025-03-10 10:35:30,S05,Canteen,25.13,55.3,980.0,ok,25.041,0.097,0.947,54.787,0.402,1.06,983.967,5.726,-0.397,0.04,0.0,974.0,992.0,False
2025-03-10 10:35:30,S06,Study-Hall,22.35,40.8,860.0,ok,22.405,0.09,-0.57,41.32,0.45,-1.093,860.867,7.248,-0.097,-0.01,-5.0,850.0,876.0,False
2025-03-10 10:35:40,S01,Lecture-101,21.86,40.2,645.0,ok,21.813,0.091,0.47,40.493,0.416,-0.64,664.767,27.51,-0.768,0.12,10.0,626.0,715.0,False
2025-03-10 10:35:40,S02,Lab-201,22.7,43.0,844.0,ok,22.607,0.076,0.917,42.813,0.47,0.447,847.767,7.999,-0.37,0.08,-8.0,841.0,863.0,False
2025-03-10 10:35:40,S03,Lab-305,22.99,44.7,941.0,ok,22.957,0.08,0.333,44.303,0.361,0.787,978.7,20.758,-1.954,-0.03,-6.0,941.0,1021.0,False
2025-03-10 10:35:40,S04,Library-1F,21.71,40.3,732.0,ok,21.687,0.022,0.24,39.353,0.205,1.96,730.033,3.538,0.2,0.06,1.0,715.0,733.0,False
2025-03-10 10:35:40,S05,Canteen,25.02,54.5,975.0,ok,25.045,0.093,-0.21,54.777,0.406,-0.573,983.533,5.9,-0.897,0.01,-5.0,974.0,992.0,False
2025-03-10 10:35:40,S06,Study-Hall,22.64,41.9,877.0,ok,22.413,0.1,2.35,41.34,0.462,1.16,861.633,7.699,1.613,-0.04,-5.0,850.0,877.0,False
2025-03-10 10:35:50,S01,Lecture-101,21.77,40.2,650.0,ok,21.806,0.086,-0.43,40.46,0.397,-0.587,662.633,26.001,-0.537,0.12,22.0,626.0,715.0,False
2025-03-10 10:35:50,S02,Lab-201,22.59,42.8,844.0,ok,22.608,0.075,-0.173,42.817,0.469,-0.027,848.2,7.388,-0.377,0.07,-11.0,844.0,863.0,False
2025-03-10 10:35:50,S03,Lab-305,22.92,44.6,943.0,ok,22.954,0.08,-0.367,44.307,0.363,0.593,976.533,20.986,-1.72,-0.03,-22.0,941.0,1021.0,False
2025-03-10 10:35:50,S04,Library-1F,21.66,39.7,732.0,ok,21.686,0.023,-0.27,39.367,0.214,0.693,730.067,3.552,0.197,0.03,1.0,715.0,733.0,False
2025-03-10 10:35:50,S05,Canteen,25.07,54.3,987.0,ok,25.049,0.091,0.25,54.747,0.407,-0.953,983.633,5.933,0.347,-0.14,0.0,974.0,992.0,False
2025-03-10 10:35:50,S06,Study-Hall,22.38,41.6,859.0,ok,22.407,0.096,-0.333,41.333,0.457,0.52,861.767,7.614,-0.263,0.01,-2.0,852.0,877.0,False
2025-03-10 10:36:00,S01,Lecture-101,21.98,40.5,658.0,ok,21.814,0.091,1.737,40.463,0.397,0.08,661.133,24.865,-0.178,0.15,23.0,626.0,715.0,False
2025-03-10 10:36:00,S02,Lab-201,22.46,43.5,850.0,ok,22.606,0.078,-1.48,42.867,0.459,1.367,848.767,6.811,0.18,0.04,-6.0,844.0,863.0,False
2025-03-10 10:36:00,S03,Lab-305,22.84,44.9,927.0,ok,22.95,0.082,-1.14,44.343,0.365,1.187,973.4,21.134,-2.36,-0.07,-24.0,927.0,1012.0,False
2025-03-10 10:36:00,S04,Library-1F,21.69,39.5,730.0,ok,21.687,0.022,0.037,39.373,0.215,0.267,730.033,3.548,-0.007,0.01,1.0,715.0,733.0,False
2025-03-10 10:36:00,S05,Canteen,24.96,54.8,987.0,ok,25.051,0.09,-0.893,54.753,0.406,0.107,983.467,5.758,0.337,-0.1,7.0,974.0,991.0,False
2025-03-10 10:36:00,S06,Study-Hall,22.41,41.8,865.0,ok,22.409,0.095,0.027,41.347,0.464,0.933,862.033,7.582,0.323,0.0,5.0,852.0,877.0,False
2025-03-10 10:36:10,S01,Lecture-101,21.73,40.3,669.0,ok,21.808,0.09,-0.843,40.443,0.389,-0.327,659.767,23.154,0.316,-0.07,22.0,626.0,715.0,False
2025-03-10 10:36:10,S02,Lab-201,22.64,43.0,859.0,ok,22.609,0.078,0.34,42.87,0.459,0.267,849.267,6.997,1.023,-0.03,0.0,844.0,863.0,False
2025-03-10 10:36:10,S03,Lab-305,23.01,44.6,938.0,ok,22.95,0.082,0.597,44.34,0.363,0.513,971.0,20.922,-1.675,-0.07,-27.0,927.0,1012.0,False
2025-03-10 10:36:10,S04,Library-1F,21.69,39.3,726.0,ok,21.687,0.022,0.033,39.373,0.215,-0.147,729.867,3.617,-0.403,0.01,6.0,715.0,733.0,False
2025-03-10 10:36:10,S05,Canteen,25.19,54.8,984.0,ok,25.058,0.092,1.393,54.737,0.393,0.093,983.433,5.752,0.053,-0.05,2.0,974.0,991.0,False
2025-03-10 10:36:10,S06,Study-Hall,22.36,41.6,854.0,ok,22.401,0.088,-0.493,41.363,0.464,0.507,862.133,7.45,-0.803,-0.03,-1.0,852.0,877.0,False
2025-03-10 10:36:20,S01,Lecture-101,21.77,41.0,653.0,ok,21.805,0.09,-0.383,40.447,0.394,1.113,657.7,20.69,-0.292,-0.07,18.0,626.0,701.0,False
2025-03-10 10:36:20,S02,Lab-201,22.58,42.4,851.0,ok,22.608,0.078,-0.293,42.857,0.467,-0.94,849.467,6.957,0.173,-0.02,0.0,844.0,863.0,False
2025-03-10 10:36:20,S03,Lab-305,22.95,44.6,936.0,ok,22.953,0.08,0.0,44.367,0.351,0.52,968.467,20.38,-1.673,0.05,-28.0,927.0,1007.0,False
2025-03-10 10:36:20,S04,Library-1F,21.65,39.2,729.0,ok,21.686,0.023,-0.37,39.37,0.217,-0.347,729.8,3.614,-0.087,-0.04,7.0,715.0,733.0,False
2025-03-10 10:36:20,S05,Canteen,25.07,55.4,978.0,ok,25.057,0.092,0.123,54.757,0.411,1.327,983.7,5.273,-0.543,-0.05,-2.0,974.0,991.0,False
2025-03-10 10:36:20,S06,Study-Hall,22.61,41.4,860.0,ok,22.41,0.095,2.09,41.34,0.443,0.073,862.167,7.437,-0.213,-0.01,8.0,852.0,877.0,False
2025-03-10 10:36:30,S01,Lecture-101,21.79,40.4,663.0,ok,21.8,0.087,-0.147,40.437,0.391,-0.093,656.433,19.046,0.256,-0.06,21.0,626.0,695.0,False
2025-03-10 10:36:30,S02,Lab-201,22.54,42.8,852.0,ok,22.605,0.079,-0.68,42.857,0.467,-0.113,849.533,6.972,0.253,-0.04,1.0,844.0,863.0,False
2025-03-10 10:36:30,S03,Lab-305,22.95,44.2,933.0,ok,22.952,0.08,-0.033,44.363,0.352,-0.333,966.1,20.234,-1.74,0.05,-20.0,927.0,1007.0,False
2025-03-10 10:36:30,S04,Library-1F,21.8,38.6,729.0,ok,21.69,0.031,1.14,39.347,0.258,-1.54,729.733,3.61,-0.08,-0.05,7.0,715.0,733.0,False
2025-03-10 10:36:30,S05,Canteen,25.08,55.0,992.0,ok,25.058,0.092,0.233,54.777,0.407,0.487,983.767,5.367,0.83,-0.05,-1.0,974.0,992.0,False
2025-03-10 10:36:30,S06,Study-Hall,22.47,41.4,862.0,ok,22.413,0.095,0.597,41.34,0.443,0.12,861.867,7.248,-0.017,0.05,0.0,852.0,877.0,False
2025-03-10 10:36:40,S01,Lecture-101,21.88,40.6,679.0,ok,21.797,0.082,0.797,40.423,0.378,0.327,655.9,18.13,1.185,-0.04,18.0,626.0,692.0,False
2025-03-10 10:36:40,S02,Lab-201,22.71,43.2,846.0,ok,22.605,0.079,1.05,42.85,0.461,0.687,849.667,6.86,-0.353,-0.12,4.0,844.0,863.0,False
2025-03-10 10:36:40,S03,Lab-305,22.95,44.3,932.0,ok,22.954,0.079,-0.023,44.377,0.341,-0.127,963.6,19.63,-1.685,0.03,-20.0,927.0,999.0,False
2025-03-10 10:36:40,S04,Library-1F,21.75,39.7,727.0,ok,21.692,0.033,0.6,39.36,0.266,0.707,729.6,3.635,-0.273,0.01,-3.0,715.0,733.0,False
2025-03-10 10:36:40,S05,Canteen,24.96,54.3,987.0,ok,25.059,0.091,-0.98,54.757,0.416,-0.953,983.667,5.274,0.323,-0.06,7.0,975.0,992.0,False
2025-03-10 10:36:40,S06,Study-Hall,22.46,41.8,849.0,ok,22.421,0.088,0.47,41.337,0.439,0.92,861.233,7.519,-1.287,0.05,0.0,849.0,877.0,False
2025-03-10 10:36:50,S01,Lecture-101,21.81,40.2,673.0,ok,21.794,0.08,0.13,40.407,0.376,-0.447,655.3,17.203,0.943,-0.02,24.0,636.0,692.0,False
2025-03-10 10:36:50,S02,Lab-201,22.61,43.0,846.0,ok,22.605,0.079,0.05,42.853,0.461,0.3,849.4,6.841,-0.367,-0.09,2.0,844.0,863.0,False
2025-03-10 10:36:50,S03,Lab-305,22.9,44.0,932.0,ok,22.956,0.077,-0.537,44.363,0.348,-0.753,961.367,19.272,-1.61,0.03,-11.0,927.0,998.0,False
2025-03-10 10:36:50,S04,Library-1F,21.63,40.0,734.0,ok,21.691,0.035,-0.623,39.383,0.29,1.28,729.7,3.715,0.44,0.04,-3.0,715.0,734.0,False
2025-03-10 10:36:50,S05,Canteen,25.01,55.0,991.0,ok,25.055,0.09,-0.49,54.767,0.418,0.487,983.9,5.442,0.733,-0.06,11.0,975.0,992.0,False
2025-03-10 10:36:50,S06,Study-Hall,22.53,40.7,868.0,ok,22.422,0.089,1.09,41.323,0.452,-1.273,861.8,7.36,0.677,0.09,2.0,849.0,877.0,False
2025-03-10 10:37:00,S01,Lecture-101,21.82,39.9,690.0,ok,21.796,0.08,0.257,40.373,0.375,-1.013,655.567,17.686,2.017,-0.04,29.0,640.0,692.0,False
2025-03-10 10:37:00,S02,Lab-201,22.63,43.7,854.0,ok,22.604,0.078,0.25,42.893,0.481,1.693,849.7,6.839,0.46,0.04,2.0,844.0,863.0,False
2025-03-10 10:37:00,S03,Lab-305,22.94,44.5,941.0,ok,22.96,0.073,-0.157,44.35,0.334,0.273,959.633,18.657,-1.057,0.02,-9.0,927.0,998.0,False
2025-03-10 10:37:00,S04,Library-1F,21.85,40.0,731.0,ok,21.696,0.045,1.593,39.407,0.311,1.233,729.7,3.715,0.13,0.06,-1.0,715.0,734.0,False
2025-03-10 10:37:00,S05,Canteen,25.17,55.1,987.0,ok,25.062,0.091,1.147,54.773,0.422,0.667,984.4,4.98,0.31,-0.01,0.0,975.0,992.0,False
2025-03-10 10:37:00,S06,Study-Hall,22.24,41.2,870.0,ok,22.415,0.095,-1.82,41.327,0.451,-0.247,861.6,7.035,0.82,0.05,3.0,849.0,877.0,False
2025-03-10 10:37:10,S01,Lecture-101,21.86,41.1,683.0,ok,21.795,0.079,0.637,40.383,0.39,1.453,655.267,17.114,1.551,0.05,25.0,642.0,690.0,False
2025-03-10 10:37:10,S02,Lab-201,22.61,43.4,853.0,ok,22.603,0.078,0.057,42.937,0.466,1.013,850.067,6.705,0.33,0.02,3.0,844.0,863.0,False
2025-03-10 10:37:10,S03,Lab-305,23.01,44.1,926.0,ok,22.957,0.07,0.503,44.347,0.336,-0.5,957.533,18.783,-1.803,0.02,-6.0,926.0,998.0,False
2025-03-10 10:37:10,S04,Library-1F,21.72,39.3,724.0,ok,21.698,0.045,0.237,39.407,0.311,-0.213,729.467,3.848,-0.57,0.03,1.0,715.0,734.0,False
2025-03-10 10:37:10,S05,Canteen,24.99,55.4,994.0,ok,25.063,0.09,-0.723,54.787,0.435,1.253,984.667,5.274,0.96,-0.06,4.0,975.0,994.0,False
2025-03-10 10:37:10,S06,Study-Hall,22.43,42.2,866.0,ok,22.414,0.095,0.15,41.373,0.467,1.747,861.6,7.035,0.44,0.05,9.0,849.0,877.0,False
2025-03-10 10:37:20,S01,Lecture-101,22.03,41.4,696.0,ok,21.801,0.089,2.347,40.4,0.423,2.033,655.9,18.259,2.38,0.09,32.0,645.0,696.0,False
2025-03-10 10:37:20,S02,Lab-201,22.62,43.4,862.0,ok,22.604,0.078,0.17,42.927,0.452,0.927,850.9,6.578,1.193,0.04,3.0,844.0,863.0,False
2025-03-10 10:37:20,S03,Lab-305,22.94,44.1,918.0,ok,22.954,0.069,-0.173,44.343,0.338,-0.493,954.867,18.517,-2.105,-0.01,-10.0,918.0,984.0,False
2025-03-10 10:37:20,S04,Library-1F,21.71,39.7,735.0,ok,21.699,0.045,0.123,39.42,0.314,0.587,729.6,3.971,0.553,0.03,2.0,724.0,735.0,False
2025-03-10 10:37:20,S05,Canteen,25.1,54.9,990.0,ok,25.067,0.089,0.373,54.8,0.432,0.227,984.833,5.363,0.533,0.03,6.0,975.0,994.0,False
2025-03-10 10:37:20,S06,Study-Hall,22.59,40.7,866.0,ok,22.425,0.096,1.76,41.333,0.471,-1.347,861.333,6.692,0.44,0.02,6.0,849.0,877.0,False
2025-03-10 10:37:30,S01,Lecture-101,22.03,40.7,690.0,ok,21.804,0.095,2.293,40.39,0.411,0.6,656.6,19.159,1.868,0.26,27.0,645.0,696.0,False
2025-03-10 10:37:30,S02,Lab-201,22.75,43.2,862.0,ok,22.61,0.082,1.463,42.957,0.438,0.547,851.767,6.252,1.11,0.04,10.0,844.0,863.0,False
2025-03-10 10:37:30,S03,Lab-305,22.85,44.5,919.0,ok,22.95,0.071,-1.043,44.33,0.323,0.313,952.7,18.791,-1.937,-0.01,-17.0,918.0,982.0,False
2025-03-10 10:37:30,S04,Library-1F,21.66,39.1,728.0,ok,21.698,0.046,-0.387,39.413,0.319,-0.64,729.5,3.972,-0.16,0.02,-1.0,724.0,735.0,False
2025-03-10 10:37:30,S05,Canteen,24.94,54.6,975.0,ok,25.064,0.091,-1.273,54.777,0.423,-0.4,984.5,5.655,-0.983,-0.09,6.0,975.0,994.0,False
2025-03-10 10:37:30,S06,Study-Hall,22.45,40.6,859.0,ok,22.431,0.091,0.253,41.31,0.49,-1.467,861.3,6.701,-0.233,-0.02,6.0,849.0,877.0,False
2025-03-10 10:37:40,S01,Lecture-101,21.9,41.0,704.0,ok,21.806,0.097,0.96,40.433,0.405,1.22,658.2,21.021,2.474,0.24,33.0,650.0,704.0,False
2025-03-10 10:37:40,S02,Lab-201,22.6,43.4,849.0,ok,22.607,0.081,-0.1,42.967,0.445,0.887,852.1,5.797,-0.277,0.04,11.0,844.0,863.0,False
2025-03-10 10:37:40,S03,Lab-305,22.87,44.0,914.0,ok,22.944,0.07,-0.797,44.313,0.327,-0.66,950.5,19.34,-2.059,-0.08,-15.0,914.0,982.0,False
2025-03-10 10:37:40,S04,Library-1F,21.49,39.2,735.0,ok,21.692,0.059,-2.08,39.41,0.321,-0.427,729.633,4.089,0.55,-0.09,6.0,724.0,735.0,False
2025-03-10 10:37:40,S05,Canteen,25.18,55.2,989.0,ok,25.068,0.094,1.16,54.8,0.427,0.847,984.5,5.655,0.45,0.03,2.0,975.0,994.0,False
2025-03-10 10:37:40,S06,Study-Hall,22.36,41.8,867.0,ok,22.427,0.092,-0.707,41.35,0.479,0.98,861.533,6.776,0.57,-0.02,6.0,849.0,877.0,False
2025-03-10 10:37:50,S01,Lecture-101,22.04,40.2,695.0,ok,21.817,0.103,2.343,40.437,0.402,-0.467,658.833,21.846,1.751,0.22,22.0,653.0,704.0,False
2025-03-10 10:37:50,S02,Lab-201,22.77,43.5,852.0,ok,22.609,0.083,1.627,42.98,0.455,1.067,852.2,5.768,-0.01,0.14,6.0,846.0,863.0,False
2025-03-10 10:37:50,S03,Lab-305,22.91,44.2,914.0,filled,22.946,0.068,-0.34,44.3,0.323,-0.227,948.6,20.044,-1.887,-0.08,-18.0,914.0,982.0,False
2025-03-10 10:37:50,S04,Library-1F,21.69,39.9,734.0,ok,21.692,0.059,-0.017,39.43,0.332,0.98,729.733,4.16,0.437,-0.09,5.0,724.0,735.0,False
2025-03-10 10:37:50,S05,Canteen,25.1,54.9,988.0,ok,25.07,0.094,0.317,54.8,0.427,0.2,984.467,5.631,0.35,0.09,-3.0,975.0,994.0,False
2025-03-10 10:37:50,S06,Study-Hall,22.31,41.8,862.0,ok,22.422,0.094,-1.173,41.36,0.485,0.9,861.533,6.776,0.047,-0.11,0.0,849.0,877.0,False
2025-03-10 10:38:00,S01,Lecture-101,21.88,40.7,705.0,ok,21.819,0.104,0.609,40.443,0.405,0.527,660.0,23.346,2.113,0.08,25.0,653.0,705.0,False
2025-03-10 10:38:00,S02,Lab-201,22.63,43.5,856.0,ok,22.614,0.079,0.213,42.997,0.465,1.04,852.3,5.808,0.38,0.0,6.0,846.0,863.0,False
2025-03-10 10:38:00,S03,Lab-305,23.03,45.2,905.0,ok,22.948,0.07,0.84,44.35,0.342,1.8,946.333,21.011,-2.175,-0.03,-18.0,905.0,982.0,False
2025-03-10 10:38:00,S04,Library-1F,21.75,40.1,737.0,ok,21.694,0.06,0.58,39.457,0.353,1.34,729.933,4.362,0.727,-0.06,4.0,724.0,737.0,False
2025-03-10 10:38:00,S05,Canteen,25.08,54.6,986.0,ok,25.07,0.094,0.097,54.81,0.418,-0.4,984.667,5.573,0.153,0.09,1.0,975.0,994.0,False
2025-03-10 10:38:00,S06,Study-Hall,22.25,41.8,864.0,ok,22.416,0.099,-1.723,41.393,0.48,0.88,861.633,6.79,0.247,-0.15,-4.0,849.0,877.0,False
2025-03-10 10:38:10,S01,Lecture-101,21.96,40.7,717.0,ok,21.826,0.107,1.352,40.47,0.394,0.513,661.9,25.56,2.442,0.14,22.0,653.0,717.0,False
2025-03-10 10:38:10,S02,Lab-201,22.71,43.3,858.0,ok,22.624,0.072,0.96,43.033,0.443,0.607,852.4,5.882,0.57,0.1,3.0,846.0,863.0,False
2025-03-10 10:38:10,S03,Lab-305,22.95,44.6,908.0,ok,22.947,0.07,0.02,44.357,0.345,0.5,943.867,21.023,-1.824,0.01,-24.0,905.0,973.0,False
2025-03-10 10:38:10,S04,Library-1F,21.72,39.8,730.0,ok,21.696,0.06,0.257,39.473,0.357,0.687,729.9,4.358,0.007,0.0,3.0,724.0,737.0,False
2025-03-10 10:38:10,S05,Canteen,25.04,55.4,992.0,ok,25.07,0.093,-0.297,54.827,0.431,1.18,985.267,5.349,0.733,0.07,-3.0,975.0,994.0,False
2025-03-10 10:38:10,S06,Study-Hall,22.51,41.6,863.0,ok,22.424,0.097,0.937,41.383,0.472,0.413,861.367,6.563,0.137,-0.12,-5.0,849.0,877.0,False
2025-03-10 10:38:20,S01,Lecture-101,21.96,40.9,716.0,ok,21.832,0.109,1.259,40.467,0.39,0.86,663.833,27.384,2.117,0.1,26.0,663.0,717.0,False
2025-03-10 10:38:20,S02,Lab-201,22.6,43.6,841.0,ok,22.625,0.071,-0.237,43.09,0.399,1.133,852.033,6.239,-1.14,0.01,2.0,841.0,863.0,False
2025-03-10 10:38:20,S03,Lab-305,23.03,44.8,911.0,ok,22.947,0.07,0.83,44.393,0.331,0.887,941.867,21.206,-1.563,0.09,-18.0,905.0,973.0,False
2025-03-10 10:38:20,S04,Library-1F,21.72,39.5,726.0,ok,21.697,0.061,0.243,39.48,0.356,0.053,729.733,4.409,-0.39,0.0,-1.0,724.0,737.0,False
2025-03-10 10:38:20,S05,Canteen,24.97,55.2,985.0,ok,25.067,0.095,-1.003,54.86,0.42,0.747,985.433,5.257,-0.027,-0.06,-4.0,975.0,994.0,False
2025-03-10 10:38:20,S06,Study-Hall,22.36,40.9,879.0,ok,22.42,0.097,-0.64,41.383,0.472,-0.967,862.0,7.301,1.763,-0.07,-2.0,849.0,879.0,False
2025-03-10 10:38:30,S01,Lecture-101,21.92,40.7,729.0,ok,21.837,0.109,0.807,40.47,0.391,0.467,666.267,29.8,2.38,-0.07,27.0,673.0,729.0,False
2025-03-10 10:38:30,S02,Lab-201,22.72,42.9,844.0,ok,22.629,0.073,0.953,43.08,0.4,-0.38,851.867,6.388,-0.803,0.09,-18.0,841.0,863.0,False
2025-03-10 10:38:30,S03,Lab-305,23.01,44.2,897.0,ok,22.952,0.07,0.627,44.387,0.333,-0.387,939.333,21.887,-2.116,0.07,-11.0,897.0,970.0,False
2025-03-10 10:38:30,S04,Library-1F,21.56,40.1,735.0,ok,21.693,0.065,-1.37,39.507,0.371,1.24,729.867,4.508,0.527,0.01,2.0,724.0,737.0,False
2025-03-10 10:38:30,S05,Canteen,25.04,55.2,984.0,ok,25.068,0.095,-0.273,54.863,0.422,0.68,985.5,5.224,-0.143,0.05,-5.0,975.0,994.0,False
2025-03-10 10:38:30,S06,Study-Hall,22.27,41.2,883.0,ok,22.415,0.101,-1.5,41.373,0.473,-0.367,863.033,7.998,2.1,-0.09,13.0,849.0,883.0,False
2025-03-10 10:38:40,S01,Lecture-101,22.0,41.7,724.0,ok,21.844,0.113,1.49,40.503,0.45,2.46,668.9,31.309,1.937,-0.07,28.0,673.0,729.0,False
2025-03-10 10:38:40,S02,Lab-201,22.67,42.3,849.0,ok,22.632,0.073,0.407,43.057,0.425,-1.56,851.4,6.049,-0.287,0.05,-18.0,841.0,863.0,False
2025-03-10 10:38:40,S03,Lab-305,22.84,44.0,905.0,ok,22.947,0.072,-1.117,44.363,0.335,-0.773,937.4,22.283,-1.569,0.14,-13.0,897.0,970.0,False
2025-03-10 10:38:40,S04,Library-1F,21.72,39.5,734.0,ok,21.694,0.066,0.27,39.513,0.369,-0.013,729.967,4.567,0.413,0.06,-1.0,724.0,737.0,False
2025-03-10 10:38:40,S05,Canteen,24.99,55.2,986.0,ok,25.065,0.096,-0.78,54.867,0.425,0.673,985.4,5.184,0.05,-0.11,-4.0,975.0,994.0,False
2025-03-10 10:38:40,S06,Study-Hall,22.5,41.1,863.0,ok,22.423,0.098,0.836,41.39,0.453,-0.547,863.067,7.995,-0.003,-0.09,13.0,859.0,883.0,False
2025-03-10 10:38:50,S01,Lecture-101,21.92,40.4,732.0,ok,21.849,0.113,0.671,40.497,0.45,-0.207,671.5,33.21,2.015,-0.11,34.0,683.0,732.0,False
2025-03-10 10:38:50,S02,Lab-201,22.58,42.8,848.0,ok,22.634,0.071,-0.523,43.05,0.427,-0.513,851.633,5.762,-0.34,-0.08,-4.0,841.0,863.0,False
2025-03-10 10:38:50,S03,Lab-305,22.97,43.6,888.0,ok,22.943,0.066,0.23,44.33,0.359,-1.527,934.9,23.486,-2.217,0.1,-17.0,888.0,970.0,False
2025-03-10 10:38:50,S04,Library-1F,21.79,39.9,732.0,ok,21.698,0.068,0.957,39.533,0.374,0.773,730.0,4.579,0.203,0.06,0.0,724.0,737.0,False
2025-03-10 10:38:50,S05,Canteen,25.07,54.0,987.0,ok,25.069,0.093,0.053,54.84,0.453,-1.733,985.267,5.085,0.16,-0.06,-2.0,975.0,994.0,False
2025-03-10 10:38:50,S06,Study-Hall,22.41,41.4,866.0,ok,22.424,0.098,-0.133,41.36,0.419,0.02,863.6,7.618,0.293,0.05,4.0,859.0,883.0,False
2025-03-10 10:39:00,S01,Lecture-101,22.0,41.7,736.0,ok,21.856,0.116,1.338,40.547,0.497,2.407,674.367,34.956,1.942,0.1,28.0,683.0,736.0,False
2025-03-10 10:39:00,S02,Lab-201,22.66,43.3,847.0,ok,22.635,0.071,0.263,43.087,0.398,0.5,851.3,5.73,-0.463,0.03,-4.0,841.0,863.0,False
2025-03-10 10:39:00,S03,Lab-305,22.98,44.4,898.0,ok,22.94,0.063,0.373,44.347,0.35,0.14,932.733,23.801,-1.571,0.06,-16.0,888.0,970.0,False
2025-03-10 10:39:00,S04,Library-1F,21.8,39.1,733.0,ok,21.702,0.07,1.02,39.527,0.38,-0.867,730.067,4.608,0.3,0.1,-2.0,724.0,737.0,False
2025-03-10 10:39:00,S05,Canteen,24.98,55.8,997.0,ok,25.068,0.094,-0.89,54.88,0.483,1.92,985.733,5.496,1.173,-0.11,-1.0,975.0,997.0,False
2025-03-10 10:39:00,S06,Study-Hall,22.48,41.4,861.0,ok,22.425,0.098,0.557,41.36,0.419,0.08,863.767,7.5,-0.26,0.17,-1.0,859.0,883.0,False
2025-03-10 10:39:10,S01,Lecture-101,21.88,41.3,750.0,ok,21.866,0.102,0.208,40.59,0.504,1.507,678.333,36.579,2.164,-0.04,31.0,690.0,750.0,False
2025-03-10 10:39:10,S02,Lab-201,22.55,42.9,853.0,ok,22.63,0.072,-0.85,43.087,0.398,-0.373,851.167,5.639,0.17,-0.13,-8.0,841.0,863.0,False
2025-03-10 10:39:10,S03,Lab-305,23.02,44.3,885.0,ok,22.943,0.065,0.8,44.347,0.35,-0.093,930.0,24.43,-2.006,0.03,-20.0,885.0,970.0,False
2025-03-10 10:39:10,S04,Library-1F,21.69,39.6,732.0,ok,21.702,0.07,-0.12,39.537,0.377,0.147,730.1,4.619,0.193,0.07,-2.0,726.0,737.0,False
2025-03-10 10:39:10,S05,Canteen,25.15,55.0,992.0,ok,25.078,0.085,0.82,54.89,0.482,0.24,986.033,5.586,0.627,-0.01,4.0,975.0,997.0,False
2025-03-10 10:39:10,S06,Study-Hall,22.46,41.7,876.0,ok,22.426,0.098,0.35,41.363,0.421,0.68,864.133,7.825,1.223,0.15,3.0,859.0,883.0,False
2025-03-10 10:39:20,S01,Lecture-101,21.96,40.5,747.0,ok,21.875,0.098,0.917,40.617,0.476,-0.179,682.067,37.702,1.877,0.0,31.0,690.0,750.0,False
2025-03-10 10:39:20,S02,Lab-201,22.56,42.8,855.0,ok,22.628,0.073,-0.697,43.1,0.381,-0.573,851.3,5.682,0.383,-0.07,-3.0,841.0,863.0,False
2025-03-10 10:39:20,S03,Lab-305,22.91,44.3,894.0,ok,22.94,0.064,-0.33,44.35,0.349,-0.093,927.9,24.735,-1.474,-0.05,-14.0,885.0,970.0,False
2025-03-10 10:39:20,S04,Library-1F,21.71,39.6,741.0,ok,21.703,0.07,0.077,39.547,0.375,0.127,730.433,5.029,1.09,-0.01,3.0,726.0,741.0,False
2025-03-10 10:39:20,S05,Canteen,25.11,55.1,986.0,ok,25.079,0.085,0.32,54.913,0.475,0.42,985.967,5.574,-0.003,0.07,6.0,975.0,997.0,False
2025-03-10 10:39:20,S06,Study-Hall,22.55,41.2,873.0,ok,22.429,0.101,1.24,41.353,0.422,-0.327,864.167,7.861,0.887,0.12,9.0,859.0,883.0,False
2025-03-10 10:39:30,S01,Lecture-101,22.01,40.5,752.0,ok,21.884,0.098,1.347,40.617,0.476,-0.233,685.867,38.835,1.855,0.0,33.0,695.0,752.0,False
2025-03-10 10:39:30,S02,Lab-201,22.7,43.2,846.0,ok,22.63,0.074,0.723,43.123,0.364,0.2,850.733,5.311,-0.53,-0.15,9.0,841.0,862.0,False
2025-03-10 10:39:30,S03,Lab-305,23.07,44.8,903.0,ok,22.944,0.068,1.303,44.38,0.348,0.9,925.667,23.81,-1.007,0.01,-14.0,885.0,965.0,False
2025-03-10 10:39:30,S04,Library-1F,21.81,39.4,736.0,ok,21.708,0.072,1.067,39.55,0.373,-0.293,730.6,5.13,0.557,-0.01,6.0,726.0,741.0,False
2025-03-10 10:39:30,S05,Canteen,25.04,55.1,987.0,ok,25.072,0.079,-0.387,54.923,0.475,0.373,986.033,5.574,0.103,0.07,2.0,984.0,997.0,False
2025-03-10 10:39:30,S06,Study-Hall,22.3,40.9,880.0,ok,22.428,0.102,-1.282,41.333,0.429,-0.907,864.767,8.361,1.583,0.1,-3.0,861.0,883.0,False
2025-03-10 10:39:40,S01,Lecture-101,22.14,40.8,752.0,ok,21.898,0.103,2.563,40.64,0.467,0.367,690.033,39.007,1.703,0.05,28.0,695.0,752.0,False
2025-03-10 10:39:40,S02,Lab-201,22.61,42.9,854.0,ok,22.633,0.071,-0.2,43.097,0.349,-0.447,850.7,5.286,0.327,-0.06,10.0,841.0,862.0,False
2025-03-10 10:39:40,S03,Lab-305,22.98,43.8,902.0,ok,22.95,0.062,0.363,44.363,0.363,-1.16,923.767,23.328,-0.994,-0.03,-3.0,885.0,965.0,False
2025-03-10 10:39:40,S04,Library-1F,21.65,39.8,725.0,ok,21.707,0.073,-0.577,39.567,0.373,0.5,730.4,5.23,-0.56,-0.01,2.0,725.0,741.0,False
2025-03-10 10:39:40,S05,Canteen,25.02,54.5,984.0,ok,25.068,0.079,-0.517,54.943,0.442,-0.847,986.367,5.109,-0.203,0.05,1.0,984.0,997.0,False
2025-03-10 10:39:40,S06,Study-Hall,22.41,41.9,857.0,ok,22.425,0.101,-0.173,41.373,0.423,1.133,864.5,8.48,-0.777,0.05,-6.0,857.0,883.0,False
2025-03-10 10:39:50,S01,Lecture-101,22.04,41.7,752.0,ok,21.909,0.1,1.374,40.7,0.484,2.12,694.233,38.656,1.589,0.12,23.0,705.0,752.0,False
2025-03-10 10:39:50,S02,Lab-201,22.68,42.9,843.0,ok,22.633,0.071,0.47,43.077,0.342,-0.393,850.467,5.469,-0.77,0.01,-2.0,841.0,862.0,False
2025-03-10 10:39:50,S03,Lab-305,22.89,44.6,888.0,ok,22.946,0.062,-0.6,44.387,0.355,0.473,921.2,22.866,-1.533,0.01,5.0,885.0,965.0,False
2025-03-10 10:39:50,S04,Library-1F,21.79,39.7,733.0,ok,21.71,0.074,0.833,39.58,0.37,0.267,730.467,5.251,0.26,0.07,-1.0,725.0,741.0,False
2025-03-10 10:39:50,S05,Canteen,25.12,54.9,984.0,ok,25.065,0.075,0.517,54.953,0.438,-0.087,986.5,4.988,-0.237,0.0,-2.0,984.0,997.0,False
2025-03-10 10:39:50,S06,Study-Hall,22.44,41.3,863.0,ok,22.427,0.101,0.148,41.383,0.418,-0.147,864.6,8.443,-0.15,0.0,-3.0,857.0,883.0,False
2025-03-10 10:40:00,S01,Lecture-101,22.02,41.0,758.0,ok,21.915,0.101,1.108,40.723,0.48,0.6,698.3,38.736,1.65,0.04,20.0,716.0,758.0,False
2025-03-10 10:40:00,S02,Lab-201,22.55,43.0,847.0,ok,22.633,0.071,-0.827,43.077,0.342,-0.153,850.467,5.469,-0.347,-0.05,-1.0,841.0,862.0,False
2025-03-10 10:40:00,S03,Lab-305,22.93,44.7,889.0,ok,22.944,0.061,-0.16,44.383,0.351,0.627,918.667,22.041,-1.408,-0.04,-9.0,885.0,964.0,False
2025-03-10 10:40:00,S04,Library-1F,21.66,39.7,729.0,ok,21.708,0.075,-0.503,39.587,0.37,0.24,730.633,5.116,-0.147,-0.13,-4.0,725.0,741.0,False
2025-03-10 10:40:00,S06,Study-Hall,22.43,41.7,870.0,ok,22.428,0.101,0.026,41.387,0.42,0.633,865.2,8.151,0.54,-0.05,0.0,857.0,883.0,False
2025-03-10 10:40:10,S01,Lecture-101,22.04,40.7,741.0,ok,21.921,0.103,1.234,40.727,0.48,-0.047,701.667,37.874,1.102,0.12,16.0,716.0,758.0,False
2025-03-10 10:40:10,S02,Lab-201,22.59,42.9,855.0,ok,22.632,0.071,-0.427,43.07,0.344,-0.353,850.6,5.531,0.453,0.01,-1.0,841.0,862.0,False
2025-03-10 10:40:10,S03,Lab-305,23.01,44.4,883.0,ok,22.949,0.06,0.66,44.39,0.35,0.033,915.967,21.243,-1.618,-0.05,0.0,883.0,956.0,False
2025-03-10 10:40:10,S04,Library-1F,21.85,40.3,732.0,ok,21.714,0.079,1.42,39.623,0.385,1.427,730.967,4.853,0.137,0.0,0.0,725.0,741.0,False
2025-03-10 10:40:10,S06,Study-Hall,22.49,41.6,862.0,ok,22.429,0.101,0.614,41.403,0.418,0.427,865.2,8.151,-0.32,-0.02,-3.0,857.0,883.0,False
2025-03-10 10:40:20,S01,Lecture-101,21.89,41.0,752.0,ok,21.924,0.101,-0.304,40.753,0.472,0.547,705.333,37.217,1.329,0.06,5.0,724.0,758.0,False
2025-03-10 10:40:20,S02,Lab-201,22.62,43.4,835.0,ok,22.632,0.071,-0.117,43.093,0.341,0.66,850.067,6.22,-1.56,0.03,-6.0,835.0,862.0,False
2025-03-10 10:40:20,S03,Lab-305,22.92,44.1,872.0,ok,22.95,0.06,-0.29,44.373,0.351,-0.58,913.167,21.32,-2.07,-0.05,-11.0,872.0,953.0,False
2025-03-10 10:40:20,S04,Library-1F,21.73,39.7,721.0,ok,21.713,0.078,0.157,39.637,0.38,0.153,731.167,4.26,-0.997,0.02,-4.0,721.0,741.0,False
2025-03-10 10:40:20,S06,Study-Hall,22.16,42.2,866.0,ok,22.42,0.113,-2.653,41.44,0.438,1.593,865.667,7.761,0.08,-0.05,-7.0,857.0,883.0,False
2025-03-10 10:40:30,S01,Lecture-101,22.04,40.9,765.0,ok,21.931,0.102,1.148,40.763,0.472,0.293,709.2,37.189,1.603,0.08,2.0,724.0,765.0,False
2025-03-10 10:40:30,S02,Lab-201,22.55,43.1,842.0,ok,22.626,0.07,-0.823,43.103,0.337,0.013,849.9,6.37,-0.807,0.03,-11.0,835.0,862.0,False
2025-03-10 10:40:30,S03,Lab-305,22.93,44.4,877.0,ok,22.95,0.06,-0.197,44.383,0.347,0.053,910.633,20.936,-1.696,-0.09,-17.0,872.0,943.0,False
2025-03-10 10:40:30,S04,Library-1F,21.79,39.9,724.0,ok,21.715,0.079,0.77,39.64,0.382,0.527,730.867,4.439,-0.717,0.08,-12.0,721.0,741.0,False
2025-03-10 10:40:30,S06,Study-Hall,22.45,41.8,862.0,ok,22.424,0.112,0.263,41.473,0.426,0.72,865.733,7.719,-0.367,-0.01,-14.0,857.0,883.0,False
2025-03-10 10:40:40,S01,Lecture-101,22.0,41.3,759.0,ok,21.936,0.101,0.679,40.8,0.469,1.073,713.0,36.214,1.339,-0.01,7.0,732.0,765.0,False
2025-03-10 10:40:40,S02,Lab-201,22.63,43.0,838.0,ok,22.624,0.069,0.037,43.103,0.337,-0.207,849.7,6.65,-1.19,0.01,-16.0,835.0,862.0,False
2025-03-10 10:40:40,S03,Lab-305,22.97,44.4,875.0,ok,22.949,0.059,0.2,44.373,0.342,0.033,908.433,21.102,-1.702,-0.05,-27.0,872.0,943.0,False
2025-03-10 10:40:40,S04,Library-1F,21.69,39.6,739.0,ok,21.714,0.079,-0.247,39.617,0.361,-0.08,731.1,4.678,0.813,0.02,-12.0,721.0,741.0,False
2025-03-10 10:40:40,S06,Study-Hall,22.54,42.2,865.0,ok,22.42,0.107,1.039,41.483,0.44,1.453,865.333,7.42,-0.073,0.04,-8.0,857.0,883.0,False
2025-03-10 10:40:50,S01,Lecture-101,22.13,40.8,758.0,ok,21.948,0.102,1.916,40.82,0.455,0.0,716.6,35.086,1.243,0.0,7.0,736.0,765.0,False
2025-03-10 10:40:50,S02,Lab-201,22.7,42.5,857.0,ok,22.628,0.07,0.76,43.093,0.35,-1.207,850.133,6.689,0.73,-0.05,-4.0,835.0,862.0,False
2025-03-10 10:40:50,S03,Lab-305,23.02,43.6,869.0,ok,22.953,0.06,0.707,44.34,0.367,-1.547,905.967,21.246,-1.869,-0.01,-27.0,869.0,941.0,False
2025-03-10 10:40:50,S04,Library-1F,21.84,40.0,728.0,ok,21.72,0.082,1.26,39.627,0.368,0.767,730.967,4.709,-0.31,0.0,-5.0,721.0,741.0,False
2025-03-10 10:40:50,S06,Study-Hall,22.47,41.6,868.0,ok,22.423,0.107,0.466,41.483,0.44,0.233,865.633,7.337,0.267,0.06,2.0,857.0,883.0,False
2025-03-10 10:41:00,S01,Lecture-101,22.06,40.5,774.0,ok,21.95,0.104,1.097,40.82,0.455,-0.64,720.467,34.796,1.636,0.02,7.0,741.0,774.0,False
2025-03-10 10:41:00,S02,Lab-201,22.51,42.8,852.0,ok,22.629,0.066,-1.177,43.07,0.346,-0.587,850.2,6.697,0.187,0.02,5.0,835.0,862.0,False
2025-03-10 10:41:00,S03,Lab-305,22.9,45.2,871.0,ok,22.955,0.057,-0.527,44.35,0.387,1.72,904.1,21.788,-1.646,0.04,-18.0,869.0,941.0,False
2025-03-10 10:41:00,S04,Library-1F,21.68,40.1,731.0,ok,21.72,0.082,-0.4,39.647,0.377,0.947,731.0,4.705,0.003,0.03,2.0,721.0,741.0,False
2025-03-10 10:41:00,S06,Study-Hall,22.45,41.1,857.0,ok,22.425,0.107,0.25,41.46,0.441,-0.767,865.367,7.504,-0.863,0.04,2.0,857.0,883.0,False
2025-03-10 10:41:10,S01,Lecture-101,22.12,40.5,759.0,ok,21.963,0.1,1.626,40.827,0.449,-0.64,723.467,34.078,1.107,0.08,7.0,741.0,774.0,False
2025-03-10 10:41:10,S02,Lab-201,22.67,43.0,854.0,ok,22.63,0.066,0.407,43.07,0.346,-0.14,850.033,6.531,0.38,0.08,7.0,835.0,862.0,False
2025-03-10 10:41:10,S03,Lab-305,23.0,43.8,869.0,ok,22.954,0.057,0.453,44.323,0.396,-1.1,901.8,21.728,-1.611,0.07,-19.0,869.0,941.0,False
2025-03-10 10:41:10,S04,Library-1F,21.74,39.7,729.0,ok,21.721,0.082,0.203,39.66,0.371,0.107,731.1,4.626,-0.2,-0.05,-3.0,721.0,741.0,False
2025-03-10 10:41:10,S06,Study-Hall,22.25,41.8,848.0,ok,22.421,0.111,-1.635,41.467,0.444,0.68,865.167,7.887,-1.737,0.01,-6.0,848.0,883.0,False
2025-03-10 10:41:20,S01,Lecture-101,22.16,41.5,790.0,ok,21.976,0.099,1.964,40.843,0.464,1.347,728.033,33.483,1.952,0.1,22.0,741.0,790.0,False
2025-03-10 10:41:20,S02,Lab-201,22.6,42.5,854.0,ok,22.631,0.066,-0.303,43.073,0.339,-1.14,850.133,6.569,0.397,0.01,7.0,835.0,862.0,False
2025-03-10 10:41:20,S03,Lab-305,23.04,44.4,862.0,ok,22.957,0.059,0.857,44.317,0.393,0.153,899.333,21.911,-1.832,0.07,-14.0,862.0,941.0,False
2025-03-10 10:41:20,S04,Library-1F,21.78,39.4,722.0,ok,21.726,0.081,0.587,39.667,0.364,-0.52,730.867,4.904,-0.91,0.01,0.0,721.0,741.0,False
2025-03-10 10:41:20,S06,Study-Hall,22.5,41.4,861.0,ok,22.417,0.106,0.712,41.467,0.444,-0.133,865.2,7.867,-0.417,0.02,-9.0,848.0,883.0,False
2025-03-10 10:41:30,S01,Lecture-101,22.25,40.8,777.0,ok,21.992,0.105,2.737,40.857,0.457,-0.087,731.833,32.296,1.462,0.12,25.0,741.0,790.0,False
2025-03-10 10:41:30,S02,Lab-201,22.65,43.0,852.0,ok,22.635,0.064,0.19,43.08,0.336,-0.147,850.133,6.569,0.187,0.06,12.0,835.0,862.0,False
2025-03-10 10:41:30,S03,Lab-305,22.89,44.4,866.0,ok,22.955,0.06,-0.673,44.323,0.393,0.167,897.1,21.775,-1.521,0.07,-11.0,862.0,941.0,False
2025-03-10 10:41:30,S04,Library-1F,21.69,39.5,736.0,ok,21.722,0.08,-0.357,39.697,0.306,-0.333,731.1,4.978,0.513,-0.05,5.0,721.0,741.0,False
2025-03-10 10:41:30,S06,Study-Hall,22.61,42.1,859.0,ok,22.422,0.112,1.814,41.49,0.459,1.267,865.1,7.928,-0.62,0.05,-3.0,848.0,883.0,False
2025-03-10 10:41:40,S01,Lecture-101,22.18,41.5,776.0,ok,22.002,0.108,1.792,40.887,0.469,1.287,735.067,31.674,1.368,0.18,18.0,741.0,790.0,False
2025-03-10 10:41:40,S02,Lab-201,22.6,42.8,853.0,ok,22.631,0.062,-0.347,43.067,0.339,-0.56,850.367,6.542,0.287,-0.02,15.0,835.0,862.0,False
2025-03-10 10:41:40,S03,Lab-305,22.93,43.6,870.0,ok,22.955,0.061,-0.253,44.3,0.414,-1.447,895.033,21.285,-1.245,0.0,-9.0,862.0,941.0,False
2025-03-10 10:41:40,S04,Library-1F,22.03,39.6,736.0,ok,21.731,0.098,3.08,39.693,0.306,-0.193,731.4,4.994,0.49,0.05,12.0,721.0,741.0,False
2025-03-10 10:41:40,S06,Study-Hall,22.55,41.4,856.0,ok,22.425,0.114,1.147,41.477,0.455,-0.18,865.333,7.531,-0.91,0.1,-6.0,848.0,883.0,False
2025-03-10 10:41:50,S01,Lecture-101,22.16,41.5,776.0,ok,22.013,0.106,1.462,40.93,0.463,1.227,738.5,30.265,1.292,0.14,17.0,741.0,790.0,False
2025-03-10 10:41:50,S02,Lab-201,26.9,42.7,844.0,ok,22.774,0.782,42.69,43.057,0.345,-0.733,850.3,6.598,-0.637,0.02,10.0,835.0,862.0,False
2025-03-10 10:41:50,S03,Lab-305,22.98,44.8,865.0,ok,22.957,0.06,0.253,44.327,0.42,1.0,892.8,20.782,-1.411,-0.04,-9.0,862.0,941.0,False
2025-03-10 10:41:50,S04,Library-1F,21.92,38.8,735.0,ok,21.741,0.102,1.887,39.653,0.341,-1.787,731.433,5.015,0.36,0.13,8.0,721.0,741.0,False
2025-03-10 10:41:50,S06,Study-Hall,22.52,41.7,843.0,ok,22.425,0.113,0.835,41.51,0.433,0.447,864.5,8.541,-2.233,0.08,-9.0,843.0,883.0,False
2025-03-10 10:42:00,S01,Lecture-101,22.12,41.4,769.0,ok,22.023,0.101,1.008,40.98,0.428,0.94,741.133,29.322,1.008,0.1,17.0,741.0,790.0,False
2025-03-10 10:42:00,S02,Lab-201,22.61,43.0,861.0,ok,22.773,0.782,-0.21,43.033,0.323,-0.113,850.533,6.852,1.07,-0.02,1.0,835.0,862.0,False
2025-03-10 10:42:00,S03,Lab-305,22.88,44.4,867.0,ok,22.955,0.061,-0.773,44.323,0.419,0.147,890.333,19.195,-1.241,-0.04,-4.0,862.0,926.0,False
2025-03-10 10:42:00,S04,Library-1F,21.65,39.4,725.0,ok,21.734,0.101,-0.893,39.633,0.338,-0.507,731.233,5.151,-0.643,0.23,4.0,721.0,741.0,False
2025-03-10 10:42:00,S06,Study-Hall,22.46,41.5,850.0,ok,22.432,0.108,0.311,41.52,0.429,-0.02,863.833,8.871,-1.45,0.05,-15.0,843.0,883.0,False
2025-03-10 10:42:10,S01,Lecture-101,22.02,41.0,779.0,ok,22.029,0.096,-0.033,40.977,0.427,0.04,744.333,27.966,1.291,0.0,17.0,752.0,790.0,False
2025-03-10 10:42:10,S02,Lab-201,22.81,42.8,842.0,ok,22.78,0.781,0.047,43.013,0.318,-0.467,850.167,7.008,-0.853,0.14,-10.0,835.0,862.0,False
2025-03-10 10:42:10,S03,Lab-305,22.93,44.7,842.0,ok,22.953,0.061,-0.253,44.343,0.422,0.753,887.533,19.925,-2.518,-0.07,-4.0,842.0,919.0,False
2025-03-10 10:42:10,S04,Library-1F,21.74,39.7,725.0,ok,21.735,0.101,0.056,39.647,0.332,0.133,731.267,5.105,-0.623,0.0,-4.0,721.0,741.0,False
2025-03-10 10:42:10,S06,Study-Hall,22.46,41.9,854.0,filled,22.433,0.108,0.259,41.51,0.416,0.76,863.433,9.039,-0.983,0.01,-7.0,843.0,883.0,False
2025-03-10 10:42:20,S01,Lecture-101,22.0,41.2,785.0,ok,22.028,0.096,-0.287,40.97,0.422,0.447,747.3,27.376,1.454,-0.1,5.0,758.0,790.0,False
2025-03-10 10:42:20,S02,Lab-201,22.57,43.6,848.0,ok,22.778,0.782,-0.269,43.02,0.328,1.173,849.7,6.65,-0.217,0.01,-6.0,838.0,862.0,False
2025-03-10 10:42:20,S03,Lab-305,22.83,44.1,845.0,ok,22.949,0.065,-1.227,44.343,0.422,-0.487,885.1,20.525,-2.135,-0.12,-24.0,842.0,919.0,False
2025-03-10 10:42:20,S04,Library-1F,21.82,40.3,725.0,ok,21.739,0.102,0.841,39.667,0.353,1.307,730.933,5.179,-0.627,0.0,-4.0,722.0,741.0,False
2025-03-10 10:42:20,S06,Study-Hall,22.37,41.1,850.0,ok,22.426,0.105,-0.582,41.523,0.395,-0.82,862.9,9.349,-1.343,0.01,-7.0,843.0,883.0,False
2025-03-10 10:42:30,S01,Lecture-101,22.09,40.9,787.0,ok,22.03,0.097,0.623,40.977,0.419,-0.14,750.533,26.072,1.45,-0.14,8.0,758.0,790.0,False
2025-03-10 10:42:30,S02,Lab-201,22.75,43.4,848.0,filled,22.778,0.782,-0.036,43.027,0.334,0.76,849.233,6.235,-0.17,0.1,-6.0,838.0,861.0,False
2025-03-10 10:42:30,S03,Lab-305,22.93,44.7,851.0,ok,22.952,0.062,-0.19,44.35,0.426,0.713,882.833,20.406,-1.661,-0.07,-21.0,842.0,914.0,False
2025-03-10 10:42:30,S04,Library-1F,21.65,40.2,724.0,ok,21.738,0.102,-0.868,39.703,0.349,1.067,730.8,5.307,-0.693,0.0,-4.0,722.0,741.0,False
2025-03-10 10:42:30,S06,Study-Hall,22.55,41.8,854.0,ok,22.429,0.107,1.188,41.563,0.357,0.553,862.733,9.465,-0.89,-0.04,-5.0,843.0,883.0,False
2025-03-10 10:42:40,S01,Lecture-101,22.2,40.2,795.0,ok,22.04,0.099,1.703,40.95,0.442,-1.553,753.567,25.764,1.706,-0.09,10.0,758.0,795.0,False
2025-03-10 10:42:40,S02,Lab-201,22.68,43.8,862.0,ok,22.781,0.781,-0.126,43.04,0.357,1.547,849.667,6.656,1.277,0.08,-5.0,842.0,862.0,False
2025-03-10 10:42:40,S03,Lab-305,22.96,44.4,851.0,ok,22.955,0.06,0.083,44.363,0.421,0.1,880.733,20.33,-1.56,0.0,-15.0,842.0,914.0,False
2025-03-10 10:42:40,S04,Library-1F,21.68,39.5,741.0,ok,21.745,0.092,-0.57,39.713,0.338,-0.407,731.0,5.577,1.02,-0.1,-11.0,722.0,741.0,False
2025-03-10 10:42:40,S06,Study-Hall,22.46,41.9,870.0,ok,22.432,0.106,0.29,41.567,0.359,0.673,862.833,9.527,0.727,-0.09,-5.0,843.0,883.0,False
2025-03-10 10:42:50,S01,Lecture-101,22.04,41.3,782.0,ok,22.04,0.099,0.003,40.987,0.423,0.7,756.467,23.763,1.104,-0.09,11.0,759.0,795.0,False
2025-03-10 10:42:50,S02,Lab-201,22.6,43.2,863.0,ok,22.775,0.782,-0.232,43.03,0.348,0.32,850.033,7.078,1.333,0.03,10.0,842.0,863.0,False
2025-03-10 10:42:50,S03,Lab-305,22.9,44.1,863.0,ok,22.954,0.06,-0.547,44.36,0.423,-0.527,879.033,19.57,-0.872,0.0,-15.0,842.0,911.0,False
2025-03-10 10:42:50,S04,Library-1F,21.68,39.6,721.0,ok,21.744,0.092,-0.647,39.703,0.337,-0.227,730.567,5.835,-1.0,-0.24,-12.0,721.0,741.0,False
2025-03-10 10:42:50,S06,Study-Hall,22.25,42.2,863.0,ok,22.43,0.109,-1.715,41.58,0.375,1.267,862.867,9.526,0.017,-0.09,7.0,843.0,883.0,False
2025-03-10 10:43:00,S01,Lecture-101,22.29,41.2,796.0,ok,22.053,0.104,2.503,41.003,0.421,0.427,759.5,22.753,1.664,0.04,19.0,759.0,796.0,False
2025-03-10 10:43:00,S02,Lab-201,22.64,43.4,868.0,ok,22.776,0.782,-0.173,43.027,0.343,0.74,850.433,7.736,1.797,0.03,10.0,842.0,868.0,False
2025-03-10 10:43:00,S03,Lab-305,23.04,44.1,850.0,ok,22.955,0.061,0.857,44.323,0.395,-0.52,877.2,19.63,-1.484,0.03,-16.0,842.0,911.0,False
2025-03-10 10:43:00,S04,Library-1F,21.72,39.1,742.0,ok,21.743,0.092,-0.243,39.67,0.346,-1.207,730.733,6.091,1.143,-0.24,6.0,721.0,742.0,False
2025-03-10 10:43:00,S06,Study-Hall,22.35,41.6,860.0,ok,22.434,0.105,-0.735,41.573,0.373,0.04,862.733,9.537,-0.287,-0.17,13.0,843.0,883.0,False
2025-03-10 10:43:10,S01,Lecture-101,22.2,40.8,798.0,ok,22.061,0.106,1.411,41.007,0.419,-0.407,762.2,22.338,1.692,0.08,20.0,769.0,798.0,False
2025-03-10 10:43:10,S02,Lab-201,22.79,42.0,860.0,ok,22.778,0.782,0.018,42.983,0.387,-2.053,850.5,7.811,0.957,-0.17,19.0,842.0,868.0,False
2025-03-10 10:43:10,S03,Lab-305,22.85,43.9,846.0,ok,22.951,0.064,-1.047,44.3,0.398,-0.847,875.133,19.539,-1.589,-0.03,-15.0,842.0,911.0,False
2025-03-10 10:43:10,S04,Library-1F,21.69,40.0,740.0,ok,21.742,0.093,-0.533,39.677,0.35,0.66,731.067,6.319,0.927,-0.05,15.0,721.0,742.0,False
2025-03-10 10:43:10,S06,Study-Hall,22.4,41.7,859.0,ok,22.43,0.104,-0.321,41.577,0.374,0.253,862.6,9.561,-0.373,-0.11,10.0,843.0,883.0,False
2025-03-10 10:43:20,S01,Lecture-101,22.15,41.0,810.0,ok,22.068,0.105,0.839,41.01,0.419,-0.013,765.333,22.227,2.14,0.18,19.0,769.0,810.0,False
2025-03-10 10:43:20,S02,Lab-201,22.68,42.5,858.0,ok,22.781,0.781,-0.126,42.947,0.379,-0.967,851.067,7.714,0.75,0.07,12.0,842.0,868.0,False
2025-03-10 10:43:20,S03,Lab-305,22.81,44.1,851.0,ok,22.944,0.067,-1.413,44.277,0.388,-0.4,873.133,18.798,-1.235,-0.03,5.0,842.0,905.0,False
2025-03-10 10:43:20,S04,Library-1F,21.68,39.5,729.0,ok,21.741,0.093,-0.623,39.677,0.35,-0.353,731.167,6.259,-0.207,-0.05,15.0,721.0,742.0,False
2025-03-10 10:43:20,S06,Study-Hall,22.38,41.3,866.0,ok,22.431,0.104,-0.48,41.59,0.356,-0.553,862.167,9.075,0.34,-0.08,10.0,843.0,883.0,False
2025-03-10 10:43:30,S01,Lecture-101,22.09,40.9,811.0,ok,22.073,0.101,0.212,41.017,0.415,-0.22,768.067,22.643,2.055,0.13,25.0,769.0,811.0,False
2025-03-10 10:43:30,S02,Lab-201,22.8,43.2,865.0,ok,22.784,0.781,0.024,42.957,0.381,0.507,851.767,7.999,1.393,0.04,12.0,842.0,868.0,False
2025-03-10 10:43:30,S03,Lab-305,22.85,44.9,852.0,ok,22.939,0.068,-0.94,44.3,0.404,1.247,871.633,18.622,-1.124,-0.08,6.0,842.0,905.0,False
2025-03-10 10:43:30,S04,Library-1F,21.84,39.6,736.0,ok,21.75,0.088,0.99,39.66,0.341,-0.153,731.2,6.283,0.483,-0.05,11.0,721.0,742.0,False
2025-03-10 10:43:30,S06,Study-Hall,22.43,42.2,868.0,ok,22.436,0.099,-0.006,41.623,0.365,1.22,861.667,8.264,0.583,-0.06,12.0,843.0,880.0,False
2025-03-10 10:43:40,S01,Lecture-101,22.13,41.6,803.0,ok,22.078,0.101,0.559,41.013,0.41,1.167,770.7,21.923,1.543,0.04,23.0,769.0,811.0,False
2025-03-10 10:43:40,S02,Lab-201,22.87,43.4,867.0,ok,22.79,0.781,0.111,42.993,0.369,0.887,852.367,8.447,1.523,0.12,17.0,842.0,868.0,False
2025-03-10 10:43:40,S03,Lab-305,23.0,45.0,857.0,ok,22.944,0.066,0.613,44.333,0.42,1.4,870.033,17.696,-0.786,-0.08,1.0,842.0,903.0,False
2025-03-10 10:43:40,S04,Library-1F,21.89,40.0,734.0,ok,21.756,0.092,1.397,39.677,0.345,0.68,731.2,6.283,0.28,0.16,9.0,721.0,742.0,False
2025-03-10 10:43:40,S06,Study-Hall,22.47,41.9,862.0,ok,22.435,0.099,0.34,41.65,0.354,0.553,861.633,8.261,0.033,-0.03,12.0,843.0,880.0,False
2025-03-10 10:43:50,S01,Lecture-101,22.21,41.3,809.0,ok,22.087,0.099,1.311,41.043,0.396,0.573,773.267,21.743,1.747,0.04,22.0,769.0,811.0,False
2025-03-10 10:43:50,S02,Lab-201,22.65,42.5,857.0,ok,22.793,0.78,-0.18,42.983,0.378,-0.987,852.667,8.446,0.463,0.12,3.0,842.0,868.0,False
2025-03-10 10:43:50,S03,Lab-305,22.96,44.2,847.0,ok,22.944,0.066,0.16,44.353,0.397,-0.267,868.667,17.843,-1.302,0.03,1.0,842.0,903.0,False
2025-03-10 10:43:50,S04,Library-1F,21.71,39.7,731.0,ok,21.753,0.092,-0.46,39.67,0.343,0.047,731.167,6.281,-0.02,0.16,10.0,721.0,742.0,False
2025-03-10 10:43:50,S06,Study-Hall,22.43,41.4,871.0,ok,22.436,0.099,-0.05,41.65,0.354,-0.5,861.8,8.401,0.937,-0.03,5.0,850.0,880.0,False
2025-03-10 10:44:00,S01,Lecture-101,22.12,40.6,812.0,ok,22.091,0.098,0.327,41.007,0.384,-0.887,775.8,21.679,1.781,-0.07,14.0,779.0,812.0,False
2025-03-10 10:44:00,S02,Lab-201,22.49,42.9,862.0,ok,22.787,0.782,-0.388,42.97,0.373,-0.167,853.167,8.542,0.933,0.01,-1.0,842.0,868.0,False
2025-03-10 10:44:00,S03,Lab-305,22.91,44.5,842.0,ok,22.941,0.066,-0.337,44.357,0.398,0.293,866.8,17.596,-1.495,0.0,-4.0,842.0,903.0,False
2025-03-10 10:44:00,S04,Library-1F,21.87,40.1,722.0,ok,21.756,0.094,1.167,39.703,0.334,0.86,730.8,6.488,-0.917,0.19,-10.0,721.0,742.0,False
2025-03-10 10:44:00,S06,Study-Hall,22.52,41.6,872.0,ok,22.437,0.099,0.843,41.657,0.351,-0.1,862.167,8.603,1.02,0.12,8.0,850.0,880.0,False
2025-03-10 10:44:10,S01,Lecture-101,22.18,41.2,811.0,ok,22.101,0.091,0.887,41.003,0.382,0.387,777.833,22.033,1.624,-0.02,15.0,782.0,812.0,False
2025-03-10 10:44:10,S02,Lab-201,22.7,42.5,857.0,ok,22.792,0.781,-0.111,42.957,0.383,-0.94,853.3,8.571,0.383,0.01,-6.0,848.0,868.0,False
2025-03-10 10:44:10,S03,Lab-305,22.87,44.2,835.0,ok,22.936,0.066,-0.713,44.353,0.399,-0.313,865.133,18.171,-1.807,0.01,-8.0,835.0,903.0,False
2025-03-10 10:44:10,S04,Library-1F,21.74,39.6,734.0,ok,21.757,0.093,-0.157,39.703,0.334,-0.207,730.867,6.511,0.32,0.05,-9.0,721.0,742.0,False
2025-03-10 10:44:10,S06,Study-Hall,22.38,41.5,871.0,ok,22.434,0.1,-0.57,41.65,0.352,-0.313,862.0,8.371,0.883,0.08,11.0,850.0,880.0,False
2025-03-10 10:44:20,S01,Lecture-101,22.02,40.8,813.0,ok,22.103,0.088,-0.813,41.013,0.372,-0.407,780.033,22.143,1.596,-0.08,14.0,782.0,813.0,False
2025-03-10 10:44:20,S02,Lab-201,22.57,42.8,873.0,ok,22.792,0.781,-0.284,42.957,0.383,-0.313,853.9,9.293,1.97,-0.11,2.0,848.0,873.0,False
2025-03-10 10:44:20,S03,Lab-305,23.09,44.1,842.0,ok,22.942,0.071,1.537,44.347,0.401,-0.507,863.4,17.799,-1.273,0.06,-8.0,835.0,903.0,False
2025-03-10 10:44:20,S04,Library-1F,21.64,39.6,721.0,ok,21.755,0.095,-1.173,39.703,0.334,-0.207,730.2,6.462,-0.987,0.05,-18.0,721.0,742.0,False
2025-03-10 10:44:20,S06,Study-Hall,22.42,41.5,868.0,ok,22.43,0.098,-0.143,41.66,0.343,-0.3,861.833,8.192,0.6,0.04,11.0,854.0,880.0,False
2025-03-10 10:44:30,S01,Lecture-101,22.23,41.1,822.0,ok,22.111,0.089,1.267,41.033,0.359,0.173,782.367,22.766,1.895,0.03,3.0,782.0,822.0,False
2025-03-10 10:44:30,S02,Lab-201,22.75,43.0,865.0,ok,22.794,0.781,-0.054,42.95,0.38,0.087,854.533,9.384,1.11,-0.09,5.0,857.0,873.0,False
2025-03-10 10:44:30,S03,Lab-305,23.05,44.3,836.0,ok,22.942,0.07,1.077,44.33,0.392,-0.093,861.167,16.836,-1.539,0.2,-15.0,835.0,902.0,False
2025-03-10 10:44:30,S04,Library-1F,21.71,39.5,744.0,ok,21.752,0.095,-0.45,39.707,0.331,-0.407,730.467,6.862,1.38,0.02,-2.0,721.0,744.0,False
2025-03-10 10:44:30,S06,Study-Hall,22.33,42.0,872.0,ok,22.431,0.096,-1.0,41.697,0.317,0.68,861.567,7.695,1.017,-0.02,5.0,859.0,872.0,False
2025-03-10 10:44:40,S01,Lecture-101,22.15,41.6,829.0,ok,22.111,0.089,0.393,41.06,0.371,1.133,784.933,23.552,2.048,0.02,12.0,782.0,829.0,False
2025-03-10 10:44:40,S02,Lab-201,22.62,43.0,871.0,ok,22.794,0.781,-0.223,42.953,0.38,0.1,855.1,9.852,1.647,-0.18,6.0,857.0,873.0,False
2025-03-10 10:44:40,S04,Library-1F,21.77,40.0,729.0,ok,21.756,0.093,0.183,39.713,0.335,0.587,730.6,6.79,-0.147,-0.13,-5.0,721.0,744.0,False
2025-03-10 10:44:40,S06,Study-Hall,22.29,40.6,862.0,ok,22.427,0.1,-1.41,41.653,0.372,-2.193,861.733,7.647,0.043,-0.1,2.0,859.0,872.0,False
2025-03-10 10:44:50,S01,Lecture-101,22.14,41.9,832.0,ok,22.114,0.088,0.29,41.067,0.384,1.68,787.6,24.214,1.998,0.02,20.0,796.0,832.0,False
2025-03-10 10:44:50,S02,Lab-201,22.62,43.6,874.0,ok,22.792,0.781,-0.223,42.977,0.398,1.293,856.133,10.16,1.89,-0.18,6.0,857.0,874.0,False
2025-03-10 10:44:50,S03,Lab-305,22.91,44.7,846.0,ok,22.939,0.07,-0.317,44.36,0.385,0.74,859.3,15.175,-0.901,0.171,-8.571,835.0,889.0,False
2025-03-10 10:44:50,S04,Library-1F,21.78,39.3,734.0,ok,21.755,0.093,0.243,39.7,0.343,-0.827,730.633,6.805,0.34,-0.07,0.0,721.0,744.0,False
2025-03-10 10:44:50,S06,Study-Hall,22.51,41.4,863.0,ok,22.429,0.101,0.83,41.657,0.369,-0.507,861.733,7.647,0.127,-0.1,-5.0,859.0,872.0,False
2025-03-10 10:45:00,S01,Lecture-101,22.18,41.4,821.0,ok,22.12,0.087,0.657,41.08,0.389,0.667,789.7,24.29,1.379,0.02,20.0,798.0,832.0,False
2025-03-10 10:45:00,S02,Lab-201,22.65,44.0,873.0,ok,22.796,0.78,-0.182,43.01,0.44,2.047,857.0,10.458,1.66,-0.03,11.0,857.0,874.0,False
2025-03-10 10:45:00,S03,Lab-305,22.93,44.5,829.0,ok,22.941,0.069,-0.093,44.357,0.383,0.28,857.333,15.151,-1.997,-0.026,-13.714,829.0,889.0,False
2025-03-10 10:45:00,S04,Library-1F,21.79,39.2,728.0,ok,21.76,0.091,0.347,39.683,0.355,-1.0,730.6,6.816,-0.263,-0.09,-2.0,721.0,744.0,False
2025-03-10 10:45:00,S06,Study-Hall,22.44,41.3,857.0,ok,22.43,0.101,0.106,41.643,0.375,-0.713,861.3,7.53,-0.473,-0.03,-9.0,857.0,872.0,False
2025-03-10 10:45:10,S01,Lecture-101,22.28,41.4,836.0,ok,22.128,0.091,1.603,41.103,0.386,0.64,792.867,23.912,1.906,0.0,21.0,803.0,836.0,False
2025-03-10 10:45:10,S02,Lab-201,22.69,43.5,865.0,ok,22.799,0.78,-0.135,43.03,0.448,0.98,857.333,10.551,0.765,0.0,16.0,857.0,874.0,False
2025-03-10 10:45:10,S03,Lab-305,23.08,44.0,824.0,ok,22.946,0.074,1.393,44.333,0.383,-0.713,855.167,15.114,-2.2,-0.026,-15.429,824.0,883.0,False
2025-03-10 10:45:10,S04,Library-1F,21.82,39.1,722.0,ok,21.759,0.091,0.603,39.643,0.351,-1.167,730.267,6.987,-0.86,0.05,-3.0,721.0,744.0,False
2025-03-10 10:45:10,S06,Study-Hall,22.37,41.1,868.0,ok,22.426,0.101,-0.592,41.627,0.388,-1.087,861.5,7.628,0.67,0.01,-8.0,857.0,872.0,False
2025-03-10 10:44:40,S03,Lab-305,23.02,44.8,840.0,ok,22.943,0.071,0.783,44.363,0.388,0.94,859.1,15.394,-1.257,0.2,-12.0,835.0,889.0,False
2025-03-10 10:45:20,S01,Lecture-101,22.14,41.3,835.0,ok,22.136,0.079,0.123,41.113,0.388,0.393,795.633,23.822,1.762,0.06,23.0,803.0,836.0,False
2025-03-10 10:45:20,S02,Lab-201,22.73,43.3,875.0,ok,22.803,0.779,-0.089,43.027,0.446,0.54,858.667,10.152,1.674,0.12,11.0,857.0,875.0,False
2025-03-10 10:45:20,S03,Lab-305,22.86,44.0,833.0,ok,22.944,0.075,-0.86,44.343,0.395,-0.693,852.433,14.46,-1.439,0.02,-13.0,824.0,877.0,False
2025-03-10 10:45:20,S04,Library-1F,21.84,39.7,729.0,ok,21.762,0.092,0.813,39.643,0.351,0.113,730.533,6.771,-0.127,0.08,6.0,721.0,744.0,False
2025-03-10 10:45:20,S06,Study-Hall,22.47,41.5,877.0,ok,22.436,0.088,0.44,41.603,0.373,-0.253,861.867,8.102,1.55,0.02,-3.0,857.0,877.0,False
2025-03-10 10:45:30,S01,Lecture-101,22.19,41.8,823.0,ok,22.141,0.077,0.54,41.143,0.405,1.373,797.567,23.603,1.149,0.01,22.0,803.0,836.0,False
2025-03-10 10:45:30,S02,Lab-201,22.68,43.2,851.0,ok,22.807,0.778,-0.157,43.03,0.447,0.347,858.967,9.768,-0.755,-0.01,0.0,851.0,875.0,False
2025-03-10 10:45:30,S03,Lab-305,22.85,43.8,833.0,ok,22.941,0.077,-0.94,44.323,0.407,-1.087,850.967,14.109,-1.344,-0.19,-3.0,824.0,875.0,False
2025-03-10 10:45:30,S04,Library-1F,21.67,40.4,738.0,ok,21.758,0.093,-0.923,39.66,0.375,1.513,731.0,6.787,0.747,0.11,-5.0,721.0,744.0,False
2025-03-10 10:45:30,S06,Study-Hall,22.41,41.3,869.0,ok,22.435,0.088,-0.26,41.587,0.375,-0.607,862.1,8.206,0.713,0.03,-2.0,857.0,877.0,False
2025-03-10 10:45:40,S01,Lecture-101,22.24,41.0,834.0,ok,22.149,0.075,0.99,41.133,0.405,-0.287,800.067,23.347,1.544,0.04,12.0,809.0,836.0,False
2025-03-10 10:45:40,S02,Lab-201,22.52,43.5,867.0,ok,22.803,0.779,-0.369,43.047,0.455,0.94,859.933,9.028,0.803,0.06,-4.0,851.0,875.0,False
2025-03-10 10:45:40,S03,Lab-305,22.95,44.2,835.0,ok,22.941,0.077,0.087,44.317,0.407,-0.247,849.633,13.642,-1.132,-0.19,-7.0,824.0,871.0,False
2025-03-10 10:45:40,S04,Library-1F,22.0,39.1,742.0,ok,21.769,0.102,2.417,39.643,0.388,-1.12,731.1,6.93,1.1,0.13,9.0,721.0,744.0,False
2025-03-10 10:45:40,S06,Study-Hall,22.36,40.4,876.0,ok,22.429,0.086,-0.747,41.527,0.415,-2.373,862.467,8.577,1.39,0.08,8.0,857.0,877.0,False
2025-03-10 10:45:50,S01,Lecture-101,22.17,42.0,837.0,ok,22.15,0.075,0.21,41.173,0.429,1.733,802.7,22.89,1.582,0.04,5.0,811.0,837.0,False
2025-03-10 10:45:50,S02,Lab-201,22.52,42.7,864.0,filled,22.797,0.78,-0.364,43.053,0.448,-0.693,860.167,9.04,0.407,-0.1,-7.0,851.0,875.0,False
2025-03-10 10:45:50,S03,Lab-305,22.87,44.5,830.0,ok,22.936,0.077,-0.707,44.347,0.385,0.367,848.333,13.591,-1.439,-0.15,-7.0,824.0,871.0,False
2025-03-10 10:45:50,S04,Library-1F,21.66,39.6,725.0,ok,21.763,0.103,-1.067,39.63,0.383,-0.087,731.0,6.998,-0.61,-0.1,4.0,721.0,744.0,False
2025-03-10 10:45:50,S06,Study-Hall,22.37,42.1,870.0,ok,22.425,0.087,-0.587,41.543,0.428,1.147,862.533,8.629,0.753,0.04,7.0,857.0,877.0,False
2025-03-10 10:46:00,S01,Lecture-101,22.22,41.9,842.0,ok,22.156,0.074,0.697,41.22,0.429,1.453,804.967,23.313,1.717,0.07,8.0,811.0,842.0,False
2025-03-10 10:46:00,S02,Lab-201,22.6,42.9,870.0,ok,22.8,0.779,-0.253,43.057,0.446,-0.307,860.767,9.077,0.983,-0.1,-6.0,851.0,875.0,False
2025-03-10 10:46:00,S03,Lab-305,22.97,44.5,838.0,ok,22.938,0.077,0.343,44.323,0.351,0.307,847.233,13.016,-0.76,0.02,-5.0,824.0,870.0,False
2025-03-10 10:46:00,S04,Library-1F,21.55,39.7,726.0,ok,21.758,0.109,-2.068,39.617,0.372,0.14,730.833,7.057,-0.5,-0.12,-3.0,721.0,744.0,False
2025-03-10 10:46:00,S06,Study-Hall,22.46,41.0,875.0,ok,22.426,0.087,0.347,41.54,0.432,-1.087,863.133,8.854,1.247,-0.07,13.0,857.0,877.0,False
2025-03-10 10:46:10,S01,Lecture-101,22.32,42.0,843.0,ok,22.162,0.079,1.643,41.27,0.43,1.56,807.767,22.636,1.631,0.04,10.0,813.0,843.0,False
2025-03-10 10:46:10,S02,Lab-201,22.69,42.9,859.0,ok,22.801,0.779,-0.142,43.053,0.447,-0.313,860.933,8.994,-0.177,-0.05,-9.0,851.0,875.0,False
2025-03-10 10:46:10,S03,Lab-305,22.93,44.0,827.0,ok,22.936,0.076,-0.08,44.33,0.343,-0.647,845.833,12.852,-1.554,0.0,1.0,824.0,870.0,False
2025-03-10 10:46:10,S04,Library-1F,21.77,39.3,731.0,ok,21.759,0.109,0.107,39.603,0.376,-0.633,730.9,7.048,0.017,-0.13,-2.0,721.0,744.0,False
2025-03-10 10:46:10,S06,Study-Hall,22.35,41.4,866.0,ok,22.429,0.081,-0.757,41.527,0.43,-0.28,863.733,8.391,0.287,-0.07,7.0,857.0,877.0,False
2025-03-10 10:46:20,S01,Lecture-101,22.32,41.4,848.0,ok,22.168,0.084,1.577,41.267,0.429,0.26,809.7,23.526,1.777,0.14,8.0,821.0,848.0,False
2025-03-10 10:46:20,S02,Lab-201,22.56,43.7,859.0,ok,22.8,0.78,-0.309,43.093,0.449,1.293,861.1,8.907,-0.193,-0.09,-14.0,851.0,875.0,False
2025-03-10 10:46:20,S03,Lab-305,23.14,44.5,809.0,ok,22.939,0.082,2.043,44.333,0.344,0.34,844.067,14.132,-2.866,0.04,-2.0,809.0,870.0,False
2025-03-10 10:46:20,S04,Library-1F,21.8,39.3,724.0,ok,21.76,0.109,0.373,39.6,0.379,-0.607,730.967,6.97,-0.69,-0.05,-2.0,722.0,744.0,False
2025-03-10 10:46:20,S06,Study-Hall,22.42,41.0,877.0,ok,22.426,0.08,-0.09,41.513,0.44,-1.053,864.267,8.714,1.327,-0.02,7.0,857.0,877.0,False
2025-03-10 10:46:30,S01,Lecture-101,22.22,41.1,839.0,ok,22.167,0.083,0.523,41.277,0.421,-0.333,811.767,23.276,1.245,0.13,8.0,821.0,848.0,False
2025-03-10 10:46:30,S02,Lab-201,22.75,43.6,857.0,ok,22.803,0.779,-0.064,43.113,0.458,1.013,861.267,8.777,-0.41,0.0,-6.0,851.0,875.0,False
2025-03-10 10:46:30,S03,Lab-305,22.87,44.2,812.0,ok,22.938,0.083,-0.69,44.327,0.344,-0.267,842.267,14.671,-2.269,0.07,-21.0,809.0,870.0,False
2025-03-10 10:46:30,S04,Library-1F,21.92,39.5,729.0,ok,21.768,0.112,1.466,39.6,0.379,-0.2,730.733,6.913,-0.197,-0.02,0.0,722.0,744.0,False
2025-03-10 10:46:30,S06,Study-Hall,22.26,41.3,879.0,ok,22.415,0.078,-1.663,41.487,0.427,-0.427,864.933,9.055,1.473,-0.06,8.0,857.0,879.0,False
2025-03-10 10:46:40,S01,Lecture-101,22.18,41.4,852.0,ok,22.167,0.083,0.133,41.273,0.419,0.247,814.3,23.385,1.729,0.03,14.0,821.0,852.0,False
2025-03-10 10:46:40,S02,Lab-201,22.73,43.2,857.0,ok,22.807,0.779,-0.094,43.127,0.455,0.173,861.4,8.677,-0.427,0.05,-10.0,851.0,875.0,False
2025-03-10 10:46:40,S03,Lab-305,22.88,43.9,823.0,ok,22.937,0.084,-0.583,44.337,0.326,-0.853,840.7,14.106,-1.313,0.02,-21.0,809.0,867.0,False
2025-03-10 10:46:40,S04,Library-1F,21.81,39.9,724.0,ok,21.76,0.101,0.378,39.61,0.383,0.6,730.333,6.945,-0.673,-0.03,-14.0,722.0,744.0,False
2025-03-10 10:46:50,S01,Lecture-101,22.07,41.5,858.0,ok,22.164,0.085,-0.967,41.273,0.419,0.453,817.033,23.545,1.869,-0.01,18.0,821.0,858.0,False
2025-03-10 10:46:50,S03,Lab-305,22.86,44.4,815.0,ok,22.933,0.084,-0.767,44.323,0.315,0.127,839.033,14.09,-1.822,0.0,-18.0,809.0,867.0,False
2025-03-10 10:46:50,S04,Library-1F,21.84,40.5,724.0,ok,21.758,0.098,0.789,39.667,0.384,1.78,729.967,6.98,-0.633,0.17,-14.0,722.0,744.0,False
2025-03-10 10:46:50,S06,Study-Hall,22.41,42.0,867.0,ok,22.41,0.074,-0.047,41.507,0.437,1.027,865.3,8.902,0.207,0.0,0.857,857.0,879.0,False
2025-03-10 10:47:00,S01,Lecture-101,22.06,41.5,845.0,ok,22.162,0.087,-1.037,41.277,0.421,0.453,819.567,22.252,1.188,-0.15,15.0,823.0,858.0,False
2025-03-10 10:47:00,S02,Lab-201,22.61,43.2,859.0,ok,22.664,0.093,-0.253,43.143,0.448,0.147,861.9,8.049,-0.24,0.18,-6.0,851.0,875.0,False
2025-03-10 10:47:00,S03,Lab-305,22.98,44.6,820.0,ok,22.936,0.084,0.473,44.33,0.319,0.553,837.467,13.472,-1.351,-0.07,-15.0,809.0,863.0,False
2025-03-10 10:47:00,S04,Library-1F,21.68,39.7,726.0,ok,21.759,0.097,-0.777,39.677,0.381,0.067,730.0,6.958,-0.397,0.15,-2.0,722.0,744.0,False
2025-03-10 10:47:00,S06,Study-Hall,22.26,41.4,865.0,ok,22.401,0.076,-1.5,41.497,0.436,-0.213,866.033,7.845,-0.03,-0.094,-2.571,857.0,879.0,False
2025-03-10 10:46:50,S02,Lab-201,22.6,43.1,861.0,ok,22.664,0.093,-0.266,43.14,0.448,-0.053,861.967,8.032,-0.04,0.21,-7.0,851.0,875.0,False
2025-03-10 10:47:10,S01,Lecture-101,22.23,41.9,854.0,ok,22.169,0.084,0.683,41.307,0.432,1.247,822.067,21.744,1.547,-0.15,12.0,823.0,858.0,False
2025-03-10 10:47:10,S02,Lab-201,22.74,43.2,860.0,ok,22.662,0.09,0.76,43.16,0.442,0.107,862.5,7.133,-0.19,0.01,-4.0,851.0,875.0,False
2025-03-10 10:47:10,S03,Lab-305,23.0,44.2,821.0,ok,22.938,0.085,0.64,44.313,0.312,-0.26,836.767,13.771,-1.222,0.05,-10.0,809.0,863.0,False
2025-03-10 10:47:10,S04,Library-1F,21.73,39.9,727.0,ok,21.758,0.097,-0.287,39.683,0.383,0.447,730.067,6.918,-0.3,0.07,0.0,724.0,744.0,False
2025-03-10 10:47:10,S06,Study-Hall,22.32,41.6,861.0,ok,22.397,0.076,-0.813,41.5,0.436,0.207,866.4,7.309,-0.503,-0.043,-8.571,861.0,879.0,False
2025-03-10 10:46:40,S06,Study-Hall,22.37,41.7,871.0,ok,22.409,0.074,-0.447,41.497,0.429,0.427,865.433,8.958,0.607,-0.04,1.0,857.0,879.0,False
2025-03-10 10:47:20,S01,Lecture-101,22.24,41.3,851.0,ok,22.177,0.078,0.713,41.31,0.432,-0.013,824.267,21.197,1.331,-0.09,8.0,823.0,858.0,False
2025-03-10 10:47:20,S02,Lab-201,22.63,43.4,861.0,ok,22.664,0.089,-0.317,43.153,0.437,0.48,862.933,6.596,-0.15,0.03,1.0,851.0,875.0,False
2025-03-10 10:47:20,S03,Lab-305,22.91,44.4,826.0,ok,22.941,0.083,-0.283,44.323,0.309,0.173,836.133,13.816,-0.782,0.01,-6.0,809.0,863.0,False
2025-03-10 10:47:20,S04,Library-1F,21.86,40.1,718.0,ok,21.76,0.098,1.017,39.677,0.374,0.833,729.833,7.207,-1.207,-0.04,0.0,718.0,744.0,False
2025-03-10 10:47:20,S06,Study-Hall,22.3,42.1,875.0,ok,22.391,0.077,-0.937,41.527,0.439,1.213,867.8,6.332,0.803,-0.12,-10.0,861.0,879.0,False
2025-03-10 10:47:30,S01,Lecture-101,22.31,41.5,842.0,ok,22.184,0.08,1.333,41.33,0.426,0.38,826.1,20.218,0.837,-0.08,8.0,834.0,858.0,False
2025-03-10 10:47:30,S02,Lab-201,22.66,43.2,867.0,ok,22.661,0.087,-0.037,43.147,0.434,0.093,863.567,5.998,0.407,-0.03,2.0,857.0,875.0,False
2025-03-10 10:47:30,S03,Lab-305,22.9,44.5,817.0,ok,22.94,0.083,-0.41,44.317,0.303,0.353,835.0,13.948,-1.385,-0.02,9.0,809.0,863.0,False
2025-03-10 10:47:30,S04,Library-1F,21.75,39.9,726.0,ok,21.763,0.096,-0.097,39.667,0.363,0.447,729.9,7.16,-0.383,-0.05,-3.0,718.0,744.0,False
2025-03-10 10:47:30,S06,Study-Hall,22.31,41.6,868.0,ok,22.383,0.073,-0.813,41.52,0.436,0.147,868.267,5.771,0.02,-0.04,-9.0,861.0,879.0,False
2025-03-10 10:47:40,S01,Lecture-101,22.06,41.0,859.0,ok,22.179,0.083,-1.24,41.357,0.375,-0.66,828.233,20.2,1.627,0.02,3.0,837.0,859.0,False
2025-03-10 10:47:40,S02,Lab-201,22.65,42.8,849.0,ok,22.66,0.087,-0.107,43.113,0.421,-0.693,863.133,6.559,-1.457,-0.08,4.0,849.0,875.0,False
2025-03-10 10:47:40,S03,Lab-305,22.99,44.2,812.0,ok,22.941,0.083,0.5,44.31,0.303,-0.233,833.7,14.22,-1.649,0.03,5.0,809.0,863.0,False
2025-03-10 10:47:40,S04,Library-1F,21.8,39.7,720.0,ok,21.767,0.095,0.37,39.673,0.362,0.067,729.2,7.063,-0.99,-0.01,-4.0,718.0,744.0,False
2025-03-10 10:47:40,S06,Study-Hall,22.45,41.2,877.0,ok,22.383,0.072,0.667,41.497,0.433,-0.64,868.5,5.981,0.873,-0.06,-2.0,861.0,879.0,False
2025-03-10 10:47:50,S01,Lecture-101,22.32,41.7,872.0,ok,22.189,0.083,1.407,41.37,0.38,0.687,831.233,19.776,2.167,0.13,7.0,839.0,872.0,False
2025-03-10 10:47:50,S02,Lab-201,22.71,41.9,855.0,ok,22.663,0.087,0.503,43.07,0.475,-2.427,862.867,6.725,-0.813,-0.07,-2.0,849.0,875.0,False
2025-03-10 10:47:50,S03,Lab-305,22.83,44.9,810.0,ok,22.939,0.086,-1.11,44.337,0.319,1.18,831.933,13.739,-1.667,0.03,-3.0,809.0,857.0,False
2025-03-10 10:47:50,S04,Library-1F,21.8,39.6,724.0,filled,21.771,0.093,0.33,39.673,0.362,-0.147,729.3,6.964,-0.52,-0.04,0.0,718.0,744.0,False
2025-03-10 10:47:50,S06,Study-Hall,22.35,41.9,881.0,ok,22.386,0.068,-0.33,41.487,0.42,0.807,869.1,6.305,1.25,-0.02,6.0,861.0,881.0,False
2025-03-10 10:48:00,S01,Lecture-101,22.25,41.1,862.0,ok,22.187,0.081,0.613,41.367,0.382,-0.54,833.433,19.388,1.556,0.18,10.0,839.0,872.0,False
2025-03-10 10:48:00,S02,Lab-201,22.67,43.1,856.0,ok,22.664,0.087,0.067,43.06,0.471,0.06,862.467,6.766,-0.687,0.06,-4.0,849.0,875.0,False
2025-03-10 10:48:00,S03,Lab-305,22.96,44.1,812.0,ok,22.936,0.083,0.213,44.337,0.319,-0.473,830.667,13.767,-1.451,0.08,-8.0,809.0,857.0,False
2025-03-10 10:48:00,S04,Library-1F,21.67,38.9,737.0,ok,21.769,0.095,-1.01,39.667,0.374,-1.547,729.133,6.704,0.77,-0.01,0.0,718.0,744.0,False
2025-03-10 10:48:00,S05,Canteen,23.94,51.3,528.0,ok,25.026,0.218,,54.853,0.792,,971.233,83.862,,0.003,-0.333,528.0,997.0,False
2025-03-10 10:48:00,S06,Study-Hall,22.46,42.2,878.0,ok,22.39,0.069,0.737,41.507,0.439,1.427,869.7,6.265,0.89,0.08,11.0,861.0,881.0,False
2025-03-10 10:48:10,S01,Lecture-101,22.27,40.9,870.0,ok,22.19,0.083,0.827,41.37,0.377,-0.933,835.833,19.307,1.886,0.2,16.0,839.0,872.0,False
2025-03-10 10:48:10,S02,Lab-201,22.69,42.8,858.0,ok,22.661,0.084,0.257,43.087,0.43,-0.52,862.4,6.801,-0.447,0.08,-4.0,849.0,875.0,False
2025-03-10 10:48:10,S03,Lab-305,22.97,43.5,814.0,ok,22.94,0.082,0.34,44.323,0.345,-1.673,829.6,13.778,-1.211,-0.02,-8.0,809.0,857.0,False
2025-03-10 10:48:10,S04,Library-1F,21.61,39.4,724.0,ok,21.767,0.098,-1.593,39.647,0.372,-0.533,728.6,6.441,-0.513,-0.06,-2.0,718.0,744.0,False
2025-03-10 10:48:10,S05,Canteen,23.94,50.6,507.0,ok,24.99,0.295,-4.975,54.71,1.109,-5.373,955.3,119.143,-5.536,-0.126,-51.556,507.0,997.0,False
2025-03-10 10:48:10,S06,Study-Hall,22.25,41.5,869.0,ok,22.385,0.074,-1.4,41.5,0.438,-0.013,870.033,5.933,-0.07,0.03,13.0,861.0,881.0,False
2025-03-10 10:48:20,S01,Lecture-101,22.08,42.1,857.0,ok,22.187,0.085,-1.097,41.407,0.393,1.46,837.4,19.044,1.096,0.02,11.0,839.0,872.0,False
2025-03-10 10:48:20,S02,Lab-201,22.72,43.6,858.0,ok,22.662,0.085,0.59,43.123,0.425,1.027,862.4,6.801,-0.44,0.06,-2.0,849.0,875.0,False
2025-03-10 10:48:20,S03,Lab-305,23.07,44.3,807.0,ok,22.949,0.082,1.3,44.33,0.343,-0.047,828.133,13.763,-1.64,-0.01,-9.0,807.0,857.0,False
2025-03-10 10:48:20,S04,Library-1F,21.88,39.5,738.0,ok,21.773,0.099,1.133,39.647,0.372,-0.293,728.9,6.666,0.94,-0.06,11.0,718.0,744.0,False
2025-03-10 10:48:20,S05,Canteen,23.95,50.3,515.0,ok,24.947,0.347,-3.526,54.523,1.347,-3.978,939.467,143.455,-3.696,-0.13,-53.0,507.0,997.0,False
2025-03-10 10:48:20,S06,Study-Hall,22.54,41.3,865.0,ok,22.39,0.079,1.55,41.5,0.438,-0.4,870.0,5.96,-0.503,0.16,4.0,861.0,881.0,False
2025-03-10 10:48:30,S01,Lecture-101,22.29,41.3,874.0,ok,22.194,0.085,1.027,41.42,0.382,-0.213,839.5,19.5,1.922,0.03,19.0,842.0,874.0,False
2025-03-10 10:48:30,S02,Lab-201,22.57,43.1,852.0,ok,22.655,0.082,-0.923,43.12,0.425,-0.047,861.967,7.039,-1.04,0.03,-3.0,849.0,875.0,False
2025-03-10 10:48:30,S03,Lab-305,23.11,44.1,800.0,ok,22.957,0.085,1.613,44.303,0.327,-0.46,826.4,13.927,-2.044,0.16,-14.0,800.0,857.0,False
2025-03-10 10:48:30,S04,Library-1F,21.7,40.2,724.0,ok,21.769,0.099,-0.733,39.667,0.385,1.107,728.5,6.585,-0.49,-0.05,-2.0,718.0,744.0,False
2025-03-10 10:48:30,S05,Canteen,23.85,50.3,513.0,ok,24.904,0.399,-3.162,54.357,1.543,-3.135,923.9,162.921,-2.973,-0.13,-52.667,507.0,997.0,False
2025-03-10 10:48:30,S06,Study-Hall,22.33,41.4,860.0,ok,22.387,0.079,-0.603,41.473,0.418,-0.2,869.733,6.225,-1.0,0.02,-3.0,860.0,881.0,False
2025-03-10 10:48:40,S01,Lecture-101,22.09,41.1,856.0,ok,22.193,0.086,-1.04,41.403,0.385,-0.64,841.267,18.452,0.846,-0.15,6.0,842.0,874.0,False
2025-03-10 10:48:40,S02,Lab-201,22.78,44.0,858.0,ok,22.652,0.075,1.253,43.14,0.452,1.76,861.667,7.009,-0.397,0.07,-3.0,849.0,875.0,False
2025-03-10 10:48:40,S03,Lab-305,22.91,44.3,809.0,ok,22.954,0.085,-0.473,44.28,0.3,-0.007,824.8,13.018,-1.249,0.16,-10.0,800.0,847.0,False
2025-03-10 10:48:40,S04,Library-1F,21.94,39.1,737.0,ok,21.77,0.101,1.713,39.637,0.393,-1.133,728.6,6.693,0.85,0.08,17.0,718.0,744.0,False
2025-03-10 10:48:40,S05,Canteen,23.87,50.5,505.0,ok,24.866,0.44,-2.595,54.223,1.695,-2.5,908.233,179.584,-2.571,-0.13,-52.556,505.0,997.0,False
2025-03-10 10:48:40,S06,Study-Hall,22.41,41.6,875.0,ok,22.385,0.078,0.23,41.463,0.411,0.253,870.167,6.12,0.527,0.1,-10.0,860.0,881.0,False
2025-03-10 10:48:50,S01,Lecture-101,22.25,41.9,874.0,ok,22.194,0.087,0.573,41.423,0.395,0.993,843.433,18.349,1.774,-0.06,15.0,842.0,874.0,False
2025-03-10 10:48:50,S02,Lab-201,22.64,43.9,859.0,ok,22.651,0.075,-0.117,43.187,0.455,1.52,861.733,6.973,-0.267,-0.02,3.0,849.0,875.0,False
2025-03-10 10:48:50,S03,Lab-305,23.01,44.6,800.0,ok,22.956,0.085,0.557,44.293,0.305,0.64,823.233,13.082,-1.905,0.11,-12.0,800.0,846.0,False
2025-03-10 10:48:50,S04,Library-1F,21.68,40.1,738.0,ok,21.769,0.102,-0.892,39.65,0.402,0.927,728.833,6.899,0.94,-0.1,13.0,718.0,744.0,False
2025-03-10 10:48:50,S05,Canteen,23.84,51.1,509.0,ok,24.825,0.476,-2.331,54.117,1.788,-1.842,892.3,193.054,-2.223,-0.132,-52.778,505.0,997.0,False
2025-03-10 10:48:50,S06,Study-Hall,22.38,42.3,860.0,ok,22.383,0.077,-0.05,41.493,0.438,1.673,869.8,6.392,-1.017,0.03,-17.0,860.0,881.0,False
2025-03-10 10:49:00,S01,Lecture-101,22.39,41.5,866.0,ok,22.203,0.093,1.96,41.453,0.363,0.153,845.233,17.799,1.23,0.0,4.0,842.0,874.0,False
2025-03-10 10:49:00,S02,Lab-201,22.83,42.6,854.0,ok,22.663,0.076,1.787,43.177,0.465,-1.173,861.467,7.114,-0.773,0.11,3.0,849.0,875.0,False
2025-03-10 10:49:00,S03,Lab-305,22.85,43.8,809.0,ok,22.954,0.087,-1.06,44.27,0.315,-0.987,822.133,12.835,-1.088,-0.05,-3.0,800.0,846.0,False
2025-03-10 10:49:00,S04,Library-1F,21.65,39.8,732.0,ok,21.762,0.102,-1.169,39.64,0.394,0.3,729.167,6.798,0.317,-0.12,13.0,718.0,744.0,False
2025-03-10 10:49:00,S05,Canteen,23.93,50.7,509.0,filled,24.791,0.503,-1.879,53.98,1.888,-1.91,876.367,204.363,-1.985,-1.15,-475.0,505.0,997.0,False
2025-03-10 10:49:00,S06,Study-Hall,22.44,41.7,868.0,ok,22.381,0.074,0.567,41.497,0.439,0.413,869.667,6.386,-0.18,-0.04,-10.0,860.0,881.0,False
2025-03-10 10:49:10,S01,Lecture-101,22.31,41.4,878.0,ok,22.207,0.094,1.07,41.46,0.36,-0.107,847.467,17.557,1.841,0.04,4.0,842.0,878.0,False
2025-03-10 10:49:10,S02,Lab-201,22.72,43.2,868.0,ok,22.663,0.076,0.573,43.2,0.447,0.047,861.833,7.159,0.653,0.03,3.0,849.0,875.0,False
2025-03-10 10:49:10,S03,Lab-305,22.81,44.4,809.0,ok,22.952,0.09,-1.44,44.277,0.316,0.26,821.267,12.814,-1.023,-0.11,-3.0,800.0,846.0,False
2025-03-10 10:49:10,S04,Library-1F,21.71,39.6,731.0,ok,21.761,0.103,-0.507,39.64,0.394,-0.08,729.067,6.746,0.183,0.01,8.0,718.0,744.0,False
2025-03-10 10:49:10,S05,Canteen,23.9,49.9,506.0,ok,24.748,0.522,-1.772,53.817,2.022,-2.161,860.433,214.085,-1.812,-0.04,-19.0,505.0,997.0,False
2025-03-10 10:49:10,S06,Study-Hall,22.48,41.6,858.0,ok,22.384,0.076,0.993,41.5,0.439,0.207,869.233,6.725,-1.167,0.09,-18.0,858.0,881.0,False
2025-03-10 10:49:20,S01,Lecture-101,22.37,42.0,871.0,ok,22.219,0.092,1.627,41.5,0.35,1.08,849.4,16.808,1.34,0.12,9.0,842.0,878.0,False
2025-03-10 10:49:20,S02,Lab-201,22.7,42.4,841.0,ok,22.668,0.074,0.367,43.187,0.465,-1.6,860.767,7.793,-2.083,0.03,-4.0,841.0,875.0,False
2025-03-10 10:49:20,S03,Lab-305,22.93,44.0,806.0,ok,22.947,0.086,-0.22,44.273,0.318,-0.553,820.067,12.487,-1.191,-0.12,-3.0,800.0,846.0,False
2025-03-10 10:49:20,S04,Library-1F,21.8,39.1,741.0,ok,21.766,0.1,0.379,39.623,0.407,-1.08,729.733,6.908,1.193,0.04,-5.0,720.0,744.0,False
2025-03-10 10:49:20,S05,Canteen,23.87,50.3,491.0,ok,24.708,0.542,-1.681,53.647,2.097,-1.739,844.2,223.135,-1.726,-0.04,-9.0,491.0,997.0,False
2025-03-10 10:49:20,S06,Study-Hall,22.3,41.5,870.0,ok,22.38,0.077,-0.84,41.5,0.439,0.0,869.3,6.722,0.077,-0.02,-1.0,858.0,881.0,False
2025-03-10 10:49:30,S01,Lecture-101,22.22,41.7,864.0,ok,22.219,0.092,0.01,41.52,0.344,0.4,850.8,16.185,0.869,0.04,1.0,856.0,878.0,False
2025-03-10 10:49:30,S02,Lab-201,22.71,42.6,847.0,ok,22.666,0.073,0.423,43.173,0.476,-1.173,860.167,8.141,-1.377,0.02,-11.0,841.0,875.0,False
2025-03-10 10:49:30,S03,Lab-305,22.93,44.4,791.0,ok,22.943,0.084,-0.167,44.277,0.319,0.253,818.567,13.19,-2.328,-0.14,-1.0,791.0,846.0,False
2025-03-10 10:49:30,S04,Library-1F,21.69,39.8,731.0,ok,21.766,0.101,-0.76,39.633,0.407,0.353,729.3,6.369,0.127,0.01,7.0,720.0,742.0,False
2025-03-10 10:49:30,S05,Canteen,23.71,50.0,498.0,ok,24.662,0.567,-1.84,53.48,2.183,-1.739,827.733,229.975,-1.552,-0.07,-15.0,491.0,997.0,False
2025-03-10 10:49:30,S06,Study-Hall,22.38,41.0,851.0,ok,22.382,0.077,0.0,41.467,0.438,-1.0,868.6,7.481,-1.83,0.05,-7.0,851.0,881.0,False
2025-03-10 10:49:40,S01,Lecture-101,22.29,41.6,876.0,ok,22.223,0.092,0.713,41.52,0.344,0.16,852.367,16.277,1.557,0.2,14.0,856.0,878.0,False
2025-03-10 10:49:40,S02,Lab-201,22.64,43.0,855.0,ok,22.667,0.073,-0.263,43.173,0.476,-0.347,859.633,7.928,-0.517,-0.02,-11.0,841.0,875.0,False
2025-03-10 10:49:40,S03,Lab-305,22.99,44.6,802.0,ok,22.942,0.083,0.473,44.27,0.31,0.647,817.3,12.882,-1.256,-0.14,-5.0,791.0,846.0,False
2025-03-10 10:49:40,S04,Library-1F,21.8,40.0,735.0,ok,21.767,0.101,0.34,39.633,0.407,0.733,729.5,6.453,0.57,-0.08,-2.0,724.0,742.0,False
2025-03-10 10:49:40,S05,Canteen,23.87,49.9,484.0,ok,24.626,0.582,-1.397,53.333,2.272,-1.64,810.967,236.214,-1.495,0.0,-22.0,484.0,997.0,False
2025-03-10 10:49:40,S06,Study-Hall,22.38,41.6,866.0,ok,22.385,0.075,-0.017,41.5,0.407,0.267,868.733,7.395,-0.26,-0.03,1.0,851.0,881.0,False
2025-03-10 10:49:50,S01,Lecture-101,22.15,41.7,879.0,ok,22.224,0.092,-0.733,41.513,0.338,0.36,853.933,16.509,1.636,-0.03,2.0,856.0,879.0,False
2025-03-10 10:49:50,S02,Lab-201,26.73,42.9,854.0,ok,22.804,0.745,40.63,43.15,0.472,-0.547,858.967,7.509,-0.563,0.07,-4.0,841.0,875.0,False
2025-03-10 10:49:50,S03,Lab-305,22.97,44.1,813.0,ok,22.944,0.083,0.283,44.25,0.3,-0.34,816.2,11.701,-0.334,-0.04,2.0,791.0,838.0,False
2025-03-10 10:49:50,S04,Library-1F,21.76,40.0,743.0,ok,21.766,0.101,-0.066,39.657,0.407,0.733,729.8,6.865,1.35,0.06,-2.0,724.0,743.0,False
2025-03-10 10:49:50,S05,Canteen,23.76,50.4,490.0,ok,24.584,0.598,-1.488,53.18,2.311,-1.291,794.267,240.714,-1.359,-0.09,-19.0,484.0,997.0,False
2025-03-10 10:49:50,S06,Study-Hall,22.33,40.7,867.0,ok,22.379,0.071,-0.547,41.477,0.432,-1.6,868.867,7.324,-0.173,0.0,6.0,851.0,881.0,False
2025-03-10 10:50:00,S01,Lecture-101,22.33,41.8,872.0,ok,22.229,0.093,1.063,41.527,0.341,0.573,855.633,15.602,1.094,0.04,10.0,856.0,879.0,False
2025-03-10 10:50:00,S02,Lab-201,22.72,42.9,857.0,ok,22.806,0.745,-0.113,43.113,0.445,-0.5,858.433,7.03,-0.197,-0.06,-3.0,841.0,875.0,False
2025-03-10 10:50:00,S03,Lab-305,22.89,44.3,806.0,ok,22.942,0.083,-0.537,44.243,0.297,0.1,815.433,11.587,-0.872,0.06,-3.0,791.0,838.0,False
2025-03-10 10:50:00,S04,Library-1F,21.73,39.1,736.0,ok,21.764,0.101,-0.356,39.653,0.412,-1.113,730.067,6.948,0.62,0.08,-1.0,724.0,743.0,False
2025-03-10 10:50:00,S05,Canteen,23.68,50.1,488.0,ok,24.534,0.609,-1.512,53.013,2.347,-1.333,777.633,244.153,-1.272,-0.11,-21.0,484.0,997.0,False
2025-03-10 10:50:00,S06,Study-Hall,22.48,41.5,855.0,ok,22.38,0.073,1.013,41.483,0.431,0.047,868.8,7.444,-1.387,-0.03,-2.0,851.0,881.0,False
2025-03-10 10:50:10,S01,Lecture-101,22.33,41.3,875.0,ok,22.23,0.095,1.013,41.523,0.343,-0.453,856.933,15.534,1.241,0.02,1.0,856.0,879.0,False
2025-03-10 10:50:10,S02,Lab-201,22.68,43.5,852.0,ok,22.806,0.745,-0.17,43.113,0.445,0.773,858.0,7.012,-0.643,0.0,-5.0,841.0,875.0,False
2025-03-10 10:50:10,S03,Lab-305,22.95,44.3,807.0,ok,22.938,0.079,0.077,44.253,0.293,0.113,814.867,11.569,-0.728,0.1,-2.0,791.0,838.0,False
2025-03-10 10:50:10,S04,Library-1F,21.71,39.3,743.0,ok,21.76,0.101,-0.533,39.66,0.404,-0.707,730.767,7.162,1.293,0.05,11.0,724.0,743.0,False
2025-03-10 10:50:10,S05,Canteen,23.7,51.1,496.0,ok,24.491,0.621,-1.369,52.87,2.328,-0.815,761.033,245.858,-1.154,-0.2,-19.0,484.0,997.0,False
2025-03-10 10:50:10,S06,Study-Hall,22.38,41.8,846.0,ok,22.38,0.073,0.0,41.507,0.428,0.633,868.067,8.53,-2.28,-0.06,-5.0,846.0,881.0,False
2025-03-10 10:50:20,S01,Lecture-101,22.35,41.2,886.0,ok,22.237,0.096,1.197,41.52,0.346,-0.647,858.633,15.839,1.871,-0.04,4.0,856.0,886.0,False
2025-03-10 10:50:20,S02,Lab-201,22.65,43.2,843.0,ok,22.803,0.745,-0.209,43.11,0.444,0.173,856.933,6.767,-1.5,-0.04,-2.0,841.0,870.0,False
2025-03-10 10:50:20,S03,Lab-305,22.91,43.9,795.0,ok,22.94,0.078,-0.28,44.25,0.297,-0.707,813.6,11.595,-1.717,0.06,-3.0,791.0,838.0,False
2025-03-10 10:50:20,S04,Library-1F,21.74,39.8,729.0,ok,21.757,0.1,-0.201,39.663,0.405,0.28,730.767,7.162,-0.177,0.02,4.0,724.0,743.0,False
2025-03-10 10:50:20,S05,Canteen,23.61,49.9,491.0,ok,24.442,0.631,-1.418,52.703,2.356,-1.276,744.4,246.712,-1.098,-0.22,-15.0,484.0,997.0,False
2025-03-10 10:50:20,S06,Study-Hall,22.42,41.3,827.0,ok,22.379,0.071,0.397,41.5,0.43,-0.413,866.4,11.193,-4.107,-0.02,-22.0,827.0,881.0,False
2025-03-10 10:50:30,S01,Lecture-101,22.15,41.6,883.0,ok,22.236,0.097,-0.873,41.513,0.342,0.16,860.633,14.947,1.538,0.02,12.0,856.0,886.0,False
2025-03-10 10:50:30,S02,Lab-201,22.57,42.4,854.0,ok,22.8,0.746,-0.313,43.083,0.462,-1.42,857.033,6.698,-0.293,-0.06,5.0,841.0,870.0,False
2025-03-10 10:50:30,S03,Lab-305,22.91,43.4,803.0,ok,22.942,0.076,-0.297,44.237,0.325,-1.7,812.6,11.15,-0.914,-0.02,-3.0,791.0,838.0,False
2025-03-10 10:50:30,S04,Library-1F,21.73,39.5,737.0,ok,21.759,0.099,-0.27,39.633,0.381,-0.327,730.733,7.129,0.623,0.02,6.0,729.0,743.0,False
2025-03-10 10:50:30,S05,Canteen,23.69,49.9,486.0,ok,24.4,0.638,-1.192,52.547,2.382,-1.19,728.1,247.105,-1.047,-0.18,-7.0,484.0,997.0,False
2025-03-10 10:50:30,S06,Study-Hall,22.25,41.5,831.0,ok,22.373,0.075,-1.287,41.507,0.428,0.0,865.133,12.907,-3.163,0.0,-27.0,827.0,881.0,False
2025-03-10 10:50:40,S01,Lecture-101,22.21,41.9,879.0,ok,22.235,0.097,-0.26,41.543,0.335,0.773,862.133,14.431,1.229,-0.08,12.0,864.0,886.0,False
2025-03-10 10:50:40,S02,Lab-201,22.67,43.3,855.0,ok,22.805,0.745,-0.174,43.077,0.458,0.433,856.633,6.435,-0.203,-0.05,7.0,841.0,870.0,False
2025-03-10 10:50:40,S03,Lab-305,22.9,43.9,791.0,ok,22.94,0.077,-0.417,44.227,0.331,-0.673,811.133,10.994,-1.937,-0.02,-7.0,791.0,838.0,False
2025-03-10 10:50:40,S04,Library-1F,21.75,39.4,736.0,ok,21.751,0.088,-0.09,39.643,0.37,-0.467,730.533,6.882,0.527,-0.06,1.0,729.0,743.0,False
2025-03-10 10:50:40,S05,Canteen,23.71,50.0,494.0,ok,24.351,0.632,-1.082,52.373,2.371,-1.069,711.6,245.605,-0.947,-0.18,0.0,484.0,997.0,False
2025-03-10 10:50:40,S06,Study-Hall,22.38,41.5,830.0,ok,22.374,0.075,0.067,41.543,0.374,-0.013,863.6,14.236,-2.722,0.0,-36.0,827.0,881.0,False
2025-03-10 10:50:50,S01,Lecture-101,22.25,40.7,884.0,ok,22.238,0.096,0.15,41.5,0.357,-1.687,863.7,14.157,1.515,-0.01,7.0,864.0,886.0,False
2025-03-10 10:50:50,S02,Lab-201,22.75,42.9,853.0,ok,22.812,0.743,-0.073,43.083,0.453,-0.353,856.267,6.313,-0.363,-0.04,0.0,841.0,870.0,False
2025-03-10 10:50:50,S03,Lab-305,23.08,43.6,802.0,ok,22.947,0.08,1.4,44.197,0.346,-1.253,810.2,10.516,-0.831,-0.06,0.0,791.0,838.0,False
2025-03-10 10:50:50,S04,Library-1F,21.68,39.7,731.0,ok,21.751,0.087,-0.707,39.647,0.37,0.113,730.733,6.802,0.047,-0.03,1.0,729.0,743.0,False
2025-03-10 10:50:50,S05,Canteen,23.69,49.5,475.0,ok,24.304,0.627,-1.046,52.193,2.378,-1.212,694.5,243.547,-0.963,-0.07,-4.0,475.0,997.0,False
2025-03-10 10:50:50,S06,Study-Hall,22.32,41.2,820.0,ok,22.372,0.075,-0.54,41.513,0.364,-0.687,861.933,16.246,-3.063,-0.06,-36.0,820.0,881.0,False
2025-03-10 10:51:00,S01,Lecture-101,22.3,42.5,883.0,ok,22.24,0.096,0.623,41.52,0.395,2.0,865.067,13.968,1.363,-0.04,7.0,864.0,886.0,False
2025-03-10 10:51:00,S02,Lab-201,22.78,43.1,852.0,ok,22.818,0.742,-0.044,43.09,0.452,0.033,855.667,5.797,-0.427,0.03,-2.0,841.0,868.0,False
2025-03-10 10:51:00,S03,Lab-305,23.01,43.9,789.0,ok,22.948,0.08,0.63,44.177,0.345,-0.593,808.567,9.832,-2.016,0.04,-15.0,789.0,827.0,False
2025-03-10 10:51:00,S04,Library-1F,21.75,39.6,740.0,ok,21.758,0.078,-0.013,39.643,0.37,-0.093,731.2,6.945,0.927,-0.01,0.0,729.0,743.0,False
2025-03-10 10:51:00,S05,Canteen,23.58,49.3,482.0,ok,24.254,0.623,-1.155,52.017,2.39,-1.217,677.7,240.104,-0.873,-0.07,-6.0,475.0,997.0,False
2025-03-10 10:51:00,S06,Study-Hall,22.33,41.9,811.0,ok,22.368,0.074,-0.423,41.543,0.357,0.773,859.8,18.514,-3.135,-0.05,-46.0,811.0,881.0,False
2025-03-10 10:51:10,S01,Lecture-101,22.29,42.2,888.0,ok,22.239,0.096,0.497,41.527,0.405,1.36,866.567,13.933,1.642,-0.04,9.0,864.0,888.0,False
2025-03-10 10:51:10,S02,Lab-201,22.51,43.4,851.0,ok,22.812,0.743,-0.416,43.107,0.454,0.62,855.4,5.823,-0.467,0.03,-2.0,841.0,868.0,False
2025-03-10 10:51:10,S03,Lab-305,22.92,44.1,794.0,ok,22.948,0.08,-0.283,44.18,0.344,-0.153,807.467,9.54,-1.457,0.06,-13.0,789.0,826.0,False
2025-03-10 10:51:10,S04,Library-1F,21.75,39.4,741.0,ok,21.757,0.078,-0.08,39.647,0.367,-0.487,731.533,7.171,0.98,0.02,-3.0,729.0,743.0,False
2025-03-10 10:51:10,S05,Canteen,23.69,49.7,480.0,ok,24.209,0.613,-0.906,51.827,2.338,-0.969,660.633,235.139,-0.823,-0.01,-10.0,475.0,997.0,False
2025-03-10 10:51:10,S06,Study-Hall,22.28,41.3,799.0,ok,22.366,0.076,-0.88,41.54,0.359,-0.487,857.567,21.535,-3.284,-0.06,-44.0,799.0,881.0,False
2025-03-10 10:51:20,S01,Lecture-101,22.23,41.5,898.0,ok,22.236,0.095,-0.093,41.53,0.404,-0.053,868.233,14.609,2.256,-0.04,13.0,864.0,898.0,False
2025-03-10 10:51:20,S02,Lab-201,22.55,43.5,867.0,ok,22.812,0.744,-0.353,43.1,0.446,0.787,855.667,6.166,1.16,-0.13,0.0,843.0,868.0,False
2025-03-10 10:51:20,S03,Lab-305,22.93,43.7,795.0,ok,22.941,0.072,-0.18,44.153,0.349,-0.96,807.0,9.801,-1.247,0.02,-12.0,789.0,826.0,False
2025-03-10 10:51:20,S04,Library-1F,21.7,39.4,736.0,ok,21.754,0.079,-0.573,39.65,0.365,-0.493,731.933,7.071,0.447,0.02,4.0,729.0,743.0,False
2025-03-10 10:51:20,S05,Canteen,23.64,49.2,475.0,ok,24.165,0.604,-0.929,51.627,2.295,-1.124,643.633,229.241,-0.789,-0.04,-11.0,475.0,997.0,False
2025-03-10 10:51:20,S06,Study-Hall,22.32,41.0,793.0,ok,22.362,0.075,-0.457,41.54,0.359,-1.08,854.767,24.216,-2.998,-0.1,-47.0,793.0,881.0,False
2025-03-10 10:51:30,S01,Lecture-101,22.35,41.7,893.0,ok,22.241,0.097,1.137,41.55,0.397,0.34,870.033,14.204,1.695,-0.04,10.0,872.0,898.0,False
2025-03-10 10:51:30,S02,Lab-201,22.56,43.8,855.0,ok,22.806,0.745,-0.339,43.107,0.456,1.4,855.6,6.162,-0.067,-0.1,3.0,843.0,868.0,False
2025-03-10 10:51:30,S03,Lab-305,23.03,44.6,795.0,ok,22.946,0.072,0.89,44.167,0.358,0.893,806.433,9.992,-1.2,0.02,-8.0,789.0,826.0,False
2025-03-10 10:51:30,S04,Library-1F,21.8,39.5,728.0,ok,21.75,0.073,0.46,39.65,0.365,-0.3,731.9,7.087,-0.393,0.02,-1.0,728.0,743.0,False
2025-03-10 10:51:30,S05,Canteen,23.59,49.3,476.0,ok,24.116,0.589,-0.952,51.43,2.23,-1.014,626.7,221.876,-0.731,-0.05,-15.0,475.0,997.0,False
2025-03-10 10:51:30,S06,Study-Hall,22.17,41.2,786.0,ok,22.359,0.081,-1.923,41.537,0.361,-0.68,851.667,26.819,-2.84,-0.1,-38.0,786.0,881.0,False
2025-03-10 10:51:40,S01,Lecture-101,22.36,41.5,888.0,ok,22.247,0.098,1.193,41.553,0.396,-0.1,871.233,14.149,1.265,0.14,10.0,872.0,898.0,False
2025-03-10 10:51:40,S02,Lab-201,22.82,42.6,853.0,ok,22.809,0.745,0.019,43.087,0.464,-1.013,855.467,6.174,-0.26,-0.09,1.0,843.0,868.0,False
2025-03-10 10:51:40,S03,Lab-305,23.15,43.7,776.0,ok,22.955,0.08,2.037,44.16,0.365,-0.933,804.867,10.944,-3.043,0.12,0.0,776.0,826.0,False
2025-03-10 10:51:40,S04,Library-1F,21.78,39.7,738.0,ok,21.749,0.072,0.3,39.643,0.362,0.1,732.367,7.01,0.61,0.04,0.0,728.0,743.0,False
2025-03-10 10:51:40,S05,Canteen,23.56,49.3,473.0,ok,24.069,0.574,-0.944,51.233,2.145,-0.955,609.6,212.813,-0.693,-0.1,-16.0,473.0,997.0,False
2025-03-10 10:51:40,S06,Study-Hall,22.31,40.7,766.0,ok,22.357,0.081,-0.493,41.503,0.391,-1.673,848.167,30.77,-3.194,-0.07,-44.0,766.0,881.0,False
2025-03-10 10:51:50,S01,Lecture-101,22.39,42.3,895.0,ok,22.257,0.096,1.433,41.58,0.419,1.493,872.467,14.562,1.68,0.15,10.0,872.0,898.0,False
2025-03-10 10:51:50,S02,Lab-201,22.61,43.8,852.0,ok,22.809,0.745,-0.267,43.11,0.482,1.427,855.167,6.114,-0.347,-0.06,-1.0,843.0,868.0,False
2025-03-10 10:51:50,S03,Lab-305,22.97,44.5,790.0,ok,22.959,0.078,0.147,44.163,0.368,0.68,804.033,11.097,-1.358,0.12,-12.0,776.0,826.0,False
2025-03-10 10:51:50,S04,Library-1F,21.8,40.0,740.0,ok,21.748,0.071,0.51,39.627,0.331,0.713,732.9,6.96,0.763,0.07,2.0,728.0,743.0,False
2025-03-10 10:51:50,S05,Canteen,23.62,49.4,459.0,ok,24.02,0.547,-0.782,51.08,2.104,-0.855,592.0,202.089,-0.708,-0.1,-13.0,459.0,997.0,False
2025-03-10 10:51:50,S06,Study-Hall,22.21,40.8,774.0,ok,22.351,0.085,-1.473,41.463,0.4,-1.407,845.067,33.381,-2.41,-0.11,-56.0,766.0,881.0,False
2025-03-10 10:52:00,S01,Lecture-101,22.4,41.2,896.0,ok,22.269,0.092,1.427,41.57,0.424,-0.76,874.167,14.218,1.616,0.14,12.0,875.0,898.0,False
2025-03-10 10:52:00,S02,Lab-201,22.75,42.8,851.0,ok,22.814,0.744,-0.079,43.097,0.485,-0.62,854.9,6.116,-0.417,0.0,-1.0,843.0,868.0,False
2025-03-10 10:52:00,S03,Lab-305,22.87,44.0,788.0,ok,22.955,0.08,-0.89,44.143,0.36,-0.327,802.967,11.047,-1.445,-0.04,-3.0,776.0,826.0,False
2025-03-10 10:52:00,S04,Library-1F,21.84,39.9,728.0,ok,21.753,0.071,0.923,39.633,0.335,0.547,732.967,6.901,-0.49,0.05,2.0,728.0,743.0,False
2025-03-10 10:52:00,S05,Canteen,23.59,49.0,460.0,ok,23.974,0.521,-0.787,50.853,1.938,-0.988,574.1,188.29,-0.653,-0.1,-22.0,459.0,992.0,False
2025-03-10 10:52:00,S06,Study-Hall,22.05,40.9,756.0,ok,22.344,0.1,-3.007,41.447,0.413,-1.127,841.433,36.884,-2.668,-0.12,-54.0,756.0,881.0,False
2025-03-10 10:52:10,S01,Lecture-101,22.24,41.9,888.0,ok,22.269,0.092,-0.287,41.57,0.424,0.66,875.3,13.906,0.973,0.1,11.0,879.0,898.0,False
2025-03-10 10:52:10,S02,Lab-201,22.79,43.1,852.0,ok,22.815,0.744,-0.032,43.093,0.485,0.007,854.633,6.06,-0.29,0.0,0.0,843.0,868.0,False
2025-03-10 10:52:10,S03,Lab-305,23.01,44.6,790.0,ok,22.956,0.08,0.547,44.157,0.369,0.913,801.933,10.748,-1.174,-0.04,-4.0,776.0,826.0,False
2025-03-10 10:52:10,S04,Library-1F,21.74,40.4,727.0,ok,21.753,0.071,-0.13,39.65,0.36,1.533,732.967,6.901,-0.597,0.05,-12.0,727.0,743.0,False
2025-03-10 10:52:10,S05,Canteen,23.66,48.2,469.0,ok,23.924,0.474,-0.603,50.627,1.831,-1.369,556.667,171.748,-0.558,-0.07,-20.0,459.0,987.0,False
2025-03-10 10:52:10,S06,Study-Hall,22.21,41.8,756.0,ok,22.34,0.103,-1.335,41.453,0.417,0.707,837.933,39.828,-2.316,-0.11,-55.0,756.0,881.0,False
2025-03-10 10:52:20,S01,Lecture-101,22.33,42.4,891.0,ok,22.272,0.092,0.61,41.607,0.447,1.66,876.633,13.405,1.129,0.04,3.0,879.0,898.0,False
2025-03-10 10:52:20,S02,Lab-201,22.7,43.2,846.0,ok,22.818,0.743,-0.155,43.087,0.482,0.213,854.133,6.135,-0.863,0.2,-1.0,846.0,868.0,False
2025-03-10 10:52:20,S03,Lab-305,22.84,44.7,792.0,ok,22.953,0.082,-1.157,44.167,0.38,1.087,800.8,9.88,-0.924,-0.06,-4.0,776.0,817.0,False
2025-03-10 10:52:20,S04,Library-1F,21.8,40.6,731.0,ok,21.751,0.069,0.467,39.667,0.392,1.9,733.4,6.311,-0.197,0.05,-12.0,727.0,743.0,False
2025-03-10 10:52:20,S05,Canteen,23.67,50.2,463.0,ok,23.876,0.42,-0.537,50.463,1.625,-0.233,539.233,152.084,-0.545,0.02,-17.0,459.0,987.0,False
2025-03-10 10:52:20,S06,Study-Hall,22.36,41.3,764.0,ok,22.342,0.103,0.194,41.427,0.399,-0.307,834.233,41.391,-1.856,-0.11,-43.0,756.0,881.0,False
2025-03-10 10:52:30,S01,Lecture-101,22.41,42.0,901.0,ok,22.275,0.095,1.38,41.623,0.452,0.787,878.6,12.442,1.818,0.04,-2.0,879.0,901.0,False
2025-03-10 10:52:30,S02,Lab-201,22.67,42.9,845.0,ok,22.818,0.743,-0.199,43.077,0.483,-0.373,853.4,5.852,-0.913,0.15,-9.0,845.0,868.0,False
2025-03-10 10:52:30,S03,Lab-305,22.88,43.5,782.0,ok,22.953,0.083,-0.733,44.133,0.393,-1.333,799.633,9.967,-1.88,-0.05,-5.0,776.0,814.0,False
2025-03-10 10:52:30,S04,Library-1F,21.73,40.4,724.0,ok,21.751,0.069,-0.213,39.683,0.412,1.467,733.333,6.402,-0.94,-0.01,-9.0,724.0,743.0,False
2025-03-10 10:52:30,S05,Canteen,23.54,48.5,463.0,ok,23.826,0.361,-0.802,50.243,1.408,-1.208,521.767,126.889,-0.501,0.02,-13.0,459.0,984.0,False
2025-03-10 10:52:30,S06,Study-Hall,22.28,40.9,749.0,ok,22.341,0.103,-0.603,41.403,0.409,-1.053,830.267,43.682,-2.059,0.0,-37.0,749.0,881.0,False
2025-03-10 10:52:40,S01,Lecture-101,22.1,42.3,895.0,ok,22.277,0.092,-1.753,41.667,0.453,1.353,879.8,12.22,1.318,-0.02,2.0,883.0,901.0,False
2025-03-10 10:52:40,S02,Lab-201,22.83,43.2,859.0,ok,22.824,0.743,0.016,43.09,0.48,0.247,853.733,5.878,0.56,0.14,-9.0,845.0,868.0,False
2025-03-10 10:52:40,S03,Lab-305,22.93,44.1,792.0,ok,22.951,0.083,-0.227,44.13,0.393,-0.067,798.967,9.779,-0.763,-0.15,-3.0,776.0,814.0,False
2025-03-10 10:52:40,S04,Library-1F,21.65,39.3,727.0,ok,21.746,0.071,-1.007,39.67,0.418,-0.767,733.567,6.015,-0.633,-0.05,-9.0,724.0,743.0,False
2025-03-10 10:52:40,S05,Canteen,23.53,49.8,452.0,ok,23.777,0.286,-0.82,50.087,1.158,-0.315,504.033,92.605,-0.55,-0.05,-12.0,452.0,984.0,False
2025-03-10 10:52:40,S06,Study-Hall,22.17,41.2,739.0,ok,22.332,0.106,-1.656,41.403,0.409,-0.407,825.667,45.806,-2.089,-0.03,-37.0,739.0,881.0,False
2025-03-10 10:52:50,S01,Lecture-101,22.29,41.5,892.0,ok,22.276,0.092,0.133,41.66,0.454,-0.333,880.467,12.325,0.998,-0.07,2.0,883.0,901.0,False
2025-03-10 10:52:50,S02,Lab-201,22.67,43.1,851.0,ok,22.823,0.743,-0.207,43.13,0.424,0.02,853.6,5.893,-0.273,0.06,-2.0,845.0,868.0,False
2025-03-10 10:52:50,S03,Lab-305,22.95,44.6,789.0,ok,22.955,0.079,-0.007,44.12,0.376,0.94,798.267,9.713,-0.997,-0.1,-1.0,776.0,814.0,False
2025-03-10 10:52:50,S04,Library-1F,21.74,40.3,736.0,ok,21.744,0.07,-0.057,39.693,0.433,1.26,733.967,5.75,0.243,-0.07,-11.0,724.0,743.0,False
2025-03-10 10:52:50,S05,Canteen,23.66,49.1,456.0,ok,23.728,0.133,-0.407,49.893,0.732,-0.852,486.433,19.776,-0.519,-0.05,-17.0,452.0,528.0,False
2025-03-10 10:52:50,S06,Study-Hall,22.17,41.4,731.0,ok,22.326,0.11,-1.529,41.387,0.398,-0.007,820.667,47.705,-2.067,-0.04,-35.0,731.0,878.0,False
2025-03-10 10:53:00,S01,Lecture-101,22.32,42.2,884.0,ok,22.278,0.092,0.443,41.697,0.451,1.08,881.2,11.833,0.287,-0.1,-3.0,884.0,901.0,False
2025-03-10 10:53:00,S02,Lab-201,22.67,42.8,851.0,ok,22.823,0.743,-0.206,43.12,0.429,-0.66,853.433,5.894,-0.26,-0.08,-1.0,845.0,868.0,False
2025-03-10 10:53:00,S03,Lab-305,22.93,44.7,774.0,ok,22.954,0.08,-0.247,44.14,0.391,1.16,797.0,10.319,-2.427,-0.04,1.0,774.0,814.0,False
2025-03-10 10:53:00,S04,Library-1F,21.66,39.6,733.0,ok,21.743,0.07,-0.837,39.717,0.407,-0.187,733.833,5.724,-0.097,-0.14,-5.0,724.0,743.0,False
2025-03-10 10:53:00,S05,Canteen,23.63,49.6,446.0,ok,23.718,0.128,-0.735,49.837,0.684,-0.401,483.7,19.497,-2.045,0.04,-8.0,446.0,515.0,False
2025-03-10 10:53:00,S06,Study-Hall,22.3,40.5,739.0,ok,22.32,0.107,-0.234,41.33,0.399,-1.773,816.033,48.684,-1.712,-0.04,-27.0,731.0,875.0,False
2025-03-10 10:53:10,S01,Lecture-101,22.26,42.0,891.0,ok,22.278,0.092,-0.18,41.733,0.429,0.607,881.9,11.769,0.828,-0.1,-4.0,884.0,901.0,False
2025-03-10 10:53:10,S02,Lab-201,22.55,43.8,845.0,ok,22.818,0.744,-0.367,43.153,0.442,1.36,853.0,6.023,-0.843,-0.08,-1.0,845.0,868.0,False
2025-03-10 10:53:10,S03,Lab-305,22.85,44.5,777.0,ok,22.95,0.082,-1.037,44.173,0.377,0.72,795.767,10.428,-1.938,-0.04,-13.0,774.0,813.0,False
2025-03-10 10:53:10,S04,Library-1F,21.69,39.5,736.0,ok,21.746,0.067,-0.533,39.72,0.405,-0.433,734.233,5.425,0.217,-0.11,8.0,724.0,743.0,False
2025-03-10 10:53:10,S05,Canteen,23.7,49.3,447.0,ok,23.71,0.121,-0.138,49.793,0.675,-0.785,481.7,20.093,-1.882,0.04,-13.0,446.0,515.0,False
2025-03-10 10:53:10,S06,Study-Hall,22.22,40.3,714.0,ok,22.319,0.108,-0.94,41.29,0.44,-2.06,810.867,51.037,-2.096,0.01,-25.0,714.0,875.0,False
2025-03-10 10:53:20,S01,Lecture-101,22.35,41.9,904.0,ok,22.287,0.085,0.723,41.727,0.424,0.333,883.467,11.464,1.878,-0.01,0.0,884.0,904.0,False
2025-03-10 10:53:20,S02,Lab-201,22.68,43.3,843.0,ok,22.817,0.744,-0.185,43.143,0.434,0.293,852.5,6.213,-1.0,-0.08,-6.0,843.0,868.0,False
2025-03-10 10:53:20,S03,Lab-305,22.98,44.7,778.0,ok,22.947,0.079,0.303,44.187,0.388,1.053,794.8,10.691,-1.704,0.06,-13.0,774.0,813.0,False
2025-03-10 10:53:20,S04,Library-1F,21.67,40.5,729.0,ok,21.739,0.063,-0.76,39.753,0.426,1.56,733.933,5.458,-0.523,-0.13,5.0,724.0,743.0,False
2025-03-10 10:53:20,S05,Canteen,23.67,48.8,442.0,ok,23.7,0.112,-0.327,49.743,0.691,-1.472,479.267,20.34,-1.976,0.01,-17.0,442.0,513.0,False
2025-03-10 10:53:20,S06,Study-Hall,22.13,41.4,729.0,ok,22.306,0.105,-1.76,41.293,0.44,0.22,806.333,52.092,-1.604,0.01,-27.0,714.0,875.0,False
2025-03-10 10:53:30,S01,Lecture-101,22.41,42.0,907.0,ok,22.291,0.088,1.233,41.75,0.419,0.547,884.567,12.091,2.053,0.02,13.0,884.0,907.0,False
2025-03-10 10:53:30,S02,Lab-201,22.56,43.4,851.0,ok,22.816,0.744,-0.345,43.153,0.437,0.513,852.467,6.219,-0.15,-0.14,-1.0,843.0,868.0,False
2025-03-10 10:53:30,S03,Lab-305,22.82,44.5,784.0,ok,22.937,0.076,-1.267,44.2,0.392,0.627,794.267,10.821,-1.01,-0.03,-12.0,774.0,813.0,False
2025-03-10 10:53:30,S04,Library-1F,21.69,39.7,725.0,ok,21.739,0.063,-0.49,39.737,0.418,-0.107,733.967,5.398,-0.893,-0.05,2.0,724.0,743.0,False
2025-03-10 10:53:30,S05,Canteen,23.55,48.6,451.0,ok,23.69,0.112,-1.337,49.687,0.713,-1.654,477.2,19.94,-1.39,0.01,-16.0,442.0,509.0,False
2025-03-10 10:53:30,S06,Study-Hall,22.09,40.8,728.0,ok,22.298,0.112,-2.062,41.273,0.449,-0.987,801.933,52.97,-1.504,-0.15,-28.0,714.0,875.0,False
2025-03-10 10:53:40,S01,Lecture-101,22.36,41.9,899.0,ok,22.3,0.081,0.693,41.777,0.401,0.3,886.0,11.095,1.194,0.03,9.0,884.0,907.0,False
2025-03-10 10:53:40,S02,Lab-201,22.48,42.8,852.0,ok,22.806,0.747,-0.452,43.113,0.411,-0.707,852.267,6.13,-0.047,-0.14,5.0,843.0,868.0,False
2025-03-10 10:53:40,S03,Lab-305,23.09,44.9,776.0,ok,22.943,0.08,1.53,44.22,0.412,1.4,793.167,10.948,-1.688,0.1,-14.0,774.0,813.0,False
2025-03-10 10:53:40,S04,Library-1F,21.76,39.8,735.0,ok,21.733,0.051,0.213,39.76,0.401,0.127,733.9,5.371,0.103,-0.04,2.0,724.0,743.0,False
2025-03-10 10:53:40,S05,Canteen,23.49,49.3,458.0,ok,23.678,0.113,-1.788,49.647,0.7,-0.542,475.633,19.523,-0.963,0.01,-12.0,442.0,509.0,False
2025-03-10 10:53:40,S06,Study-Hall,22.12,40.3,696.0,ok,22.288,0.114,-1.592,41.23,0.478,-1.947,795.967,54.515,-2.0,-0.16,-21.0,696.0,870.0,False
2025-03-10 10:53:50,S01,Lecture-101,22.16,42.2,912.0,ok,22.297,0.084,-1.397,41.787,0.408,0.847,887.267,11.823,2.343,0.07,12.0,884.0,912.0,False
2025-03-10 10:53:50,S02,Lab-201,22.67,43.1,848.0,ok,22.807,0.747,-0.183,43.087,0.383,-0.027,851.9,6.042,-0.427,-0.11,0.0,843.0,868.0,False
2025-03-10 10:53:50,S03,Lab-305,22.83,43.1,787.0,ok,22.937,0.082,-1.13,44.17,0.453,-2.24,792.733,10.926,-0.563,-0.1,-5.0,774.0,813.0,False
2025-03-10 10:53:50,S04,Library-1F,21.79,39.2,729.0,ok,21.736,0.051,0.573,39.73,0.408,-1.12,733.6,5.386,-0.49,0.03,2.0,724.0,743.0,False
2025-03-10 10:53:50,S05,Canteen,23.69,49.0,449.0,ok,23.673,0.108,0.11,49.577,0.653,-0.924,473.633,19.054,-1.364,0.01,-5.0,442.0,509.0,False
2025-03-10 10:53:50,S06,Study-Hall,22.06,40.6,706.0,ok,22.277,0.12,-1.999,41.173,0.446,-1.26,790.833,55.519,-1.65,-0.08,-33.0,696.0,870.0,False
2025-03-10 10:54:00,S01,Lecture-101,22.37,42.0,894.0,ok,22.296,0.083,0.733,41.803,0.406,0.427,888.2,11.174,0.57,0.07,7.0,884.0,912.0,False
2025-03-10 10:54:00,S02,Lab-201,22.53,42.9,849.0,ok,22.797,0.748,-0.371,43.097,0.374,-0.373,851.733,6.051,-0.29,-0.14,-2.0,843.0,868.0,False
2025-03-10 10:54:00,S03,Lab-305,22.99,44.3,775.0,ok,22.942,0.081,0.53,44.187,0.449,0.26,791.6,10.944,-1.623,0.06,-13.0,774.0,813.0,False
2025-03-10 10:54:00,S04,Library-1F,21.8,39.9,728.0,ok,21.741,0.049,0.637,39.733,0.409,0.34,733.467,5.476,-0.56,0.13,-4.0,724.0,743.0,False
2025-03-10 10:54:00,S05,Canteen,23.47,49.5,452.0,ok,23.657,0.103,-1.871,49.537,0.617,-0.117,471.733,18.23,-1.135,-0.14,0.0,442.0,506.0,False
2025-03-10 10:54:00,S06,Study-Hall,22.1,39.7,708.0,ok,22.266,0.12,-1.478,41.107,0.51,-2.947,785.5,55.535,-1.492,-0.07,-33.0,696.0,870.0,False
2025-03-10 10:54:10,S01,Lecture-101,22.33,41.9,914.0,ok,22.297,0.084,0.34,41.82,0.399,0.193,889.4,11.947,2.309,0.04,21.0,884.0,914.0,False
2025-03-10 10:54:10,S02,Lab-201,22.75,42.6,846.0,ok,22.798,0.748,-0.063,43.077,0.384,-0.993,851.0,5.298,-0.573,0.0,-3.0,843.0,867.0,False
2025-03-10 10:54:10,S03,Lab-305,23.0,44.3,780.0,ok,22.948,0.078,0.583,44.183,0.447,0.227,790.633,10.63,-1.06,0.06,3.0,774.0,813.0,False
2025-03-10 10:54:10,S04,Library-1F,21.87,39.6,728.0,ok,21.747,0.054,1.287,39.733,0.409,-0.267,733.367,5.549,-0.547,0.11,-8.0,724.0,743.0,False
2025-03-10 10:54:10,S05,Canteen,23.55,48.8,456.0,ok,23.646,0.094,-1.042,49.5,0.628,-1.193,470.067,17.249,-0.863,-0.11,5.0,442.0,498.0,False
2025-03-10 10:54:10,S06,Study-Hall,22.09,40.3,697.0,ok,22.253,0.117,-1.465,41.063,0.522,-1.582,780.133,56.064,-1.594,-0.13,-25.0,696.0,870.0,False
2025-03-10 10:54:20,S01,Lecture-101,22.31,42.4,904.0,ok,22.295,0.082,0.133,41.833,0.412,1.16,890.5,11.711,1.222,0.01,13.0,884.0,914.0,False
2025-03-10 10:54:20,S02,Lab-201,22.63,43.3,859.0,ok,22.796,0.749,-0.225,43.107,0.364,0.447,851.6,5.143,0.8,-0.04,4.0,843.0,867.0,False
2025-03-10 10:54:20,S03,Lab-305,23.04,43.9,787.0,ok,22.952,0.079,0.92,44.18,0.449,-0.567,790.0,10.242,-0.342,0.07,3.0,774.0,813.0,False
2025-03-10 10:54:20,S04,Library-1F,21.77,39.6,720.0,ok,21.746,0.054,0.233,39.75,0.392,-0.267,732.667,5.868,-1.337,0.13,-5.0,720.0,743.0,False
2025-03-10 10:54:20,S05,Canteen,23.42,49.0,441.0,ok,23.631,0.093,-2.257,49.457,0.615,-0.797,468.4,17.569,-1.685,-0.2,6.0,441.0,498.0,False
2025-03-10 10:54:20,S06,Study-Hall,21.91,40.9,690.0,ok,22.24,0.132,-2.926,41.043,0.516,-0.313,774.133,55.746,-1.608,-0.13,-32.0,690.0,867.0,False
2025-03-10 10:54:30,S01,Lecture-101,22.22,41.6,897.0,ok,22.295,0.082,-0.747,41.83,0.414,-0.467,891.6,10.637,0.555,-0.04,0.0,884.0,914.0,False
2025-03-10 10:54:30,S02,Lab-201,22.64,42.9,850.0,ok,22.794,0.749,-0.208,43.117,0.353,-0.413,851.7,5.08,-0.16,0.08,5.0,843.0,867.0,False
2025-03-10 10:54:30,S03,Lab-305,23.01,44.7,777.0,ok,22.954,0.08,0.583,44.19,0.457,1.04,789.533,10.51,-1.269,0.16,2.0,774.0,813.0,False
2025-03-10 10:54:30,S04,Library-1F,21.69,40.2,728.0,ok,21.746,0.054,-0.557,39.763,0.4,0.9,732.567,5.923,-0.467,0.08,-1.0,720.0,743.0,False
2025-03-10 10:54:30,S05,Canteen,23.43,49.2,450.0,ok,23.621,0.099,-2.007,49.43,0.608,-0.417,466.8,16.955,-1.047,-0.24,3.0,441.0,496.0,False
2025-03-10 10:54:30,S06,Study-Hall,22.02,41.2,692.0,ok,22.228,0.136,-1.661,41.05,0.516,0.304,768.833,55.745,-1.473,-0.11,-36.0,690.0,867.0,False
2025-03-10 10:54:40,S01,Lecture-101,22.1,41.9,904.0,ok,22.288,0.09,-1.947,41.84,0.412,0.14,892.533,10.448,1.166,-0.14,0.0,884.0,914.0,False
2025-03-10 10:54:40,S02,Lab-201,22.72,43.4,856.0,ok,22.796,0.749,-0.098,43.13,0.356,0.567,851.733,5.105,0.43,0.08,5.0,843.0,867.0,False
2025-03-10 10:54:40,S03,Lab-305,22.99,44.5,787.0,ok,22.954,0.08,0.357,44.187,0.455,0.62,789.033,10.25,-0.241,0.03,9.0,774.0,813.0,False
2025-03-10 10:54:40,S04,Library-1F,21.87,39.6,729.0,ok,21.748,0.057,1.243,39.75,0.399,-0.327,732.367,5.939,-0.357,0.08,-1.0,720.0,743.0,False
2025-03-10 10:54:40,S05,Canteen,23.44,48.9,438.0,ok,23.607,0.092,-1.813,49.397,0.609,-0.872,465.267,17.42,-1.699,-0.12,-10.0,438.0,496.0,False
2025-03-10 10:54:40,S06,Study-Hall,22.13,40.0,685.0,ok,22.22,0.134,-0.723,40.997,0.54,-2.033,762.8,54.65,-1.504,-0.1,-38.0,685.0,867.0,False
2025-03-10 10:54:50,S02,Lab-201,22.66,66.52,848.0,ok,22.661,0.093,-0.182,43.917,4.284,46.78,851.533,5.131,-0.373,0.1,-1.0,843.0,867.0,False
2025-03-10 10:54:50,S03,Lab-305,23.02,44.7,780.0,ok,22.956,0.081,0.657,44.207,0.464,1.027,787.933,9.318,-0.881,0.18,-4.0,774.0,807.0,False
2025-03-10 10:54:50,S04,Library-1F,21.92,39.7,743.0,ok,21.753,0.065,1.72,39.74,0.396,-0.1,732.367,5.939,1.063,0.11,0.0,720.0,743.0,False
2025-03-10 10:54:50,S05,Canteen,23.39,48.4,446.0,ok,23.595,0.096,-2.17,49.33,0.605,-1.637,463.8,17.115,-1.106,-0.12,-5.0,438.0,496.0,False
2025-03-10 10:54:50,S06,Study-Hall,22.06,40.6,685.0,ok,22.211,0.135,-1.195,40.993,0.542,-0.735,756.733,52.752,-1.424,-0.03,-21.0,685.0,855.0,False
2025-03-10 10:55:00,S01,Lecture-101,22.29,41.9,913.0,ok,22.293,0.086,0.017,41.847,0.411,0.12,893.667,10.768,1.959,-0.12,-2.571,884.0,914.0,False
2025-03-10 10:55:00,S02,Lab-201,22.62,43.6,841.0,ok,22.657,0.092,-0.407,43.941,4.28,-0.074,851.0,5.369,-1.053,0.13,-1.0,841.0,867.0,False
2025-03-10 10:55:00,S03,Lab-305,22.99,44.5,779.0,ok,22.959,0.08,0.34,44.213,0.467,0.587,787.033,8.802,-0.893,0.0,4.0,775.0,807.0,False
2025-03-10 10:55:00,S04,Library-1F,21.79,39.9,738.0,ok,21.755,0.066,0.367,39.767,0.378,0.32,732.433,5.992,0.563,0.08,9.0,720.0,743.0,False
2025-03-10 10:55:00,S05,Canteen,23.52,48.1,1326.85,ok,23.589,0.095,-0.747,49.263,0.627,-2.034,491.762,158.583,50.426,-0.05,-6.0,438.0,1326.85,False
2025-03-10 10:55:00,S06,Study-Hall,21.98,40.2,671.0,ok,22.194,0.131,-1.708,40.95,0.552,-1.464,750.6,51.618,-1.625,-0.04,-21.0,671.0,846.0,False
2025-03-10 10:55:10,S01,Lecture-101,22.32,42.1,900.0,ok,22.293,0.086,0.27,41.857,0.413,0.507,894.6,10.012,0.588,-0.06,4.286,891.0,914.0,False
2025-03-10 10:55:10,S02,Lab-201,22.55,42.9,840.0,ok,22.653,0.094,-1.073,43.921,4.283,-0.243,850.6,5.727,-1.1,-0.05,-7.0,840.0,867.0,False
2025-03-10 10:55:10,S03,Lab-305,22.8,44.1,770.0,ok,22.954,0.085,-1.593,44.207,0.467,-0.227,785.8,8.495,-1.703,0.0,-1.0,770.0,803.0,False
2025-03-10 10:55:10,S04,Library-1F,21.64,40.0,728.0,ok,21.753,0.068,-1.153,39.79,0.37,0.467,731.933,5.699,-0.443,-0.01,10.0,720.0,743.0,False
2025-03-10 10:55:10,S05,Canteen,23.38,48.3,447.0,ok,23.579,0.1,-2.093,49.17,0.547,-1.537,490.128,158.79,-0.282,-0.16,-5.0,438.0,1326.85,False
2025-03-10 10:55:10,S06,Study-Hall,22.01,40.7,681.0,ok,22.182,0.131,-1.4,40.913,0.53,-0.453,745.1,49.863,-1.348,-0.08,-25.0,671.0,831.0,False
2025-03-10 10:54:50,S01,Lecture-101,22.42,41.6,905.0,ok,22.297,0.089,1.317,41.837,0.413,-0.48,893.4,10.364,1.193,-0.14,-3.0,884.0,914.0,False
2025-03-10 10:55:20,S01,Lecture-101,22.42,42.2,900.0,ok,22.298,0.091,1.243,41.9,0.387,0.667,896.067,9.325,0.44,-0.01,-4.0,894.0,914.0,False
2025-03-10 10:55:20,S02,Lab-201,22.67,43.1,846.0,ok,22.654,0.094,0.17,43.917,4.284,-0.192,850.7,5.615,-0.46,-0.01,-8.0,840.0,867.0,False
2025-03-10 10:55:20,S03,Lab-305,22.94,43.5,792.0,ok,22.955,0.085,-0.143,44.193,0.481,-1.413,785.7,8.4,0.62,-0.06,-1.0,770.0,803.0,False
2025-03-10 10:55:20,S04,Library-1F,21.75,40.1,726.0,ok,21.753,0.068,-0.03,39.8,0.374,0.62,731.833,5.778,-0.593,-0.05,0.0,720.0,743.0,False
2025-03-10 10:55:20,S05,Canteen,23.36,48.1,447.0,ok,23.57,0.108,-2.182,49.11,0.563,-1.955,488.662,158.985,-0.272,-0.09,-5.0,438.0,1326.85,False
2025-03-10 10:55:20,S06,Study-Hall,22.01,40.2,666.0,ok,22.168,0.126,-1.313,40.877,0.54,-1.347,739.733,49.406,-1.586,-0.08,-26.0,666.0,831.0,False
2025-03-10 10:55:30,S01,Lecture-101,22.34,41.4,906.0,ok,22.304,0.087,0.42,41.893,0.394,-1.0,896.833,9.158,0.993,0.03,-4.0,894.0,914.0,False
2025-03-10 10:55:30,S02,Lab-201,22.62,42.7,843.0,ok,22.655,0.093,-0.337,43.927,4.281,-0.284,850.333,5.75,-0.77,-0.02,-7.0,840.0,867.0,False
2025-03-10 10:55:30,S03,Lab-305,22.99,44.5,787.0,ok,22.958,0.084,0.347,44.23,0.46,0.613,785.167,7.746,0.13,-0.07,7.0,770.0,802.0,False
2025-03-10 10:55:30,S04,Library-1F,21.84,39.2,726.0,ok,21.757,0.07,0.867,39.79,0.386,-1.2,731.467,5.788,-0.583,-0.02,-2.0,720.0,743.0,False
2025-03-10 10:55:30,S05,Canteen,23.29,48.4,441.0,ok,23.557,0.117,-2.604,49.06,0.557,-1.261,487.162,159.223,-0.3,-0.07,-3.0,438.0,1326.85,False
2025-03-10 10:55:30,S06,Study-Hall,22.05,40.0,663.0,ok,22.161,0.127,-0.934,40.827,0.55,-1.624,734.133,48.211,-1.553,-0.01,-26.0,663.0,830.0,False
2025-03-10 10:55:40,S01,Lecture-101,22.33,41.2,919.0,ok,22.308,0.085,0.257,41.87,0.414,-1.387,898.167,9.381,2.217,0.12,2.0,894.0,919.0,False
2025-03-10 10:55:40,S02,Lab-201,22.77,43.3,843.0,ok,22.659,0.095,1.147,43.927,4.281,-0.147,849.933,5.831,-0.733,0.03,-13.0,840.0,867.0,False
2025-03-10 10:55:40,S03,Lab-305,23.02,45.1,770.0,ok,22.962,0.084,0.62,44.27,0.482,1.74,784.467,8.14,-1.517,-0.02,0.0,770.0,802.0,False
2025-03-10 10:55:40,S04,Library-1F,21.8,39.6,728.0,ok,21.759,0.071,0.43,39.797,0.381,-0.38,731.2,5.756,-0.347,0.03,-2.0,720.0,743.0,False
2025-03-10 10:55:40,S05,Canteen,23.33,49.1,451.0,ok,23.544,0.12,-1.945,49.03,0.528,0.072,485.728,159.353,-0.227,-0.1,6.0,438.0,1326.85,False
2025-03-10 10:55:40,S06,Study-Hall,21.94,40.1,649.0,ok,22.147,0.126,-1.741,40.78,0.55,-1.322,728.1,47.113,-1.766,-0.01,-27.0,649.0,820.0,False
2025-03-10 10:55:50,S01,Lecture-101,22.48,41.5,912.0,ok,22.316,0.09,1.717,41.897,0.358,-0.74,899.1,9.316,1.383,0.12,8.0,894.0,919.0,False
2025-03-10 10:55:50,S02,Lab-201,22.64,42.9,848.0,ok,22.655,0.094,-0.187,43.927,4.281,-0.24,849.767,5.811,-0.193,-0.02,-7.0,840.0,867.0,False
2025-03-10 10:55:50,S03,Lab-305,22.77,44.7,778.0,ok,22.952,0.088,-1.92,44.307,0.471,0.86,783.667,7.512,-0.647,-0.02,-2.0,770.0,795.0,False
2025-03-10 10:55:50,S04,Library-1F,21.83,40.2,728.0,ok,21.764,0.07,0.713,39.813,0.388,0.807,731.1,5.786,-0.32,-0.04,-1.0,720.0,743.0,False
2025-03-10 10:55:50,S05,Canteen,23.37,47.9,452.0,ok,23.534,0.121,-1.451,48.977,0.559,-2.14,484.962,159.461,-0.212,-0.1,5.0,438.0,1326.85,False
2025-03-10 10:55:50,S06,Study-Hall,21.95,39.6,648.0,ok,22.134,0.127,-1.556,40.727,0.584,-2.146,722.367,45.997,-1.7,-0.11,-36.0,648.0,811.0,False
2025-03-10 10:56:00,S01,Lecture-101,22.45,42.7,911.0,ok,22.321,0.093,1.34,41.903,0.371,1.607,900.033,9.046,1.19,0.16,7.0,897.0,919.0,False
2025-03-10 10:56:00,S02,Lab-201,22.55,43.1,848.0,ok,22.647,0.093,-1.05,43.927,4.281,-0.193,849.633,5.804,-0.177,-0.02,0.0,840.0,867.0,False
2025-03-10 10:56:00,S03,Lab-305,22.97,44.8,771.0,ok,22.95,0.088,0.183,44.337,0.473,0.987,783.067,7.786,-1.267,-0.02,-9.0,770.0,795.0,False
2025-03-10 10:56:00,S05,Canteen,23.33,48.6,432.0,ok,23.525,0.126,-1.684,48.953,0.559,-0.674,483.295,159.754,-0.332,-0.11,5.0,432.0,1326.85,False
2025-03-10 10:56:00,S06,Study-Hall,21.99,39.8,638.0,ok,22.123,0.124,-1.137,40.657,0.564,-1.586,716.6,45.341,-1.834,-0.11,-37.0,638.0,799.0,False
2025-03-10 10:56:10,S01,Lecture-101,22.28,42.0,909.0,ok,22.321,0.093,-0.41,41.897,0.367,0.193,900.733,8.894,0.897,0.13,6.0,897.0,919.0,False
2025-03-10 10:56:10,S02,Lab-201,22.64,43.4,855.0,ok,22.652,0.089,-0.073,43.927,4.281,-0.123,849.767,5.882,0.537,0.02,7.0,840.0,867.0,False
2025-03-10 10:56:10,S03,Lab-305,22.84,44.7,782.0,ok,22.948,0.09,-1.103,44.357,0.475,0.727,782.667,7.508,-0.107,-0.15,-1.0,770.0,795.0,False
2025-03-10 10:56:10,S04,Library-1F,21.73,40.0,728.0,ok,21.763,0.07,-0.337,39.827,0.387,0.373,730.7,5.559,-0.31,-0.06,-8.571,720.0,743.0,False
2025-03-10 10:56:10,S05,Canteen,23.51,48.6,444.0,ok,23.519,0.122,-0.122,48.917,0.545,-0.632,482.095,159.915,-0.246,-0.02,-3.0,432.0,1326.85,False
2025-03-10 10:56:10,S06,Study-Hall,21.98,40.0,644.0,ok,22.113,0.123,-1.153,40.613,0.563,-1.164,711.433,44.45,-1.601,-0.03,-37.0,638.0,793.0,False
2025-03-10 10:56:20,S01,Lecture-101,22.31,41.9,920.0,ok,22.323,0.092,-0.107,41.91,0.359,0.007,901.467,9.544,1.927,-0.01,11.0,897.0,920.0,False
2025-03-10 10:56:20,S02,Lab-201,22.73,42.5,842.0,ok,22.658,0.088,0.783,43.894,4.288,-0.333,848.933,5.071,-0.777,0.02,7.0,840.0,859.0,False
2025-03-10 10:56:20,S03,Lab-305,22.93,43.6,793.0,ok,22.948,0.09,-0.177,44.353,0.48,-1.513,782.6,7.403,1.033,-0.01,3.0,770.0,795.0,False
2025-03-10 10:56:20,S04,Library-1F,21.69,39.1,732.0,ok,21.761,0.072,-0.73,39.817,0.402,-1.453,730.4,5.217,0.13,-0.051,-8.571,720.0,743.0,False
2025-03-10 10:56:20,S05,Canteen,23.21,48.5,445.0,ok,23.505,0.132,-2.53,48.893,0.547,-0.765,481.095,160.055,-0.232,-0.05,-3.0,432.0,1326.85,False
2025-03-10 10:56:20,S06,Study-Hall,22.01,39.6,635.0,ok,22.103,0.118,-0.837,40.567,0.587,-1.8,706.167,43.808,-1.72,-0.02,-33.0,635.0,786.0,False
2025-03-10 10:56:00,S04,Library-1F,21.7,40.1,743.0,ok,21.762,0.071,-0.637,39.83,0.389,0.573,731.2,5.968,1.19,-0.07,-10.0,720.0,743.0,False
2025-03-10 10:56:30,S01,Lecture-101,22.24,42.6,908.0,ok,22.32,0.093,-0.833,41.94,0.378,1.38,901.967,9.478,0.653,-0.06,9.0,900.0,920.0,False
2025-03-10 10:56:30,S02,Lab-201,22.69,43.1,857.0,ok,22.662,0.086,0.323,43.871,4.29,-0.185,849.0,5.166,0.807,0.07,12.0,840.0,859.0,False
2025-03-10 10:56:30,S03,Lab-305,22.95,44.0,776.0,ok,22.945,0.089,0.023,44.333,0.482,-0.707,781.967,7.112,-0.66,-0.01,-5.0,770.0,793.0,False
2025-03-10 10:56:30,S04,Library-1F,21.92,39.8,727.0,ok,21.765,0.077,1.59,39.85,0.392,-0.08,730.6,5.636,-0.363,-0.02,2.0,726.0,743.0,False
2025-03-10 10:56:30,S05,Canteen,23.38,47.9,444.0,ok,23.498,0.133,-0.944,48.847,0.57,-1.816,480.028,160.197,-0.232,0.02,-3.0,432.0,1326.85,False
2025-03-10 10:56:30,S06,Study-Hall,21.97,39.4,631.0,ok,22.096,0.12,-1.125,40.507,0.612,-1.986,701.0,43.204,-1.716,-0.03,-31.0,631.0,774.0,False
2025-03-10 10:56:40,S01,Lecture-101,22.34,42.4,919.0,ok,22.319,0.093,0.203,41.97,0.378,0.92,903.0,9.592,1.703,-0.03,13.0,900.0,920.0,False
2025-03-10 10:56:40,S03,Lab-305,22.91,45.0,766.0,ok,22.937,0.08,-0.35,44.377,0.482,1.333,781.633,7.618,-1.597,-0.06,-11.0,766.0,793.0,False
2025-03-10 10:56:40,S04,Library-1F,21.74,39.4,734.0,ok,21.764,0.077,-0.25,39.84,0.4,-0.9,730.467,5.501,0.34,-0.06,6.0,726.0,743.0,False
2025-03-10 10:56:40,S05,Canteen,23.45,48.5,455.0,ok,23.494,0.133,-0.36,48.82,0.567,-0.608,479.428,160.257,-0.156,0.05,-2.0,432.0,1326.85,False
2025-03-10 10:56:40,S06,Study-Hall,22.02,39.7,617.0,ok,22.086,0.113,-0.635,40.473,0.628,-1.318,696.033,44.031,-1.944,0.0,-32.0,617.0,774.0,False
2025-03-10 10:56:50,S01,Lecture-101,22.28,41.9,924.0,ok,22.315,0.092,-0.39,41.957,0.373,-0.14,903.967,10.2,2.1,-0.06,7.0,900.0,924.0,False
2025-03-10 10:56:50,S02,Lab-201,22.62,42.7,849.0,ok,22.655,0.081,-0.42,43.874,4.289,-0.273,848.867,5.111,0.0,0.017,5.143,840.0,859.0,False
2025-03-10 10:56:50,S03,Lab-305,22.93,44.8,769.0,ok,22.936,0.08,-0.07,44.387,0.488,0.847,780.933,7.786,-1.263,-0.06,-9.0,766.0,793.0,False
2025-03-10 10:56:50,S04,Library-1F,21.76,39.2,717.0,ok,21.762,0.077,-0.037,39.813,0.415,-1.28,729.7,5.724,-1.347,-0.07,-1.0,717.0,743.0,False
2025-03-10 10:56:50,S05,Canteen,23.27,48.3,454.0,ok,23.483,0.137,-1.686,48.783,0.564,-0.917,479.262,160.282,-0.159,0.05,3.0,432.0,1326.85,False
2025-03-10 10:56:50,S06,Study-Hall,21.9,39.4,622.0,ok,22.076,0.116,-1.644,40.427,0.654,-1.709,690.967,43.492,-1.681,0.02,-27.0,617.0,764.0,False
2025-03-10 10:57:00,S01,Lecture-101,22.35,42.3,916.0,ok,22.314,0.091,0.347,41.993,0.349,0.687,904.633,10.314,1.18,-0.11,7.0,900.0,924.0,False
2025-03-10 10:57:00,S02,Lab-201,22.68,43.9,855.0,ok,22.658,0.081,0.247,43.877,4.289,0.006,848.967,5.203,0.613,0.034,10.286,840.0,859.0,False
2025-03-10 10:57:00,S03,Lab-305,23.03,44.1,770.0,ok,22.941,0.08,0.943,44.39,0.485,-0.573,780.333,7.915,-1.093,-0.04,-2.0,766.0,793.0,False
2025-03-10 10:57:00,S04,Library-1F,21.72,39.1,729.0,ok,21.758,0.076,-0.423,39.787,0.434,-1.427,729.733,5.717,-0.07,-0.06,1.0,717.0,743.0,False
2025-03-10 10:57:00,S05,Canteen,23.41,48.6,446.0,ok,23.477,0.136,-0.531,48.77,0.563,-0.325,478.795,160.36,-0.208,0.08,3.0,432.0,1326.85,False
2025-03-10 10:57:00,S06,Study-Hall,21.81,39.9,629.0,ok,22.068,0.126,-2.298,40.393,0.655,-0.805,686.733,43.123,-1.425,-0.05,-26.0,617.0,764.0,False
2025-03-10 10:56:40,S02,Lab-201,22.66,43.3,853.0,ok,22.657,0.081,-0.02,43.894,4.285,-0.133,849.0,5.166,0.4,0.02,10.0,840.0,859.0,False
2025-03-10 10:57:10,S01,Lecture-101,22.44,41.5,917.0,ok,22.32,0.092,1.263,41.98,0.36,-0.987,905.6,10.057,1.199,-0.1,6.0,900.0,924.0,False
2025-03-10 10:57:10,S02,Lab-201,22.67,43.2,847.0,ok,22.651,0.075,0.153,43.897,4.285,-0.162,848.867,5.224,-0.203,0.03,1.0,842.0,859.0,False
2025-03-10 10:57:10,S03,Lab-305,22.75,44.1,763.0,ok,22.932,0.086,-1.91,44.373,0.486,-0.58,779.433,8.303,-1.733,0.09,-9.0,763.0,793.0,False
2025-03-10 10:57:10,S04,Library-1F,21.75,39.3,731.0,ok,21.759,0.076,-0.083,39.75,0.427,-0.973,729.867,5.698,0.127,0.02,1.0,717.0,743.0,False
2025-03-10 10:57:10,S05,Canteen,23.44,48.5,433.0,ok,23.469,0.132,-0.27,48.78,0.555,-0.479,477.595,160.571,-0.286,0.04,2.0,432.0,1326.85,False
2025-03-10 10:57:10,S06,Study-Hall,21.96,39.8,620.0,ok,22.06,0.124,-0.86,40.327,0.607,-0.906,682.2,42.737,-1.548,-0.08,-22.0,617.0,764.0,False
2025-03-10 10:57:20,S01,Lecture-101,22.27,42.0,921.0,ok,22.318,0.093,-0.503,41.967,0.352,0.04,906.6,10.047,1.531,0.04,6.0,906.0,924.0,False
2025-03-10 10:57:20,S02,Lab-201,22.79,43.1,855.0,ok,22.654,0.078,1.393,43.894,4.286,-0.186,849.167,5.312,0.613,0.04,7.0,842.0,859.0,False
2025-03-10 10:57:20,S03,Lab-305,22.91,44.3,770.0,ok,22.935,0.085,-0.223,44.36,0.483,-0.147,778.7,8.125,-0.943,-0.02,-12.0,763.0,793.0,False
2025-03-10 10:57:20,S04,Library-1F,21.68,40.1,730.0,ok,21.755,0.076,-0.787,39.733,0.402,0.7,729.833,5.694,0.013,0.02,-2.0,717.0,743.0,False
2025-03-10 10:57:20,S05,Canteen,23.47,47.9,430.0,ok,23.463,0.126,0.005,48.703,0.51,-1.584,476.495,160.787,-0.296,0.11,-11.0,430.0,1326.85,False
2025-03-10 10:57:20,S06,Study-Hall,21.88,39.5,610.0,ok,22.044,0.115,-1.448,40.267,0.596,-1.362,677.067,41.812,-1.689,-0.11,-18.0,610.0,749.0,False
2025-03-10 10:57:30,S01,Lecture-101,22.3,42.0,928.0,ok,22.315,0.091,-0.183,41.967,0.352,0.067,907.5,10.715,2.13,0.02,12.0,908.0,928.0,False
2025-03-10 10:57:30,S02,Lab-201,22.77,43.4,853.0,ok,22.657,0.081,1.163,43.911,4.283,-0.115,849.433,5.296,0.383,0.08,-2.0,842.0,859.0,False
2025-03-10 10:57:30,S03,Lab-305,23.0,44.8,761.0,ok,22.939,0.085,0.653,44.403,0.46,0.88,778.0,8.714,-1.77,-0.02,-19.0,761.0,793.0,False
2025-03-10 10:57:30,S04,Library-1F,21.79,39.4,733.0,ok,21.757,0.077,0.353,39.7,0.386,-0.667,730.133,5.612,0.317,0.02,3.0,717.0,743.0,False
2025-03-10 10:57:30,S05,Canteen,23.15,48.2,426.0,ok,23.45,0.137,-2.48,48.693,0.517,-0.988,475.262,161.036,-0.314,0.06,-14.0,426.0,1326.85,False
2025-03-10 10:57:30,S06,Study-Hall,22.0,39.5,608.0,ok,22.034,0.106,-0.381,40.22,0.6,-1.286,672.367,41.369,-1.652,-0.02,-25.0,608.0,739.0,False
2025-03-10 10:57:40,S01,Lecture-101,22.17,42.6,914.0,ok,22.317,0.086,-1.447,41.977,0.365,1.267,908.133,10.51,0.607,-0.04,2.0,908.0,928.0,False
2025-03-10 10:57:40,S02,Lab-201,22.77,43.2,840.0,ok,22.655,0.077,1.13,43.911,4.283,-0.166,848.8,5.248,-0.943,0.08,0.0,840.0,859.0,False
2025-03-10 10:57:40,S03,Lab-305,22.96,44.4,773.0,ok,22.94,0.085,0.213,44.413,0.457,-0.007,777.367,8.344,-0.5,0.03,-6.0,761.0,793.0,False
2025-03-10 10:57:40,S04,Library-1F,21.64,39.1,731.0,ok,21.756,0.077,-1.167,39.693,0.395,-1.2,730.267,5.583,0.087,-0.06,-1.0,717.0,743.0,False
2025-03-10 10:57:40,S05,Canteen,23.24,48.2,440.0,ok,23.44,0.142,-1.526,48.64,0.48,-0.955,474.862,161.111,-0.219,-0.14,-15.0,426.0,1326.85,False
2025-03-10 10:57:40,S06,Study-Hall,21.88,39.8,602.0,ok,22.025,0.106,-1.46,40.173,0.575,-0.7,667.8,41.322,-1.701,-0.13,-23.0,602.0,739.0,False
2025-03-10 10:57:50,S01,Lecture-101,22.24,41.9,920.0,ok,22.315,0.087,-0.77,41.99,0.355,-0.153,909.067,10.269,1.129,-0.04,1.0,908.0,928.0,False
2025-03-10 10:57:50,S02,Lab-201,22.63,43.2,847.0,ok,22.654,0.077,-0.25,43.914,4.282,-0.166,848.667,5.241,-0.18,0.11,-6.0,840.0,859.0,False
2025-03-10 10:57:50,S03,Lab-305,23.03,44.3,762.0,ok,22.942,0.087,0.903,44.403,0.456,-0.227,776.467,8.5,-1.537,0.07,-7.0,761.0,793.0,False
2025-03-10 10:57:50,S04,Library-1F,21.72,39.4,735.0,ok,21.756,0.077,-0.363,39.663,0.381,-0.587,730.233,5.55,0.473,-0.04,6.0,717.0,743.0,False
2025-03-10 10:57:50,S05,Canteen,23.41,47.9,438.0,ok,23.432,0.136,-0.212,48.6,0.49,-1.48,474.262,161.217,-0.229,-0.14,-16.0,426.0,1326.85,False
2025-03-10 10:57:50,S06,Study-Hall,21.93,39.3,601.0,ok,22.017,0.104,-0.892,40.103,0.547,-1.52,663.467,41.282,-1.617,-0.04,-20.0,601.0,739.0,False
2025-03-10 10:58:00,S01,Lecture-101,22.35,41.7,919.0,ok,22.316,0.088,0.347,41.973,0.356,-0.58,910.233,9.261,0.967,-0.1,0.0,908.0,928.0,False
2025-03-10 10:58:00,S02,Lab-201,22.76,42.5,850.0,ok,22.657,0.08,1.063,43.904,4.285,-0.33,848.633,5.229,0.133,0.1,-6.0,840.0,859.0,False
2025-03-10 10:58:00,S03,Lab-305,22.94,44.6,776.0,ok,22.943,0.087,-0.023,44.4,0.454,0.393,776.533,8.488,-0.047,0.03,4.0,761.0,793.0,False
2025-03-10 10:58:00,S04,Library-1F,21.93,39.6,728.0,ok,21.765,0.081,1.743,39.663,0.381,-0.127,730.067,5.539,-0.223,-0.02,2.0,717.0,743.0,False
2025-03-10 10:58:00,S05,Canteen,23.49,48.0,432.0,ok,23.427,0.131,0.43,48.547,0.464,-1.2,473.795,161.322,-0.262,0.0,-16.0,426.0,1326.85,False
2025-03-10 10:58:00,S06,Study-Hall,21.85,39.4,598.0,ok,22.002,0.093,-1.605,40.067,0.557,-1.285,658.767,40.403,-1.586,-0.02,-21.0,598.0,729.0,False
2025-03-10 10:58:10,S01,Lecture-101,22.35,42.1,917.0,ok,22.319,0.087,0.337,41.977,0.357,0.253,911.1,8.592,0.677,0.0,2.0,908.0,928.0,False
2025-03-10 10:58:10,S02,Lab-201,22.68,43.5,846.0,ok,22.661,0.077,0.233,43.894,4.286,-0.094,848.667,5.208,-0.263,0.01,-2.0,840.0,859.0,False
2025-03-10 10:58:10,S03,Lab-305,22.93,44.2,772.0,ok,22.945,0.085,-0.127,44.39,0.455,-0.4,776.367,8.528,-0.453,0.01,3.0,761.0,793.0,False
2025-03-10 10:58:10,S04,Library-1F,21.66,39.8,735.0,ok,21.764,0.083,-1.047,39.673,0.381,0.273,730.033,5.505,0.493,-0.03,6.0,717.0,743.0,False
2025-03-10 10:58:10,S05,Canteen,23.39,47.8,425.0,ok,23.417,0.12,-0.283,48.497,0.46,-1.493,473.062,161.497,-0.302,0.0,-14.0,425.0,1326.85,False
2025-03-10 10:58:10,S06,Study-Hall,21.91,39.2,591.0,ok,21.991,0.085,-0.917,40.03,0.577,-1.557,654.667,40.843,-1.677,0.01,-24.0,591.0,729.0,False
2025-03-10 10:58:20,S01,Lecture-101,22.28,42.2,922.0,ok,22.317,0.087,-0.393,41.987,0.359,0.447,911.7,8.707,1.09,0.0,2.0,908.0,928.0,False
2025-03-10 10:58:20,S02,Lab-201,22.67,42.8,856.0,ok,22.661,0.077,0.09,43.877,4.289,-0.255,849.1,5.261,0.733,0.0,-5.0,840.0,859.0,False
2025-03-10 10:58:20,S03,Lab-305,22.92,43.8,763.0,ok,22.943,0.085,-0.253,44.36,0.464,-1.18,775.867,8.862,-1.337,0.02,2.0,761.0,793.0,False
2025-03-10 10:58:20,S04,Library-1F,21.66,40.2,727.0,ok,21.763,0.083,-1.037,39.663,0.361,1.053,729.967,5.53,-0.303,-0.06,-2.0,717.0,743.0,False
2025-03-10 10:58:20,S05,Canteen,23.3,48.4,431.0,ok,23.404,0.112,-0.97,48.483,0.457,-0.193,472.695,161.583,-0.26,-0.05,-2.0,425.0,1326.85,False
2025-03-10 10:58:20,S06,Study-Hall,21.9,39.3,600.0,ok,21.984,0.083,-0.913,39.96,0.53,-1.266,650.367,39.516,-1.338,0.02,-22.0,591.0,728.0,False
2025-03-10 10:58:30,S01,Lecture-101,22.36,42.2,930.0,ok,22.315,0.086,0.43,41.993,0.361,0.427,912.467,9.273,1.83,0.05,1.0,914.0,930.0,False
2025-03-10 10:58:30,S02,Lab-201,22.65,42.7,839.0,ok,22.664,0.075,-0.107,43.854,4.294,-0.274,848.7,5.559,-1.01,-0.1,-7.0,839.0,859.0,False
2025-03-10 10:58:30,S03,Lab-305,23.0,44.4,767.0,ok,22.949,0.082,0.567,44.357,0.463,0.08,775.3,8.867,-0.887,0.02,4.0,761.0,793.0,False
2025-03-10 10:58:30,S04,Library-1F,21.87,40.2,725.0,ok,21.769,0.084,1.067,39.68,0.375,1.073,729.967,5.53,-0.497,-0.09,-4.0,717.0,743.0,False
2025-03-10 10:58:30,S05,Canteen,23.32,47.7,429.0,ok,23.397,0.11,-0.752,48.453,0.478,-1.567,471.962,161.735,-0.27,-0.12,-1.0,425.0,1326.85,False
2025-03-10 10:58:30,S06,Study-Hall,21.79,39.1,588.0,ok,21.974,0.087,-1.937,39.903,0.528,-1.622,645.7,38.28,-1.578,-0.06,-19.0,588.0,708.0,False
2025-03-10 10:58:40,S01,Lecture-101,22.21,42.1,914.0,ok,22.31,0.088,-1.053,42.0,0.361,0.213,912.967,8.919,0.153,0.01,1.0,914.0,930.0,False
2025-03-10 10:58:40,S02,Lab-201,22.65,43.0,850.0,ok,22.669,0.067,-0.137,43.861,4.292,-0.199,848.633,5.53,0.13,-0.12,-3.0,839.0,859.0,False
2025-03-10 10:58:40,S03,Lab-305,22.86,44.4,767.0,ok,22.942,0.079,-0.893,44.34,0.452,0.087,775.0,8.994,-0.83,-0.04,-3.0,761.0,793.0,False
2025-03-10 10:58:40,S04,Library-1F,21.74,40.1,723.0,ok,21.769,0.084,-0.293,39.69,0.382,0.84,729.567,5.587,-0.697,0.06,-6.0,717.0,743.0,False
2025-03-10 10:58:40,S05,Canteen,23.32,48.1,422.0,ok,23.391,0.109,-0.699,48.413,0.455,-0.707,470.762,161.975,-0.309,0.08,-1.0,422.0,1326.85,False
2025-03-10 10:58:40,S06,Study-Hall,21.91,40.0,588.0,filled,21.967,0.084,-0.637,39.893,0.523,0.183,642.1,38.464,-1.507,0.02,-20.0,588.0,708.0,False
2025-03-10 10:58:50,S01,Lecture-101,22.26,42.1,923.0,ok,22.314,0.083,-0.503,41.997,0.36,0.2,913.333,9.102,1.003,0.02,3.0,914.0,930.0,False
2025-03-10 10:58:50,S02,Lab-201,22.57,43.0,853.0,ok,22.666,0.069,-0.993,43.857,4.293,-0.201,848.8,5.586,0.437,-0.12,3.0,839.0,859.0,False
2025-03-10 10:58:50,S03,Lab-305,22.97,43.8,781.0,ok,22.946,0.076,0.283,44.363,0.4,-1.08,774.8,8.782,0.6,-0.03,5.0,761.0,793.0,False
2025-03-10 10:58:50,S04,Library-1F,21.57,39.2,718.0,ok,21.761,0.091,-1.987,39.69,0.382,-0.98,729.2,5.974,-1.157,0.02,-10.0,718.0,743.0,False
2025-03-10 10:58:50,S05,Canteen,23.31,47.6,428.0,ok,23.378,0.094,-0.743,48.367,0.464,-1.627,470.062,162.118,-0.264,0.08,-10.0,422.0,1326.85,False
2025-03-10 10:58:50,S06,Study-Hall,21.95,39.7,582.0,ok,21.963,0.082,-0.167,39.863,0.507,-0.37,637.967,38.02,-1.563,-0.02,-14.0,582.0,708.0,False
2025-03-10 10:59:00,S01,Lecture-101,22.23,42.9,930.0,ok,22.309,0.084,-0.837,42.027,0.396,1.807,914.533,8.835,1.667,-0.01,4.0,914.0,930.0,False
2025-03-10 10:59:00,S02,Lab-201,22.6,42.9,844.0,ok,22.668,0.065,-0.66,43.857,4.293,-0.223,848.633,5.654,-0.48,-0.16,3.0,839.0,859.0,False
2025-03-10 10:59:00,S03,Lab-305,22.87,44.6,761.0,ok,22.942,0.077,-0.763,44.373,0.403,0.473,774.333,9.136,-1.38,-0.09,-6.0,761.0,793.0,False
2025-03-10 10:59:00,S04,Library-1F,21.71,39.6,720.0,ok,21.758,0.092,-0.513,39.68,0.38,-0.18,728.933,6.203,-0.92,-0.01,-11.0,718.0,743.0,False
2025-03-10 10:59:00,S05,Canteen,23.25,47.8,428.0,ok,23.371,0.095,-1.283,48.31,0.423,-1.133,469.262,162.269,-0.259,-0.1,-10.0,422.0,1326.85,False
2025-03-10 10:59:00,S06,Study-Hall,21.89,39.4,581.0,ok,21.956,0.079,-0.73,39.853,0.513,-0.914,633.733,37.011,-1.498,0.03,-19.0,581.0,697.0,False
2025-03-10 10:59:10,S01,Lecture-101,22.49,43.1,910.0,ok,22.314,0.09,1.81,42.067,0.44,2.147,914.4,8.873,-0.453,-0.09,4.0,910.0,930.0,False
2025-03-10 10:59:10,S02,Lab-201,22.76,43.5,853.0,ok,22.669,0.066,0.917,43.887,4.287,-0.083,848.867,5.686,0.437,-0.08,6.0,839.0,859.0,False
2025-03-10 10:59:10,S03,Lab-305,22.92,45.4,765.0,ok,22.94,0.076,-0.223,44.41,0.444,2.053,773.833,9.225,-0.933,-0.02,-7.0,761.0,793.0,False
2025-03-10 10:59:10,S04,Library-1F,21.71,39.6,727.0,ok,21.753,0.09,-0.483,39.68,0.38,-0.16,728.9,6.211,-0.193,-0.01,-15.0,718.0,743.0,False
2025-03-10 10:59:10,S05,Canteen,23.38,47.8,429.0,ok,23.365,0.089,0.09,48.277,0.422,-1.02,468.362,162.42,-0.248,-0.1,-4.0,422.0,1326.85,False
2025-03-10 10:59:10,S06,Study-Hall,21.86,39.4,574.0,ok,21.948,0.076,-0.96,39.823,0.512,-0.884,629.633,36.571,-1.614,-0.02,-17.0,574.0,692.0,False
2025-03-10 10:59:20,S01,Lecture-101,22.29,41.9,914.0,ok,22.314,0.09,-0.243,42.05,0.437,-0.333,914.733,8.654,-0.04,-0.06,-5.0,910.0,930.0,False
2025-03-10 10:59:20,S02,Lab-201,22.75,43.3,854.0,ok,22.673,0.067,0.813,43.887,4.287,-0.137,848.7,5.447,0.513,0.07,3.0,839.0,857.0,False
2025-03-10 10:59:20,S03,Lab-305,22.95,44.3,771.0,ok,22.937,0.074,0.103,44.423,0.434,-0.22,773.3,8.895,-0.283,-0.01,-7.0,761.0,793.0,False
2025-03-10 10:59:20,S04,Library-1F,21.75,40.4,718.0,ok,21.752,0.089,-0.03,39.707,0.402,1.44,728.833,6.32,-1.09,0.05,-8.0,718.0,743.0,False
2025-03-10 10:59:20,S05,Canteen,23.33,47.4,435.0,ok,23.362,0.089,-0.353,48.223,0.429,-1.753,468.162,162.459,-0.205,-0.06,-2.0,422.0,1326.85,False
2025-03-10 10:59:20,S06,Study-Hall,21.93,38.6,576.0,ok,21.949,0.076,-0.183,39.747,0.518,-2.388,625.833,36.0,-1.467,-0.01,-22.0,574.0,692.0,False
2025-03-10 10:59:30,S01,Lecture-101,22.39,41.9,931.0,ok,22.319,0.09,0.763,42.06,0.43,-0.3,915.867,8.476,1.627,0.04,-8.0,910.0,931.0,False
2025-03-10 10:59:30,S02,Lab-201,22.65,42.8,844.0,ok,22.673,0.067,-0.227,43.884,4.288,-0.254,848.5,5.507,-0.47,0.08,7.0,839.0,857.0,False
2025-03-10 10:59:30,S03,Lab-305,23.0,44.0,766.0,ok,22.936,0.074,0.633,44.4,0.437,-0.847,772.933,8.963,-0.73,0.02,-1.0,761.0,793.0,False
2025-03-10 10:59:30,S04,Library-1F,21.83,39.5,738.0,ok,21.757,0.09,0.777,39.683,0.392,-0.413,729.167,6.534,0.917,0.09,0.0,718.0,743.0,False
2025-03-10 10:59:30,S05,Canteen,23.12,47.3,434.0,ok,23.352,0.098,-2.423,48.16,0.42,-1.847,467.628,162.546,-0.21,0.01,5.0,422.0,1326.85,False
2025-03-10 10:59:30,S06,Study-Hall,21.9,39.9,566.0,ok,21.945,0.075,-0.49,39.703,0.441,0.296,621.633,35.359,-1.662,0.0,-17.0,566.0,685.0,False
2025-03-10 10:59:40,S01,Lecture-101,22.32,43.0,918.0,ok,22.327,0.079,0.007,42.097,0.461,1.88,916.333,8.18,0.213,0.04,-4.0,910.0,931.0,False
2025-03-10 10:59:40,S02,Lab-201,22.59,43.0,844.0,ok,22.669,0.068,-0.83,43.871,4.29,-0.206,848.1,5.378,-0.45,0.0,-6.0,839.0,857.0,False
2025-03-10 10:59:40,S03,Lab-305,22.93,44.6,764.0,ok,22.934,0.073,-0.063,44.403,0.438,0.4,772.167,8.698,-0.893,0.03,-1.0,761.0,793.0,False
2025-03-10 10:59:40,S04,Library-1F,21.71,40.2,730.0,ok,21.752,0.088,-0.47,39.703,0.403,1.033,729.2,6.536,0.083,0.01,5.0,718.0,743.0,False
2025-03-10 10:59:40,S05,Canteen,23.24,47.5,433.0,ok,23.345,0.099,-1.12,48.113,0.413,-1.32,467.462,162.58,-0.213,-0.08,5.0,422.0,1326.85,False
2025-03-10 10:59:40,S06,Study-Hall,21.85,39.6,571.0,ok,21.936,0.069,-0.95,39.69,0.437,-0.207,617.833,34.427,-1.432,0.0,-17.0,566.0,685.0,False
2025-03-10 10:59:50,S01,Lecture-101,22.53,41.7,924.0,ok,22.33,0.086,2.033,42.1,0.458,-0.793,916.967,8.006,0.767,0.13,1.0,910.0,931.0,False
2025-03-10 10:59:50,S02,Lab-201,22.74,43.0,852.0,ok,22.671,0.069,0.713,43.087,0.326,-0.203,848.233,5.425,0.39,0.0,-6.0,839.0,857.0,False
2025-03-10 10:59:50,S03,Lab-305,22.97,44.6,764.0,ok,22.933,0.072,0.357,44.4,0.436,0.393,771.633,8.692,-0.817,0.0,-3.0,761.0,793.0,False
2025-03-10 10:59:50,S04,Library-1F,21.81,39.1,723.0,ok,21.748,0.082,0.583,39.683,0.418,-1.207,728.533,6.084,-0.62,0.07,7.0,718.0,743.0,False
2025-03-10 10:59:50,S05,Canteen,23.24,47.1,430.0,ok,23.34,0.1,-1.053,48.07,0.448,-2.027,466.928,162.679,-0.23,-0.08,5.0,422.0,1326.85,False
2025-03-10 10:59:50,S06,Study-Hall,21.67,38.8,572.0,ok,21.923,0.08,-2.657,39.63,0.432,-1.78,614.067,32.976,-1.331,-0.06,-17.0,566.0,681.0,False
