poll_id,timestamp,sensor_id,room,temperature_c,humidity_pct,co2_ppm
0,2025-03-10 09:00:00,S01,Lecture-101,21.42,38.3,456.0
0,2025-03-10 09:00:00,S02,Lab-201,22.08,40.3,456.0
0,2025-03-10 09:00:00,S03,Lab-305,22.5,41.9,447.0
0,2025-03-10 09:00:00,S04,Library-1F,21.05,36.2,468.0
0,2025-03-10 09:00:00,S05,Canteen,22.93,44.7,453.0
0,2025-03-10 09:00:00,S06,Study-Hall,21.51,37.1,455.0
1,2025-03-10 09:00:10,S01,Lecture-101,21.47,37.8,444.0
1,2025-03-10 09:00:10,S02,Lab-201,22.03,40.3,466.0
1,2025-03-10 09:00:10,S03,Lab-305,22.41,41.6,452.0
1,2025-03-10 09:00:10,S04,Library-1F,21.06,35.8,457.0
1,2025-03-10 09:00:10,S05,Canteen,23.04,45.3,448.0
1,2025-03-10 09:00:10,S06,Study-Hall,21.53,36.6,446.0
2,2025-03-10 09:00:20,S01,Lecture-101,21.47,38.3,435.0
2,2025-03-10 09:00:20,S02,Lab-201,22.05,40.1,477.0
2,2025-03-10 09:00:20,S03,Lab-305,22.53,42.6,443.0
2,2025-03-10 09:00:20,S04,Library-1F,20.92,35.7,465.0
2,2025-03-10 09:00:20,S05,Canteen,23.02,44.7,442.0
2,2025-03-10 09:00:20,S06,Study-Hall,21.37,36.8,446.0
3,2025-03-10 09:00:30,S01,Lecture-101,21.44,38.9,439.0
3,2025-03-10 09:00:30,S02,Lab-201,21.98,40.3,470.0
3,2025-03-10 09:00:30,S03,Lab-305,22.52,42.5,450.0
3,2025-03-10 09:00:30,S04,Library-1F,20.94,36.8,476.0
3,2025-03-10 09:00:30,S05,Canteen,23.05,44.8,442.0
3,2025-03-10 09:00:30,S06,Study-Hall,21.5,36.7,435.0
4,2025-03-10 09:00:40,S01,Lecture-101,21.47,38.4,446.0
4,2025-03-10 09:00:40,S02,Lab-201,21.96,40.2,481.0
4,2025-03-10 09:00:40,S03,Lab-305,22.53,42.5,444.0
4,2025-03-10 09:00:40,S04,Library-1F,21.02,35.9,472.0
4,2025-03-10 09:00:40,S05,Canteen,23.23,44.5,442.0
4,2025-03-10 09:00:40,S06,Study-Hall,21.47,36.9,434.0
5,2025-03-10 09:00:50,S01,Lecture-101,21.51,38.1,444.0
5,2025-03-10 09:00:50,S02,Lab-201,22.18,40.3,484.0
5,2025-03-10 09:00:50,S03,Lab-305,22.36,42.4,451.0
5,2025-03-10 09:00:50,S04,Library-1F,21.05,36.3,486.0
5,2025-03-10 09:00:50,S05,Canteen,23.03,45.7,432.0
5,2025-03-10 09:00:50,S06,Study-Hall,21.55,37.7,451.0
6,2025-03-10 09:01:00,S01,Lecture-101,21.44,38.4,437.0
6,2025-03-10 09:01:00,S02,Lab-201,22.12,39.6,497.0
6,2025-03-10 09:01:00,S03,Lab-305,22.5,41.5,442.0
6,2025-03-10 09:01:00,S04,Library-1F,21.09,36.4,491.0
6,2025-03-10 09:01:00,S05,Canteen,23.07,44.8,446.0
6,2025-03-10 09:01:00,S06,Study-Hall,21.49,37.2,450.0
7,2025-03-10 09:01:10,S01,Lecture-101,21.57,38.0,452.0
7,2025-03-10 09:01:10,S02,Lab-201,22.2,40.0,501.0
7,2025-03-10 09:01:10,S03,Lab-305,22.54,42.1,438.0
7,2025-03-10 09:01:10,S04,Library-1F,21.16,36.4,489.0
7,2025-03-10 09:01:10,S05,Canteen,22.98,45.0,446.0
7,2025-03-10 09:01:10,S06,Study-Hall,21.48,37.1,451.0
8,2025-03-10 09:01:20,S01,Lecture-101,21.51,37.7,442.0
8,2025-03-10 09:01:20,S02,Lab-201,22.11,39.8,506.0
8,2025-03-10 09:01:20,S03,Lab-305,22.45,42.2,444.0
8,2025-03-10 09:01:20,S04,Library-1F,21.08,36.8,493.0
8,2025-03-10 09:01:20,S05,Canteen,23.09,44.7,442.0
8,2025-03-10 09:01:20,S06,Study-Hall,21.46,36.9,454.0
9,2025-03-10 09:01:30,S01,Lecture-101,21.55,37.9,452.0
9,2025-03-10 09:01:30,S02,Lab-201,22.13,40.3,508.0
9,2025-03-10 09:01:30,S03,Lab-305,22.59,42.1,444.0
9,2025-03-10 09:01:30,S04,Library-1F,21.0,36.9,497.0
9,2025-03-10 09:01:30,S05,Canteen,22.96,45.2,431.0
9,2025-03-10 09:01:30,S06,Study-Hall,21.44,37.4,453.0
10,2025-03-10 09:01:40,S01,Lecture-101,21.62,38.1,446.0
10,2025-03-10 09:01:40,S02,Lab-201,22.14,40.1,519.0
10,2025-03-10 09:01:40,S03,Lab-305,22.48,41.9,446.0
10,2025-03-10 09:01:40,S04,Library-1F,21.29,36.4,494.0
10,2025-03-10 09:01:40,S05,Canteen,22.99,45.1,439.0
10,2025-03-10 09:01:40,S06,Study-Hall,21.52,36.4,443.0
11,2025-03-10 09:01:50,S01,Lecture-101,21.48,38.1,431.0
11,2025-03-10 09:01:50,S02,Lab-201,22.03,40.4,525.0
11,2025-03-10 09:01:50,S03,Lab-305,22.4,41.8,439.0
11,2025-03-10 09:01:50,S04,Library-1F,21.09,36.2,505.0
11,2025-03-10 09:01:50,S05,Canteen,22.89,45.2,433.0
11,2025-03-10 09:01:50,S06,Study-Hall,21.5,37.1,439.0
12,2025-03-10 09:02:00,S01,Lecture-101,21.63,39.0,439.0
12,2025-03-10 09:02:00,S02,Lab-201,22.15,39.8,526.0
12,2025-03-10 09:02:00,S03,Lab-305,22.51,41.8,451.0
12,2025-03-10 09:02:00,S04,Library-1F,21.16,37.0,502.0
12,2025-03-10 09:02:00,S05,Canteen,22.87,45.2,432.0
12,2025-03-10 09:02:00,S06,Study-Hall,21.53,38.0,446.0
13,2025-03-10 09:02:10,S01,Lecture-101,21.47,37.8,445.0
13,2025-03-10 09:02:10,S02,Lab-201,21.93,40.1,524.0
13,2025-03-10 09:02:10,S03,Lab-305,22.42,42.0,445.0
13,2025-03-10 09:02:10,S04,Library-1F,21.21,36.1,508.0
13,2025-03-10 09:02:10,S05,Canteen,22.99,45.5,419.0
13,2025-03-10 09:02:10,S06,Study-Hall,21.41,37.2,441.0
14,2025-03-10 09:02:20,S01,Lecture-101,21.37,37.1,448.0
14,2025-03-10 09:02:20,S02,Lab-201,22.16,40.3,531.0
14,2025-03-10 09:02:20,S03,Lab-305,22.43,42.3,444.0
14,2025-03-10 09:02:20,S04,Library-1F,21.02,36.6,509.0
14,2025-03-10 09:02:20,S05,Canteen,23.0,45.1,428.0
14,2025-03-10 09:02:20,S06,Study-Hall,21.57,37.0,445.0
15,2025-03-10 09:02:20,S01,Lecture-101,21.37,37.1,448.0
15,2025-03-10 09:02:20,S05,Canteen,23.0,45.1,428.0
15,2025-03-10 09:02:30,S01,Lecture-101,21.54,38.2,429.0
15,2025-03-10 09:02:30,S02,Lab-201,22.04,40.6,542.0
15,2025-03-10 09:02:30,S03,Lab-305,22.48,41.8,442.0
15,2025-03-10 09:02:30,S04,Library-1F,21.09,36.4,524.0
15,2025-03-10 09:02:30,S05,Canteen,23.0,45.0,441.0
15,2025-03-10 09:02:30,S06,Study-Hall,21.43,36.9,450.0
16,2025-03-10 09:02:40,S01,Lecture-101,21.51,38.1,458.0
16,2025-03-10 09:02:40,S02,Lab-201,22.14,40.6,546.0
16,2025-03-10 09:02:40,S03,Lab-305,22.5,42.0,434.0
16,2025-03-10 09:02:40,S04,Library-1F,21.11,36.9,520.0
16,2025-03-10 09:02:40,S05,Canteen,23.02,45.4,427.0
16,2025-03-10 09:02:40,S06,Study-Hall,21.36,36.7,434.0
17,2025-03-10 09:02:50,S01,Lecture-101,21.54,37.4,440.0
17,2025-03-10 09:02:50,S02,Lab-201,22.04,40.5,544.0
17,2025-03-10 09:02:50,S03,Lab-305,22.61,42.2,448.0
17,2025-03-10 09:02:50,S04,Library-1F,21.35,36.6,525.0
17,2025-03-10 09:02:50,S05,Canteen,23.02,45.2,429.0
17,2025-03-10 09:02:50,S06,Study-Hall,21.6,37.1,436.0
18,2025-03-10 09:03:00,S01,Lecture-101,21.54,37.5,434.0
18,2025-03-10 09:03:00,S02,Lab-201,22.16,,557.0
18,2025-03-10 09:03:00,S03,Lab-305,22.49,42.1,443.0
18,2025-03-10 09:03:00,S04,Library-1F,21.24,36.1,528.0
18,2025-03-10 09:03:00,S05,Canteen,22.96,45.3,443.0
18,2025-03-10 09:03:00,S06,Study-Hall,21.51,37.3,438.0
19,2025-03-10 09:03:10,S01,Lecture-101,21.47,38.3,441.0
19,2025-03-10 09:03:10,S02,Lab-201,22.16,40.4,558.0
19,2025-03-10 09:03:10,S03,Lab-305,22.47,41.1,436.0
19,2025-03-10 09:03:10,S04,Library-1F,21.17,36.8,536.0
19,2025-03-10 09:03:10,S05,Canteen,23.01,44.7,430.0
19,2025-03-10 09:03:10,S06,Study-Hall,21.51,38.0,429.0
20,2025-03-10 09:03:20,S01,Lecture-101,21.62,37.8,445.0
20,2025-03-10 09:03:20,S02,Lab-201,22.14,40.1,563.0
20,2025-03-10 09:03:20,S03,Lab-305,22.61,42.1,434.0
20,2025-03-10 09:03:20,S04,Library-1F,21.28,36.7,528.0
20,2025-03-10 09:03:20,S05,Canteen,23.13,45.2,440.0
20,2025-03-10 09:03:20,S06,Study-Hall,21.56,36.5,431.0
21,2025-03-10 09:03:30,S02,Lab-201,22.15,40.5,566.0
21,2025-03-10 09:03:30,S03,Lab-305,22.45,42.6,433.0
21,2025-03-10 09:03:30,S04,Library-1F,21.05,36.0,534.0
21,2025-03-10 09:03:30,S05,Canteen,23.01,45.4,437.0
21,2025-03-10 09:03:30,S06,Study-Hall,21.39,36.5,429.0
22,2025-03-10 09:03:40,S01,Lecture-101,21.47,37.9,433.0
22,2025-03-10 09:03:40,S03,Lab-305,22.53,42.2,433.0
22,2025-03-10 09:03:40,S04,Library-1F,21.14,36.5,552.0
22,2025-03-10 09:03:40,S05,Canteen,22.95,44.7,429.0
22,2025-03-10 09:03:40,S06,Study-Hall,21.29,36.4,419.0
23,2025-03-10 09:03:50,S01,Lecture-101,21.56,37.6,443.0
23,2025-03-10 09:03:50,S02,Lab-201,22.08,40.7,575.0
23,2025-03-10 09:03:50,S03,Lab-305,22.42,42.7,432.0
23,2025-03-10 09:03:50,S04,Library-1F,21.33,37.5,539.0
23,2025-03-10 09:03:50,S05,Canteen,22.96,45.4,437.0
24,2025-03-10 09:03:40,S02,Lab-201,22.19,40.8,573.0
24,2025-03-10 09:04:00,S02,Lab-201,22.18,41.5,580.0
24,2025-03-10 09:04:00,S03,Lab-305,22.37,41.7,429.0
24,2025-03-10 09:04:00,S04,Library-1F,21.24,35.9,542.0
24,2025-03-10 09:04:00,S05,Canteen,23.03,45.2,446.0
24,2025-03-10 09:04:00,S06,Study-Hall,21.5,36.4,431.0
25,2025-03-10 09:03:30,S01,Lecture-101,21.51,38.0,444.0
25,2025-03-10 09:03:50,S06,Study-Hall,21.55,37.2,440.0
25,2025-03-10 09:04:10,S01,Lecture-101,21.41,38.4,438.0
25,2025-03-10 09:04:10,S02,Lab-201,22.13,40.9,582.0
25,2025-03-10 09:04:10,S03,Lab-305,22.49,41.9,441.0
25,2025-03-10 09:04:10,S04,Library-1F,21.22,36.8,549.0
25,2025-03-10 09:04:10,S05,Canteen,22.91,45.5,442.0
25,2025-03-10 09:04:10,S06,Study-Hall,21.53,37.2,431.0
26,2025-03-10 09:04:20,S01,Lecture-101,21.36,38.0,443.0
26,2025-03-10 09:04:20,S02,Lab-201,22.23,40.0,594.0
26,2025-03-10 09:04:20,S03,Lab-305,22.48,41.8,433.0
26,2025-03-10 09:04:20,S04,Library-1F,21.45,36.3,560.0
26,2025-03-10 09:04:20,S05,Canteen,22.98,44.9,437.0
26,2025-03-10 09:04:20,S06,Study-Hall,21.56,36.9,425.0
27,2025-03-10 09:04:00,S01,Lecture-101,21.63,38.1,438.0
27,2025-03-10 09:04:30,S01,Lecture-101,21.4,38.4,427.0
27,2025-03-10 09:04:30,S02,Lab-201,22.32,40.6,586.0
27,2025-03-10 09:04:30,S03,Lab-305,22.68,42.0,447.0
27,2025-03-10 09:04:30,S04,Library-1F,21.28,36.5,548.0
27,2025-03-10 09:04:30,S05,Canteen,22.98,44.9,443.0
27,2025-03-10 09:04:30,S06,Study-Hall,21.53,37.3,426.0
28,2025-03-10 09:04:40,S01,Lecture-101,21.45,37.6,429.0
28,2025-03-10 09:04:40,S02,Lab-201,22.16,41.3,595.0
28,2025-03-10 09:04:40,S03,Lab-305,22.51,42.2,442.0
28,2025-03-10 09:04:40,S04,Library-1F,21.13,36.5,542.0
28,2025-03-10 09:04:40,S05,Canteen,22.83,45.2,433.0
28,2025-03-10 09:04:40,S06,Study-Hall,21.37,36.6,441.0
29,2025-03-10 09:04:50,S01,Lecture-101,21.36,37.7,433.0
29,2025-03-10 09:04:50,S02,Lab-201,22.16,40.5,599.0
29,2025-03-10 09:04:50,S03,Lab-305,22.42,41.7,428.0
29,2025-03-10 09:04:50,S04,Library-1F,21.3,36.5,
29,2025-03-10 09:04:50,S05,Canteen,23.04,44.7,429.0
29,2025-03-10 09:04:50,S06,Study-Hall,21.39,36.9,425.0
30,2025-03-10 09:05:00,S01,Lecture-101,21.52,38.5,446.0
30,2025-03-10 09:05:00,S02,Lab-201,22.19,40.9,596.0
30,2025-03-10 09:05:00,S03,Lab-305,22.53,41.7,435.0
30,2025-03-10 09:05:00,S04,Library-1F,21.43,37.2,568.0
30,2025-03-10 09:05:00,S05,Canteen,22.86,45.4,431.0
30,2025-03-10 09:05:00,S06,Study-Hall,21.38,37.0,429.0
31,2025-03-10 09:05:10,S01,Lecture-101,21.51,38.0,440.0
31,2025-03-10 09:05:10,S02,Lab-201,22.22,41.5,607.0
31,2025-03-10 09:05:10,S03,Lab-305,22.37,42.1,434.0
31,2025-03-10 09:05:10,S04,Library-1F,21.19,36.7,560.0
31,2025-03-10 09:05:10,S05,Canteen,23.07,44.8,421.0
31,2025-03-10 09:05:10,S06,Study-Hall,21.69,36.3,431.0
32,2025-03-10 09:05:20,S01,Lecture-101,21.52,38.3,468.0
32,2025-03-10 09:05:20,S02,Lab-201,22.24,40.6,599.0
32,2025-03-10 09:05:20,S03,Lab-305,22.59,42.0,429.0
32,2025-03-10 09:05:20,S04,Library-1F,21.2,36.9,571.0
32,2025-03-10 09:05:20,S05,Canteen,23.04,44.5,436.0
32,2025-03-10 09:05:20,S06,Study-Hall,21.45,36.7,425.0
33,2025-03-10 09:05:30,S01,Lecture-101,21.48,38.0,468.0
33,2025-03-10 09:05:30,S02,Lab-201,22.46,40.7,605.0
33,2025-03-10 09:05:30,S03,Lab-305,22.41,42.6,439.0
33,2025-03-10 09:05:30,S04,Library-1F,21.2,255.0,576.0
33,2025-03-10 09:05:30,S05,Canteen,22.99,44.8,428.0
33,2025-03-10 09:05:30,S06,Study-Hall,21.54,37.0,425.0
34,2025-03-10 09:05:40,S01,Lecture-101,21.56,38.6,487.0
34,2025-03-10 09:05:40,S02,Lab-201,22.17,41.1,614.0
34,2025-03-10 09:05:40,S03,Lab-305,22.53,42.2,433.0
34,2025-03-10 09:05:40,S04,Library-1F,21.4,36.6,565.0
34,2025-03-10 09:05:40,S05,Canteen,23.02,44.9,434.0
34,2025-03-10 09:05:40,S06,Study-Hall,21.55,36.6,431.0
35,2025-03-10 09:05:50,S01,Lecture-101,21.63,38.7,487.0
35,2025-03-10 09:05:50,S02,Lab-201,22.36,40.2,619.0
35,2025-03-10 09:05:50,S03,Lab-305,22.52,41.4,434.0
35,2025-03-10 09:05:50,S04,Library-1F,21.22,37.4,571.0
35,2025-03-10 09:05:50,S05,Canteen,22.91,45.0,431.0
35,2025-03-10 09:05:50,S06,Study-Hall,21.6,35.8,415.0
36,2025-03-10 09:06:00,S01,Lecture-101,21.72,38.4,490.0
36,2025-03-10 09:06:00,S02,Lab-201,22.18,41.4,609.0
36,2025-03-10 09:06:00,S03,Lab-305,22.51,41.5,416.0
36,2025-03-10 09:06:00,S04,Library-1F,21.35,37.4,569.0
36,2025-03-10 09:06:00,S05,Canteen,22.95,45.1,426.0
36,2025-03-10 09:06:00,S06,Study-Hall,21.47,37.3,417.0
37,2025-03-10 09:06:10,S01,Lecture-101,21.67,39.1,506.0
37,2025-03-10 09:06:10,S02,Lab-201,22.27,40.6,615.0
37,2025-03-10 09:06:10,S03,Lab-305,22.53,42.1,428.0
37,2025-03-10 09:06:10,S04,Library-1F,21.24,37.7,582.0
37,2025-03-10 09:06:10,S05,Canteen,23.0,45.6,431.0
37,2025-03-10 09:06:10,S06,Study-Hall,21.51,37.0,409.0
38,2025-03-10 09:06:20,S01,Lecture-101,21.63,38.8,512.0
38,2025-03-10 09:06:20,S02,Lab-201,22.33,41.2,635.0
38,2025-03-10 09:06:20,S03,Lab-305,22.41,42.3,422.0
38,2025-03-10 09:06:20,S04,Library-1F,21.22,37.1,577.0
38,2025-03-10 09:06:20,S05,Canteen,23.08,45.0,433.0
38,2025-03-10 09:06:20,S06,Study-Hall,21.4,37.0,418.0
39,2025-03-10 09:06:30,S01,Lecture-101,21.77,38.9,523.0
39,2025-03-10 09:06:30,S02,Lab-201,22.33,41.0,632.0
39,2025-03-10 09:06:30,S03,Lab-305,22.44,42.3,425.0
39,2025-03-10 09:06:30,S04,Library-1F,21.41,37.7,588.0
39,2025-03-10 09:06:30,S05,Canteen,23.04,45.0,426.0
39,2025-03-10 09:06:30,S06,Study-Hall,21.59,37.0,432.0
40,2025-03-10 09:06:40,S01,Lecture-101,21.73,39.2,533.0
40,2025-03-10 09:06:40,S02,Lab-201,22.34,40.8,630.0
40,2025-03-10 09:06:40,S03,Lab-305,22.53,41.7,431.0
40,2025-03-10 09:06:40,S04,Library-1F,21.42,37.6,598.0
40,2025-03-10 09:06:40,S05,Canteen,22.98,44.5,430.0
40,2025-03-10 09:06:40,S06,Study-Hall,21.52,36.3,415.0
41,2025-03-10 09:06:50,S01,Lecture-101,21.78,38.4,537.0
41,2025-03-10 09:06:50,S02,Lab-201,22.21,40.8,631.0
41,2025-03-10 09:06:50,S03,Lab-305,22.55,41.8,432.0
41,2025-03-10 09:06:50,S04,Library-1F,21.37,37.1,584.0
41,2025-03-10 09:06:50,S05,Canteen,23.01,45.2,442.0
41,2025-03-10 09:06:50,S06,Study-Hall,21.42,37.0,419.0
42,2025-03-10 09:07:00,S01,Lecture-101,21.77,38.6,544.0
42,2025-03-10 09:07:00,S02,Lab-201,22.09,41.4,628.0
42,2025-03-10 09:07:00,S03,Lab-305,22.51,41.9,429.0
42,2025-03-10 09:07:00,S04,Library-1F,21.3,37.7,601.0
42,2025-03-10 09:07:00,S05,Canteen,23.1,45.0,432.0
42,2025-03-10 09:07:00,S06,Study-Hall,21.37,37.2,428.0
43,2025-03-10 09:07:10,S01,Lecture-101,21.71,38.7,557.0
43,2025-03-10 09:07:10,S02,Lab-201,22.28,41.6,643.0
43,2025-03-10 09:07:10,S03,Lab-305,22.48,42.2,440.0
43,2025-03-10 09:07:10,S04,Library-1F,21.43,36.6,603.0
43,2025-03-10 09:07:10,S05,Canteen,22.96,45.0,442.0
43,2025-03-10 09:07:10,S06,Study-Hall,21.48,37.3,412.0
44,2025-03-10 09:07:20,S01,Lecture-101,21.76,39.0,562.0
44,2025-03-10 09:07:20,S02,Lab-201,22.21,40.9,649.0
44,2025-03-10 09:07:20,S03,Lab-305,22.41,41.9,427.0
44,2025-03-10 09:07:20,S04,Library-1F,21.39,37.4,601.0
44,2025-03-10 09:07:20,S05,Canteen,23.09,45.0,414.0
44,2025-03-10 09:07:20,S06,Study-Hall,21.49,36.7,421.0
45,2025-03-10 09:07:30,S01,Lecture-101,21.71,38.3,580.0
45,2025-03-10 09:07:30,S02,Lab-201,22.18,41.5,655.0
45,2025-03-10 09:07:30,S03,Lab-305,22.62,41.8,428.0
45,2025-03-10 09:07:30,S04,Library-1F,21.49,37.1,597.0
45,2025-03-10 09:07:30,S05,Canteen,23.08,44.9,427.0
45,2025-03-10 09:07:30,S06,Study-Hall,21.46,37.3,422.0
46,2025-03-10 09:07:40,S01,Lecture-101,21.88,38.8,576.0
46,2025-03-10 09:07:40,S02,Lab-201,22.23,40.9,656.0
46,2025-03-10 09:07:40,S03,Lab-305,22.43,42.0,416.0
46,2025-03-10 09:07:40,S04,Library-1F,21.41,37.5,598.0
46,2025-03-10 09:07:40,S05,Canteen,23.07,44.7,430.0
46,2025-03-10 09:07:40,S06,Study-Hall,21.6,37.2,418.0
47,2025-03-10 09:07:50,S01,Lecture-101,21.89,39.0,592.0
47,2025-03-10 09:07:50,S02,Lab-201,22.41,41.3,641.0
47,2025-03-10 09:07:50,S03,Lab-305,22.65,42.3,425.0
47,2025-03-10 09:07:50,S04,Library-1F,21.43,37.5,607.0
47,2025-03-10 09:07:50,S05,Canteen,22.97,45.3,426.0
47,2025-03-10 09:07:50,S06,Study-Hall,21.49,36.8,401.0
48,2025-03-10 09:08:00,S01,Lecture-101,21.86,39.2,613.0
48,2025-03-10 09:08:00,S02,Lab-201,22.34,42.0,655.0
48,2025-03-10 09:08:00,S03,Lab-305,22.6,42.5,418.0
48,2025-03-10 09:08:00,S04,Library-1F,21.53,37.7,607.0
48,2025-03-10 09:08:00,S05,Canteen,23.1,45.1,413.0
48,2025-03-10 09:08:00,S06,Study-Hall,21.43,36.6,414.0
49,2025-03-10 09:08:10,S01,Lecture-101,21.69,38.9,612.0
49,2025-03-10 09:08:10,S02,Lab-201,22.32,40.9,655.0
49,2025-03-10 09:08:10,S03,Lab-305,22.5,42.0,429.0
49,2025-03-10 09:08:10,S04,Library-1F,21.38,37.8,605.0
49,2025-03-10 09:08:10,S05,Canteen,23.02,46.0,418.0
49,2025-03-10 09:08:10,S06,Study-Hall,21.52,36.6,414.0
50,2025-03-10 09:08:20,S01,Lecture-101,21.87,,618.0
50,2025-03-10 09:08:20,S02,Lab-201,22.29,41.3,668.0
50,2025-03-10 09:08:20,S03,Lab-305,22.44,41.4,425.0
50,2025-03-10 09:08:20,S04,Library-1F,21.43,37.5,615.0
50,2025-03-10 09:08:20,S05,Canteen,22.91,45.3,432.0
50,2025-03-10 09:08:20,S06,Study-Hall,21.5,37.3,414.0
51,2025-03-10 09:08:30,S01,Lecture-101,21.78,39.4,636.0
51,2025-03-10 09:08:30,S02,Lab-201,22.46,40.7,654.0
51,2025-03-10 09:08:30,S03,Lab-305,22.48,43.0,431.0
51,2025-03-10 09:08:30,S04,Library-1F,21.52,37.5,609.0
51,2025-03-10 09:08:30,S05,Canteen,23.09,44.5,429.0
51,2025-03-10 09:08:30,S06,Study-Hall,21.57,36.8,410.0
52,2025-03-10 09:08:40,S01,Lecture-101,21.87,39.3,634.0
52,2025-03-10 09:08:40,S02,Lab-201,22.27,41.4,672.0
52,2025-03-10 09:08:40,S03,Lab-305,22.62,42.0,417.0
52,2025-03-10 09:08:40,S04,Library-1F,21.49,37.4,610.0
52,2025-03-10 09:08:40,S06,Study-Hall,21.56,37.3,417.0
53,2025-03-10 09:08:50,S01,Lecture-101,22.05,40.2,633.0
53,2025-03-10 09:08:50,S02,Lab-201,22.31,41.4,670.0
53,2025-03-10 09:08:50,S03,Lab-305,22.45,41.6,419.0
53,2025-03-10 09:08:50,S04,Library-1F,,37.4,625.0
53,2025-03-10 09:08:50,S05,Canteen,22.94,46.2,422.0
53,2025-03-10 09:08:50,S06,Study-Hall,21.45,36.6,398.0
54,2025-03-10 09:08:40,S05,Canteen,22.85,45.1,419.0
54,2025-03-10 09:09:00,S01,Lecture-101,21.94,39.8,656.0
54,2025-03-10 09:09:00,S02,Lab-201,22.3,40.9,673.0
54,2025-03-10 09:09:00,S03,Lab-305,22.58,42.0,416.0
54,2025-03-10 09:09:00,S04,Library-1F,21.46,38.2,616.0
54,2025-03-10 09:09:00,S05,Canteen,23.03,45.8,434.0
54,2025-03-10 09:09:00,S06,Study-Hall,21.45,36.7,413.0
55,2025-03-10 09:09:10,S01,Lecture-101,22.02,39.9,655.0
55,2025-03-10 09:09:10,S02,Lab-201,22.43,41.3,673.0
55,2025-03-10 09:09:10,S03,Lab-305,22.41,42.3,421.0
55,2025-03-10 09:09:10,S04,Library-1F,21.61,37.2,618.0
55,2025-03-10 09:09:10,S05,Canteen,23.16,45.0,430.0
55,2025-03-10 09:09:10,S06,Study-Hall,21.49,36.8,420.0
56,2025-03-10 09:09:20,S01,Lecture-101,21.95,40.2,667.0
56,2025-03-10 09:09:20,S02,Lab-201,22.27,40.8,690.0
56,2025-03-10 09:09:20,S03,Lab-305,22.48,41.8,408.0
56,2025-03-10 09:09:20,S04,Library-1F,21.47,38.2,616.0
56,2025-03-10 09:09:20,S05,Canteen,22.9,45.6,423.0
56,2025-03-10 09:09:20,S06,Study-Hall,21.43,37.1,404.0
57,2025-03-10 09:09:30,S01,Lecture-101,21.94,39.3,672.0
57,2025-03-10 09:09:30,S02,Lab-201,22.38,41.5,683.0
57,2025-03-10 09:09:30,S03,Lab-305,22.41,41.8,417.0
57,2025-03-10 09:09:30,S04,Library-1F,21.44,37.8,623.0
57,2025-03-10 09:09:30,S05,Canteen,,45.5,413.0
57,2025-03-10 09:09:30,S06,Study-Hall,21.46,36.8,410.0
58,2025-03-10 09:09:40,S01,Lecture-101,22.04,39.3,689.0
58,2025-03-10 09:09:40,S02,Lab-201,22.3,,685.0
58,2025-03-10 09:09:40,S03,Lab-305,22.52,42.5,428.0
58,2025-03-10 09:09:40,S04,Library-1F,21.37,37.9,623.0
58,2025-03-10 09:09:40,S05,Canteen,-127.0,45.1,423.0
58,2025-03-10 09:09:40,S06,Study-Hall,21.54,37.8,406.0
59,2025-03-10 09:09:50,S01,Lecture-101,22.04,39.7,696.0
59,2025-03-10 09:09:50,S02,Lab-201,22.28,42.4,678.0
59,2025-03-10 09:09:50,S03,Lab-305,22.45,42.1,414.0
59,2025-03-10 09:09:50,S04,Library-1F,21.48,38.1,614.0
59,2025-03-10 09:09:50,S05,Canteen,22.94,45.2,420.0
59,2025-03-10 09:09:50,S06,Study-Hall,21.43,37.0,398.0
60,2025-03-10 09:10:00,S01,Lecture-101,21.94,40.2,689.0
60,2025-03-10 09:10:00,S02,Lab-201,22.3,41.4,683.0
60,2025-03-10 09:10:00,S03,Lab-305,22.69,42.4,433.0
60,2025-03-10 09:10:00,S04,Library-1F,21.48,38.1,616.0
60,2025-03-10 09:10:00,S05,Canteen,23.09,45.3,423.0
60,2025-03-10 09:10:00,S06,Study-Hall,21.53,36.7,398.0
61,2025-03-10 09:10:10,S01,Lecture-101,21.97,39.9,695.0
61,2025-03-10 09:10:10,S02,Lab-201,22.48,41.2,688.0
61,2025-03-10 09:10:10,S03,Lab-305,22.5,41.9,416.0
61,2025-03-10 09:10:10,S04,Library-1F,21.55,37.7,637.0
61,2025-03-10 09:10:10,S05,Canteen,22.98,45.1,413.0
61,2025-03-10 09:10:10,S06,Study-Hall,21.51,37.2,418.0
62,2025-03-10 09:10:20,S01,Lecture-101,21.93,39.7,703.0
62,2025-03-10 09:10:20,S02,Lab-201,22.3,41.8,692.0
62,2025-03-10 09:10:20,S03,Lab-305,22.57,42.1,427.0
62,2025-03-10 09:10:20,S04,Library-1F,21.47,37.8,634.0
62,2025-03-10 09:10:20,S05,Canteen,22.88,44.9,419.0
62,2025-03-10 09:10:20,S06,Study-Hall,21.44,36.9,391.0
63,2025-03-10 09:10:30,S01,Lecture-101,21.84,40.0,707.0
63,2025-03-10 09:10:30,S02,Lab-201,-127.0,40.8,680.0
63,2025-03-10 09:10:30,S03,Lab-305,22.51,42.2,435.0
63,2025-03-10 09:10:30,S04,Library-1F,21.37,37.7,625.0
63,2025-03-10 09:10:30,S05,Canteen,22.98,44.3,413.0
63,2025-03-10 09:10:30,S06,Study-Hall,21.56,37.7,1335.54
64,2025-03-10 09:10:40,S01,Lecture-101,22.11,40.0,
64,2025-03-10 09:10:40,S02,Lab-201,22.39,41.6,703.0
64,2025-03-10 09:10:40,S03,Lab-305,22.58,41.9,435.0
64,2025-03-10 09:10:40,S04,Library-1F,21.59,37.8,630.0
64,2025-03-10 09:10:40,S05,Canteen,23.06,45.6,414.0
64,2025-03-10 09:10:40,S06,Study-Hall,21.39,36.4,407.0
65,2025-03-10 09:10:50,S01,Lecture-101,22.02,40.4,726.0
65,2025-03-10 09:10:50,S02,Lab-201,22.32,41.8,699.0
65,2025-03-10 09:10:50,S03,Lab-305,22.52,41.7,432.0
65,2025-03-10 09:10:50,S04,Library-1F,21.48,38.2,634.0
65,2025-03-10 09:10:50,S05,Canteen,23.04,45.2,412.0
66,2025-03-10 09:11:00,S01,Lecture-101,21.98,40.7,728.0
66,2025-03-10 09:11:00,S02,Lab-201,22.39,41.6,689.0
66,2025-03-10 09:11:00,S03,Lab-305,22.54,42.3,440.0
66,2025-03-10 09:11:00,S04,Library-1F,21.41,38.4,626.0
66,2025-03-10 09:11:00,S05,Canteen,23.06,45.0,410.0
66,2025-03-10 09:11:00,S06,Study-Hall,21.57,37.3,410.0
67,2025-03-10 09:11:10,S01,Lecture-101,22.08,40.3,725.0
67,2025-03-10 09:11:10,S02,Lab-201,22.29,41.5,697.0
67,2025-03-10 09:11:10,S03,Lab-305,22.76,42.0,440.0
67,2025-03-10 09:11:10,S04,Library-1F,21.52,38.3,630.0
67,2025-03-10 09:11:10,S05,Canteen,22.96,44.3,422.0
67,2025-03-10 09:11:10,S06,Study-Hall,21.43,37.4,404.0
68,2025-03-10 09:10:50,S06,Study-Hall,21.53,36.9,407.0
68,2025-03-10 09:11:20,S01,Lecture-101,22.17,39.9,739.0
68,2025-03-10 09:11:20,S02,Lab-201,22.25,42.1,701.0
68,2025-03-10 09:11:20,S03,Lab-305,22.57,42.8,450.0
68,2025-03-10 09:11:20,S04,Library-1F,21.44,38.0,644.0
68,2025-03-10 09:11:20,S05,Canteen,22.91,44.3,418.0
68,2025-03-10 09:11:20,S06,Study-Hall,21.42,37.2,403.0
69,2025-03-10 09:11:30,S01,Lecture-101,22.11,39.7,746.0
69,2025-03-10 09:11:30,S02,Lab-201,22.48,41.1,697.0
69,2025-03-10 09:11:30,S03,Lab-305,22.51,42.4,449.0
69,2025-03-10 09:11:30,S04,Library-1F,21.51,38.1,641.0
69,2025-03-10 09:11:30,S05,Canteen,23.06,45.4,422.0
69,2025-03-10 09:11:30,S06,Study-Hall,21.44,37.3,425.0
70,2025-03-10 09:11:40,S01,Lecture-101,22.06,39.6,744.0
70,2025-03-10 09:11:40,S02,Lab-201,22.32,42.0,702.0
70,2025-03-10 09:11:40,S03,Lab-305,22.47,42.4,443.0
70,2025-03-10 09:11:40,S04,Library-1F,21.6,38.2,655.0
70,2025-03-10 09:11:40,S05,Canteen,22.93,44.6,422.0
70,2025-03-10 09:11:40,S06,Study-Hall,,36.5,408.0
71,2025-03-10 09:11:50,S01,Lecture-101,22.17,39.7,752.0
71,2025-03-10 09:11:50,S02,Lab-201,22.36,41.6,710.0
71,2025-03-10 09:11:50,S03,Lab-305,22.56,42.1,455.0
71,2025-03-10 09:11:50,S04,Library-1F,21.5,38.5,660.0
71,2025-03-10 09:11:50,S05,Canteen,23.02,44.5,413.0
71,2025-03-10 09:11:50,S06,Study-Hall,21.49,36.9,410.0
72,2025-03-10 09:12:00,S01,Lecture-101,22.11,41.4,761.0
72,2025-03-10 09:12:00,S02,Lab-201,22.23,41.0,706.0
72,2025-03-10 09:12:00,S03,Lab-305,22.45,41.9,465.0
72,2025-03-10 09:12:00,S04,Library-1F,21.43,37.6,655.0
72,2025-03-10 09:12:00,S05,Canteen,23.03,45.5,417.0
72,2025-03-10 09:12:00,S06,Study-Hall,21.39,36.1,403.0
73,2025-03-10 09:12:10,S01,Lecture-101,22.18,40.6,752.0
73,2025-03-10 09:12:10,S02,Lab-201,22.26,42.1,720.0
73,2025-03-10 09:12:10,S03,Lab-305,22.61,42.5,466.0
73,2025-03-10 09:12:10,S04,Library-1F,21.42,37.5,651.0
73,2025-03-10 09:12:10,S05,Canteen,23.1,45.2,422.0
73,2025-03-10 09:12:10,S06,Study-Hall,21.6,37.0,419.0
74,2025-03-10 09:12:20,S01,Lecture-101,22.1,40.4,755.0
74,2025-03-10 09:12:20,S02,Lab-201,22.43,41.3,708.0
74,2025-03-10 09:12:20,S03,Lab-305,22.62,42.4,475.0
74,2025-03-10 09:12:20,S04,Library-1F,21.56,38.0,655.0
74,2025-03-10 09:12:20,S05,Canteen,22.93,45.1,417.0
74,2025-03-10 09:12:20,S06,Study-Hall,21.45,36.5,412.0
75,2025-03-10 09:12:30,S01,Lecture-101,22.18,40.1,778.0
75,2025-03-10 09:12:30,S02,Lab-201,22.51,41.9,709.0
75,2025-03-10 09:12:30,S03,Lab-305,22.53,42.1,470.0
75,2025-03-10 09:12:30,S04,Library-1F,21.48,38.2,673.0
75,2025-03-10 09:12:30,S05,Canteen,22.88,44.6,422.0
75,2025-03-10 09:12:30,S06,Study-Hall,21.53,36.8,414.0
76,2025-03-10 09:12:40,S01,Lecture-101,22.15,40.5,784.0
76,2025-03-10 09:12:40,S02,Lab-201,22.38,40.7,710.0
76,2025-03-10 09:12:40,S03,Lab-305,22.57,42.2,462.0
76,2025-03-10 09:12:40,S04,Library-1F,21.48,37.5,658.0
76,2025-03-10 09:12:40,S05,Canteen,22.86,45.2,429.0
76,2025-03-10 09:12:40,S06,Study-Hall,21.47,37.3,399.0
77,2025-03-10 09:12:50,S01,Lecture-101,22.21,40.2,778.0
77,2025-03-10 09:12:50,S02,Lab-201,22.31,41.7,719.0
77,2025-03-10 09:12:50,S03,Lab-305,22.56,42.5,469.0
77,2025-03-10 09:12:50,S04,Library-1F,21.54,39.6,664.0
77,2025-03-10 09:12:50,S05,Canteen,22.86,44.8,432.0
77,2025-03-10 09:12:50,S06,Study-Hall,21.58,37.2,408.0
78,2025-03-10 09:13:00,S01,Lecture-101,22.09,40.5,788.0
78,2025-03-10 09:13:00,S03,Lab-305,22.62,42.6,478.0
78,2025-03-10 09:13:00,S04,Library-1F,21.47,38.7,659.0
78,2025-03-10 09:13:00,S05,Canteen,23.04,45.8,429.0
78,2025-03-10 09:13:00,S06,Study-Hall,21.52,255.0,415.0
79,2025-03-10 09:13:10,S01,Lecture-101,22.15,41.2,796.0
79,2025-03-10 09:13:10,S02,Lab-201,22.35,42.0,726.0
79,2025-03-10 09:13:10,S03,Lab-305,22.65,42.4,482.0
79,2025-03-10 09:13:10,S04,Library-1F,21.57,38.2,665.0
79,2025-03-10 09:13:10,S05,Canteen,22.85,44.7,427.0
79,2025-03-10 09:13:10,S06,Study-Hall,21.46,37.3,413.0
80,2025-03-10 09:13:20,S01,Lecture-101,22.1,40.8,807.0
80,2025-03-10 09:13:20,S02,Lab-201,22.51,40.6,723.0
80,2025-03-10 09:13:20,S03,Lab-305,22.67,42.3,472.0
80,2025-03-10 09:13:20,S04,Library-1F,21.69,38.2,661.0
80,2025-03-10 09:13:20,S05,Canteen,23.17,45.1,407.0
80,2025-03-10 09:13:20,S06,Study-Hall,21.5,37.2,414.0
81,2025-03-10 09:13:30,S01,Lecture-101,22.12,40.5,807.0
81,2025-03-10 09:13:30,S02,Lab-201,22.49,41.9,717.0
81,2025-03-10 09:13:30,S03,Lab-305,22.63,42.3,482.0
81,2025-03-10 09:13:30,S04,Library-1F,21.47,38.3,655.0
81,2025-03-10 09:13:30,S05,Canteen,23.03,45.1,422.0
81,2025-03-10 09:13:30,S06,Study-Hall,21.56,36.4,414.0
82,2025-03-10 09:13:00,S02,Lab-201,22.31,41.4,717.0
82,2025-03-10 09:13:40,S01,Lecture-101,22.17,40.2,817.0
82,2025-03-10 09:13:40,S02,Lab-201,22.46,41.0,732.0
82,2025-03-10 09:13:40,S03,Lab-305,22.65,42.3,482.0
82,2025-03-10 09:13:40,S04,Library-1F,21.67,38.1,666.0
82,2025-03-10 09:13:40,S05,Canteen,22.99,44.7,431.0
82,2025-03-10 09:13:40,S06,Study-Hall,21.44,36.6,420.0
83,2025-03-10 09:13:50,S01,Lecture-101,22.26,40.9,819.0
83,2025-03-10 09:13:50,S02,Lab-201,22.24,41.6,718.0
83,2025-03-10 09:13:50,S03,Lab-305,22.59,42.4,483.0
83,2025-03-10 09:13:50,S04,Library-1F,21.58,38.4,665.0
83,2025-03-10 09:13:50,S05,Canteen,23.19,44.7,424.0
83,2025-03-10 09:13:50,S06,Study-Hall,21.46,37.3,418.0
84,2025-03-10 09:13:50,S02,Lab-201,22.24,41.6,718.0
84,2025-03-10 09:14:00,S01,Lecture-101,22.36,40.3,814.0
84,2025-03-10 09:14:00,S02,Lab-201,22.3,41.5,713.0
84,2025-03-10 09:14:00,S03,Lab-305,22.6,43.2,499.0
84,2025-03-10 09:14:00,S04,Library-1F,21.51,38.3,673.0
84,2025-03-10 09:14:00,S05,Canteen,22.92,45.1,423.0
84,2025-03-10 09:14:00,S06,Study-Hall,25.69,37.4,416.0
85,2025-03-10 09:14:10,S01,Lecture-101,22.08,40.4,820.0
85,2025-03-10 09:14:10,S02,Lab-201,22.49,41.4,722.0
85,2025-03-10 09:14:10,S03,Lab-305,22.56,42.8,494.0
85,2025-03-10 09:14:10,S04,Library-1F,21.62,38.5,668.0
85,2025-03-10 09:14:10,S05,Canteen,23.03,44.6,410.0
85,2025-03-10 09:14:10,S06,Study-Hall,21.48,37.2,420.0
86,2025-03-10 09:14:20,S01,Lecture-101,22.26,40.7,828.0
86,2025-03-10 09:14:20,S02,Lab-201,22.42,41.7,731.0
86,2025-03-10 09:14:20,S03,Lab-305,22.67,43.4,498.0
86,2025-03-10 09:14:20,S04,Library-1F,21.62,37.9,674.0
86,2025-03-10 09:14:20,S05,Canteen,22.94,44.6,416.0
86,2025-03-10 09:14:20,S06,Study-Hall,21.42,36.8,408.0
87,2025-03-10 09:14:30,S01,Lecture-101,22.24,40.6,828.0
87,2025-03-10 09:14:30,S02,Lab-201,22.41,41.3,730.0
87,2025-03-10 09:14:30,S03,Lab-305,22.87,43.0,509.0
87,2025-03-10 09:14:30,S04,Library-1F,21.62,38.4,676.0
87,2025-03-10 09:14:30,S05,Canteen,23.01,44.8,425.0
87,2025-03-10 09:14:30,S06,Study-Hall,21.59,37.1,413.0
88,2025-03-10 09:14:40,S01,Lecture-101,22.26,41.2,830.0
88,2025-03-10 09:14:40,S02,Lab-201,22.35,41.9,732.0
88,2025-03-10 09:14:40,S03,Lab-305,22.64,42.7,506.0
88,2025-03-10 09:14:40,S04,Library-1F,21.56,37.9,678.0
88,2025-03-10 09:14:40,S05,Canteen,23.0,44.7,433.0
88,2025-03-10 09:14:40,S06,Study-Hall,21.48,37.1,416.0
89,2025-03-10 09:14:50,S01,Lecture-101,22.15,41.6,835.0
89,2025-03-10 09:14:50,S02,Lab-201,22.45,42.4,742.0
89,2025-03-10 09:14:50,S03,Lab-305,22.47,42.5,512.0
89,2025-03-10 09:14:50,S04,Library-1F,21.56,38.9,672.0
89,2025-03-10 09:14:50,S05,Canteen,23.05,44.3,412.0
89,2025-03-10 09:14:50,S06,Study-Hall,21.46,36.8,413.0
90,2025-03-10 09:15:00,S01,Lecture-101,22.22,40.7,845.0
90,2025-03-10 09:15:00,S02,Lab-201,22.57,41.7,736.0
90,2025-03-10 09:15:00,S03,Lab-305,22.63,42.5,511.0
90,2025-03-10 09:15:00,S04,Library-1F,21.46,38.1,665.0
90,2025-03-10 09:15:00,S05,Canteen,22.91,45.0,433.0
90,2025-03-10 09:15:00,S06,Study-Hall,21.66,36.3,411.0
91,2025-03-10 09:15:10,S01,Lecture-101,22.32,41.3,850.0
91,2025-03-10 09:15:10,S02,Lab-201,22.33,41.8,725.0
91,2025-03-10 09:15:10,S03,Lab-305,22.6,42.5,518.0
91,2025-03-10 09:15:10,S04,Library-1F,21.58,38.9,683.0
91,2025-03-10 09:15:10,S05,Canteen,23.1,45.1,426.0
91,2025-03-10 09:15:10,S06,Study-Hall,21.56,,411.0
92,2025-03-10 09:15:20,S01,Lecture-101,22.29,40.3,853.0
92,2025-03-10 09:15:20,S02,Lab-201,22.31,42.2,740.0
92,2025-03-10 09:15:20,S03,Lab-305,22.73,42.5,518.0
92,2025-03-10 09:15:20,S04,Library-1F,21.57,38.1,679.0
92,2025-03-10 09:15:20,S05,Canteen,22.93,45.0,419.0
92,2025-03-10 09:15:20,S06,Study-Hall,21.45,37.3,415.0
93,2025-03-10 09:15:30,S01,Lecture-101,22.32,41.0,848.0
93,2025-03-10 09:15:30,S02,Lab-201,22.52,41.5,738.0
93,2025-03-10 09:15:30,S03,Lab-305,22.72,42.5,531.0
93,2025-03-10 09:15:30,S04,Library-1F,21.57,38.8,682.0
93,2025-03-10 09:15:30,S05,Canteen,22.87,44.3,432.0
93,2025-03-10 09:15:30,S06,Study-Hall,21.53,36.8,410.0
94,2025-03-10 09:15:40,S01,Lecture-101,22.21,40.9,845.0
94,2025-03-10 09:15:40,S02,Lab-201,22.53,41.7,743.0
94,2025-03-10 09:15:40,S03,Lab-305,22.63,42.9,519.0
94,2025-03-10 09:15:40,S04,Library-1F,21.68,38.6,683.0
94,2025-03-10 09:15:40,S05,Canteen,23.01,45.0,422.0
94,2025-03-10 09:15:40,S06,Study-Hall,21.57,36.7,420.0
95,2025-03-10 09:15:50,S01,Lecture-101,22.34,41.2,870.0
95,2025-03-10 09:15:50,S02,Lab-201,22.54,41.4,734.0
95,2025-03-10 09:15:50,S03,Lab-305,22.75,42.6,539.0
95,2025-03-10 09:15:50,S04,Library-1F,21.59,38.5,680.0
95,2025-03-10 09:15:50,S05,Canteen,23.0,45.3,438.0
95,2025-03-10 09:15:50,S06,Study-Hall,21.39,36.9,413.0
96,2025-03-10 09:16:00,S01,Lecture-101,22.24,41.2,869.0
96,2025-03-10 09:16:00,S02,Lab-201,22.47,41.7,721.0
96,2025-03-10 09:16:00,S03,Lab-305,22.71,42.2,545.0
96,2025-03-10 09:16:00,S04,Library-1F,21.64,38.2,672.0
96,2025-03-10 09:16:00,S05,Canteen,22.85,44.6,433.0
96,2025-03-10 09:16:00,S06,Study-Hall,21.48,37.8,425.0
97,2025-03-10 09:16:10,S01,Lecture-101,22.23,41.3,881.0
97,2025-03-10 09:16:10,S02,Lab-201,22.46,42.0,748.0
97,2025-03-10 09:16:10,S03,Lab-305,22.67,42.4,531.0
97,2025-03-10 09:16:10,S04,Library-1F,21.64,38.8,680.0
97,2025-03-10 09:16:10,S05,Canteen,23.05,45.4,416.0
97,2025-03-10 09:16:10,S06,Study-Hall,21.53,36.9,421.0
98,2025-03-10 09:16:20,S01,Lecture-101,22.35,40.9,878.0
98,2025-03-10 09:16:20,S02,Lab-201,22.7,42.2,743.0
98,2025-03-10 09:16:20,S03,Lab-305,22.62,43.0,536.0
98,2025-03-10 09:16:20,S04,Library-1F,21.53,38.5,675.0
98,2025-03-10 09:16:20,S05,Canteen,23.05,44.7,416.0
98,2025-03-10 09:16:20,S06,Study-Hall,21.42,37.4,418.0
99,2025-03-10 09:16:30,S01,Lecture-101,22.26,41.4,898.0
99,2025-03-10 09:16:30,S02,Lab-201,22.38,41.5,748.0
99,2025-03-10 09:16:30,S03,Lab-305,22.78,42.4,542.0
99,2025-03-10 09:16:30,S04,Library-1F,21.46,38.6,691.0
99,2025-03-10 09:16:30,S05,Canteen,22.93,45.2,433.0
99,2025-03-10 09:16:30,S06,Study-Hall,21.56,37.4,417.0
100,2025-03-10 09:16:40,S01,Lecture-101,22.28,40.8,896.0
100,2025-03-10 09:16:40,S02,Lab-201,22.44,42.2,730.0
100,2025-03-10 09:16:40,S03,Lab-305,22.7,42.9,566.0
100,2025-03-10 09:16:40,S04,Library-1F,21.61,38.3,688.0
100,2025-03-10 09:16:40,S05,Canteen,23.08,45.5,425.0
100,2025-03-10 09:16:40,S06,Study-Hall,21.43,36.9,424.0
101,2025-03-10 09:16:50,S01,Lecture-101,22.38,41.8,881.0
101,2025-03-10 09:16:50,S02,Lab-201,22.54,41.2,743.0
101,2025-03-10 09:16:50,S03,Lab-305,22.84,42.2,563.0
101,2025-03-10 09:16:50,S04,Library-1F,21.61,38.8,684.0
101,2025-03-10 09:16:50,S05,Canteen,22.91,45.4,423.0
101,2025-03-10 09:16:50,S06,Study-Hall,21.39,37.3,415.0
102,2025-03-10 09:17:00,S01,Lecture-101,22.33,41.0,906.0
102,2025-03-10 09:17:00,S02,Lab-201,22.52,42.1,744.0
102,2025-03-10 09:17:00,S03,Lab-305,22.76,43.2,563.0
102,2025-03-10 09:17:00,S04,Library-1F,21.67,38.9,682.0
102,2025-03-10 09:17:00,S05,Canteen,23.15,44.7,424.0
102,2025-03-10 09:17:00,S06,Study-Hall,21.53,36.8,420.0
103,2025-03-10 09:17:10,S01,Lecture-101,22.36,41.0,895.0
103,2025-03-10 09:17:10,S02,Lab-201,22.4,41.7,741.0
103,2025-03-10 09:17:10,S03,Lab-305,22.67,43.2,568.0
103,2025-03-10 09:17:10,S04,Library-1F,21.67,38.6,688.0
103,2025-03-10 09:17:10,S05,Canteen,23.01,45.1,431.0
103,2025-03-10 09:17:10,S06,Study-Hall,21.42,37.3,416.0
104,2025-03-10 09:17:20,S01,Lecture-101,22.31,40.9,912.0
104,2025-03-10 09:17:20,S02,Lab-201,22.35,41.8,747.0
104,2025-03-10 09:17:20,S03,Lab-305,22.77,42.7,567.0
104,2025-03-10 09:17:20,S04,Library-1F,21.63,38.4,691.0
104,2025-03-10 09:17:20,S05,Canteen,23.04,45.1,427.0
104,2025-03-10 09:17:20,S06,Study-Hall,21.53,37.0,410.0
105,2025-03-10 09:17:30,S01,Lecture-101,22.31,42.0,909.0
105,2025-03-10 09:17:30,S02,Lab-201,22.46,42.1,740.0
105,2025-03-10 09:17:30,S03,Lab-305,22.8,43.7,561.0
105,2025-03-10 09:17:30,S04,Library-1F,21.72,38.7,691.0
105,2025-03-10 09:17:30,S05,Canteen,22.88,44.7,415.0
105,2025-03-10 09:17:30,S06,Study-Hall,21.49,36.2,415.0
106,2025-03-10 09:17:40,S01,Lecture-101,22.45,41.4,910.0
106,2025-03-10 09:17:40,S02,Lab-201,22.43,41.8,748.0
106,2025-03-10 09:17:40,S03,Lab-305,22.72,42.6,573.0
106,2025-03-10 09:17:40,S04,Library-1F,21.6,38.5,700.0
106,2025-03-10 09:17:40,S05,Canteen,22.98,45.5,425.0
106,2025-03-10 09:17:40,S06,Study-Hall,21.44,37.3,398.0
107,2025-03-10 09:17:50,S01,Lecture-101,22.46,41.7,912.0
107,2025-03-10 09:17:50,S02,Lab-201,22.41,42.4,741.0
107,2025-03-10 09:17:50,S03,Lab-305,22.79,43.2,568.0
107,2025-03-10 09:17:50,S04,Library-1F,21.7,37.9,683.0
107,2025-03-10 09:17:50,S05,Canteen,22.93,45.1,418.0
107,2025-03-10 09:17:50,S06,Study-Hall,21.65,36.9,417.0
108,2025-03-10 09:18:00,S01,Lecture-101,22.38,42.0,930.0
108,2025-03-10 09:18:00,S02,Lab-201,,41.4,746.0
108,2025-03-10 09:18:00,S03,Lab-305,22.75,42.8,591.0
108,2025-03-10 09:18:00,S04,Library-1F,21.66,38.5,683.0
108,2025-03-10 09:18:00,S05,Canteen,22.96,44.6,435.0
108,2025-03-10 09:18:00,S06,Study-Hall,21.48,37.2,419.0
109,2025-03-10 09:18:10,S01,Lecture-101,22.46,42.6,917.0
109,2025-03-10 09:18:10,S02,Lab-201,22.3,42.3,745.0
109,2025-03-10 09:18:10,S03,Lab-305,22.87,43.3,594.0
109,2025-03-10 09:18:10,S04,Library-1F,21.52,38.3,691.0
109,2025-03-10 09:18:10,S05,Canteen,22.92,45.2,421.0
109,2025-03-10 09:18:10,S06,Study-Hall,21.7,37.1,417.0
110,2025-03-10 09:18:20,S01,Lecture-101,22.48,41.4,924.0
110,2025-03-10 09:18:20,S02,Lab-201,22.44,42.3,762.0
110,2025-03-10 09:18:20,S03,Lab-305,22.89,43.2,
110,2025-03-10 09:18:20,S04,Library-1F,21.77,38.6,694.0
110,2025-03-10 09:18:20,S05,Canteen,22.99,45.2,427.0
110,2025-03-10 09:18:20,S06,Study-Hall,21.72,36.5,412.0
111,2025-03-10 09:18:30,S01,Lecture-101,22.34,41.5,928.0
111,2025-03-10 09:18:30,S02,Lab-201,22.31,41.3,757.0
111,2025-03-10 09:18:30,S03,Lab-305,23.02,42.1,601.0
111,2025-03-10 09:18:30,S04,Library-1F,21.7,38.1,700.0
111,2025-03-10 09:18:30,S05,Canteen,22.94,45.0,428.0
111,2025-03-10 09:18:30,S06,Study-Hall,21.5,36.8,418.0
112,2025-03-10 09:18:40,S01,Lecture-101,22.46,40.6,934.0
112,2025-03-10 09:18:40,S02,Lab-201,22.48,41.8,749.0
112,2025-03-10 09:18:40,S03,Lab-305,22.76,43.4,604.0
112,2025-03-10 09:18:40,S04,Library-1F,,39.0,698.0
112,2025-03-10 09:18:40,S05,Canteen,22.99,44.3,426.0
112,2025-03-10 09:18:40,S06,Study-Hall,21.32,37.1,433.0
113,2025-03-10 09:18:50,S01,Lecture-101,22.34,42.0,947.0
113,2025-03-10 09:18:50,S02,Lab-201,22.42,42.3,756.0
113,2025-03-10 09:18:50,S03,Lab-305,22.73,42.6,603.0
113,2025-03-10 09:18:50,S04,Library-1F,21.68,39.4,697.0
113,2025-03-10 09:18:50,S05,Canteen,23.06,45.1,425.0
113,2025-03-10 09:18:50,S06,Study-Hall,21.32,37.1,415.0
114,2025-03-10 09:19:00,S01,Lecture-101,22.43,41.2,934.0
114,2025-03-10 09:19:00,S02,Lab-201,22.46,41.8,754.0
114,2025-03-10 09:19:00,S03,Lab-305,22.88,42.7,610.0
114,2025-03-10 09:19:00,S04,Library-1F,21.55,38.5,690.0
114,2025-03-10 09:19:00,S05,Canteen,23.06,45.2,430.0
114,2025-03-10 09:19:00,S06,Study-Hall,21.5,36.6,410.0
115,2025-03-10 09:19:10,S01,Lecture-101,22.49,41.5,936.0
115,2025-03-10 09:19:10,S02,Lab-201,22.4,41.5,757.0
115,2025-03-10 09:19:10,S03,Lab-305,22.8,42.8,617.0
115,2025-03-10 09:19:10,S04,Library-1F,21.81,39.3,682.0
115,2025-03-10 09:19:10,S05,Canteen,22.94,45.0,407.0
115,2025-03-10 09:19:10,S06,Study-Hall,21.38,37.1,425.0
116,2025-03-10 09:19:20,S01,Lecture-101,22.39,41.7,947.0
116,2025-03-10 09:19:20,S02,Lab-201,22.4,42.0,760.0
116,2025-03-10 09:19:20,S03,Lab-305,22.73,43.5,625.0
116,2025-03-10 09:19:20,S04,Library-1F,21.59,39.3,693.0
116,2025-03-10 09:19:20,S05,Canteen,22.95,44.9,424.0
116,2025-03-10 09:19:20,S06,Study-Hall,21.39,36.6,65535.0
117,2025-03-10 09:19:30,S01,Lecture-101,22.36,41.6,957.0
117,2025-03-10 09:19:30,S02,Lab-201,22.54,41.5,762.0
117,2025-03-10 09:19:30,S03,Lab-305,22.78,42.6,623.0
117,2025-03-10 09:19:30,S04,Library-1F,21.89,38.7,696.0
117,2025-03-10 09:19:30,S05,Canteen,23.05,44.5,429.0
117,2025-03-10 09:19:30,S06,Study-Hall,21.62,37.0,420.0
118,2025-03-10 09:19:40,S01,Lecture-101,22.56,41.5,947.0
118,2025-03-10 09:19:40,S02,Lab-201,22.44,42.5,751.0
118,2025-03-10 09:19:40,S03,Lab-305,22.94,43.1,623.0
118,2025-03-10 09:19:40,S04,Library-1F,21.67,39.8,695.0
118,2025-03-10 09:19:40,S05,Canteen,22.86,44.4,416.0
118,2025-03-10 09:19:40,S06,Study-Hall,21.55,36.7,416.0
119,2025-03-10 09:19:50,S01,Lecture-101,22.37,42.6,948.0
119,2025-03-10 09:19:50,S02,Lab-201,22.55,42.7,757.0
119,2025-03-10 09:19:50,S03,Lab-305,22.91,43.3,641.0
119,2025-03-10 09:19:50,S04,Library-1F,21.68,38.7,695.0
119,2025-03-10 09:19:50,S05,Canteen,22.88,44.8,432.0
119,2025-03-10 09:19:50,S06,Study-Hall,21.59,36.5,415.0
120,2025-03-10 09:20:00,S01,Lecture-101,22.51,41.7,953.0
120,2025-03-10 09:20:00,S03,Lab-305,22.8,43.1,637.0
120,2025-03-10 09:20:00,S04,Library-1F,21.58,38.9,696.0
120,2025-03-10 09:20:00,S05,Canteen,23.14,45.3,447.0
120,2025-03-10 09:20:00,S06,Study-Hall,21.46,37.6,426.0
121,2025-03-10 09:20:00,S06,Study-Hall,21.46,37.6,426.0
121,2025-03-10 09:20:10,S01,Lecture-101,22.47,41.7,962.0
121,2025-03-10 09:20:10,S02,Lab-201,22.52,42.1,771.0
121,2025-03-10 09:20:10,S03,Lab-305,22.72,43.1,616.0
121,2025-03-10 09:20:10,S04,Library-1F,21.71,38.6,700.0
121,2025-03-10 09:20:10,S05,Canteen,23.06,45.2,448.0
121,2025-03-10 09:20:10,S06,Study-Hall,21.72,37.3,424.0
122,2025-03-10 09:20:00,S02,Lab-201,22.44,41.4,751.0
122,2025-03-10 09:20:20,S01,Lecture-101,22.39,42.0,958.0
122,2025-03-10 09:20:20,S02,Lab-201,22.56,42.3,763.0
122,2025-03-10 09:20:20,S03,Lab-305,22.61,43.0,632.0
122,2025-03-10 09:20:20,S04,Library-1F,21.64,38.7,690.0
122,2025-03-10 09:20:20,S05,Canteen,23.22,44.2,468.0
122,2025-03-10 09:20:20,S06,Study-Hall,21.55,36.9,421.0
123,2025-03-10 09:20:30,S01,Lecture-101,22.5,42.4,957.0
123,2025-03-10 09:20:30,S02,Lab-201,22.44,42.0,759.0
123,2025-03-10 09:20:30,S03,Lab-305,22.83,43.1,635.0
123,2025-03-10 09:20:30,S04,Library-1F,21.72,39.3,698.0
123,2025-03-10 09:20:30,S05,Canteen,23.09,45.7,491.0
123,2025-03-10 09:20:30,S06,Study-Hall,21.3,36.6,422.0
124,2025-03-10 09:20:40,S01,Lecture-101,22.41,41.9,961.0
124,2025-03-10 09:20:40,S02,Lab-201,22.45,41.8,753.0
124,2025-03-10 09:20:40,S03,Lab-305,22.77,43.2,644.0
124,2025-03-10 09:20:40,S04,Library-1F,21.66,38.5,702.0
124,2025-03-10 09:20:40,S05,Canteen,23.18,46.0,499.0
124,2025-03-10 09:20:40,S06,Study-Hall,21.49,36.7,417.0
125,2025-03-10 09:20:50,S01,Lecture-101,22.37,41.3,983.0
125,2025-03-10 09:20:50,S02,Lab-201,22.52,41.4,752.0
125,2025-03-10 09:20:50,S03,Lab-305,22.95,43.1,648.0
125,2025-03-10 09:20:50,S04,Library-1F,21.63,39.2,696.0
125,2025-03-10 09:20:50,S05,Canteen,23.15,45.9,523.0
125,2025-03-10 09:20:50,S06,Study-Hall,21.46,37.1,405.0
126,2025-03-10 09:21:00,S01,Lecture-101,22.28,42.4,972.0
126,2025-03-10 09:21:00,S02,Lab-201,22.52,42.3,769.0
126,2025-03-10 09:21:00,S03,Lab-305,22.92,43.4,649.0
126,2025-03-10 09:21:00,S04,Library-1F,21.6,39.1,701.0
126,2025-03-10 09:21:00,S05,Canteen,23.17,45.6,537.0
126,2025-03-10 09:21:00,S06,Study-Hall,21.54,37.8,415.0
127,2025-03-10 09:21:10,S01,Lecture-101,22.59,42.5,974.0
127,2025-03-10 09:21:10,S02,Lab-201,22.36,41.8,762.0
127,2025-03-10 09:21:10,S03,Lab-305,22.78,43.4,644.0
127,2025-03-10 09:21:10,S04,Library-1F,21.63,39.3,698.0
127,2025-03-10 09:21:10,S05,Canteen,23.25,45.8,536.0
127,2025-03-10 09:21:10,S06,Study-Hall,21.58,37.1,425.0
128,2025-03-10 09:21:20,S02,Lab-201,22.54,42.0,755.0
128,2025-03-10 09:21:20,S03,Lab-305,22.96,43.2,65535.0
128,2025-03-10 09:21:20,S04,Library-1F,21.66,38.3,713.0
128,2025-03-10 09:21:20,S05,Canteen,23.14,46.3,551.0
128,2025-03-10 09:21:20,S06,Study-Hall,21.46,37.0,418.0
129,2025-03-10 09:21:30,S01,Lecture-101,22.47,41.6,979.0
129,2025-03-10 09:21:30,S02,Lab-201,22.41,42.1,750.0
129,2025-03-10 09:21:30,S03,Lab-305,22.74,43.5,656.0
129,2025-03-10 09:21:30,S04,Library-1F,21.84,38.2,700.0
129,2025-03-10 09:21:30,S05,Canteen,23.26,46.4,561.0
129,2025-03-10 09:21:30,S06,Study-Hall,21.57,37.0,416.0
130,2025-03-10 09:21:40,S01,Lecture-101,22.41,41.2,978.0
130,2025-03-10 09:21:40,S02,Lab-201,22.54,42.8,771.0
130,2025-03-10 09:21:40,S03,Lab-305,22.76,43.2,652.0
130,2025-03-10 09:21:40,S04,Library-1F,21.57,39.8,714.0
130,2025-03-10 09:21:40,S05,Canteen,23.35,46.3,582.0
130,2025-03-10 09:21:40,S06,Study-Hall,21.53,36.6,418.0
131,2025-03-10 09:21:20,S01,Lecture-101,22.55,41.6,
131,2025-03-10 09:21:50,S01,Lecture-101,22.54,42.5,982.0
131,2025-03-10 09:21:50,S02,Lab-201,22.46,41.8,763.0
131,2025-03-10 09:21:50,S03,Lab-305,22.78,43.1,670.0
131,2025-03-10 09:21:50,S04,Library-1F,21.77,,712.0
131,2025-03-10 09:21:50,S05,Canteen,23.46,46.2,578.0
131,2025-03-10 09:21:50,S06,Study-Hall,21.51,37.5,399.0
132,2025-03-10 09:22:00,S01,Lecture-101,22.57,42.3,997.0
132,2025-03-10 09:22:00,S02,Lab-201,22.6,42.1,765.0
132,2025-03-10 09:22:00,S03,Lab-305,22.64,43.2,676.0
132,2025-03-10 09:22:00,S04,Library-1F,21.72,38.8,699.0
132,2025-03-10 09:22:00,S05,Canteen,23.35,45.9,589.0
132,2025-03-10 09:22:00,S06,Study-Hall,21.53,37.5,403.0
133,2025-03-10 09:22:10,S01,Lecture-101,22.57,42.0,989.0
133,2025-03-10 09:22:10,S02,Lab-201,22.58,42.2,752.0
133,2025-03-10 09:22:10,S03,Lab-305,22.83,42.6,680.0
133,2025-03-10 09:22:10,S04,Library-1F,21.67,39.0,703.0
133,2025-03-10 09:22:10,S05,Canteen,23.41,45.8,613.0
133,2025-03-10 09:22:10,S06,Study-Hall,21.58,37.2,409.0
134,2025-03-10 09:22:20,S01,Lecture-101,22.51,42.2,985.0
134,2025-03-10 09:22:20,S02,Lab-201,22.54,42.2,754.0
134,2025-03-10 09:22:20,S03,Lab-305,22.93,43.5,682.0
134,2025-03-10 09:22:20,S04,Library-1F,21.69,39.2,701.0
134,2025-03-10 09:22:20,S05,Canteen,23.32,46.1,627.0
134,2025-03-10 09:22:20,S06,Study-Hall,21.54,37.0,410.0
135,2025-03-10 09:22:30,S01,Lecture-101,22.41,42.2,991.0
135,2025-03-10 09:22:30,S02,Lab-201,22.54,42.1,765.0
135,2025-03-10 09:22:30,S03,Lab-305,22.9,43.2,691.0
135,2025-03-10 09:22:30,S04,Library-1F,21.82,38.8,711.0
135,2025-03-10 09:22:30,S06,Study-Hall,21.63,36.7,421.0
136,2025-03-10 09:22:40,S01,Lecture-101,22.54,42.0,1000.0
136,2025-03-10 09:22:40,S02,Lab-201,22.4,41.9,775.0
136,2025-03-10 09:22:40,S03,Lab-305,22.83,42.7,693.0
136,2025-03-10 09:22:40,S04,Library-1F,21.66,39.1,699.0
136,2025-03-10 09:22:40,S05,Canteen,23.46,46.3,631.0
136,2025-03-10 09:22:40,S06,Study-Hall,21.48,36.7,422.0
137,2025-03-10 09:22:50,S01,Lecture-101,22.43,42.1,983.0
137,2025-03-10 09:22:50,S02,Lab-201,22.45,41.7,770.0
137,2025-03-10 09:22:50,S03,Lab-305,22.96,42.9,692.0
137,2025-03-10 09:22:50,S04,Library-1F,21.53,39.5,703.0
137,2025-03-10 09:22:50,S05,Canteen,23.49,46.2,645.0
137,2025-03-10 09:22:50,S06,Study-Hall,21.6,37.0,412.0
138,2025-03-10 09:23:00,S01,Lecture-101,22.4,41.9,1000.0
138,2025-03-10 09:23:00,S02,Lab-201,22.42,42.2,761.0
138,2025-03-10 09:23:00,S03,Lab-305,22.73,43.3,694.0
138,2025-03-10 09:23:00,S04,Library-1F,21.62,39.0,707.0
138,2025-03-10 09:23:00,S05,Canteen,23.45,45.6,651.0
138,2025-03-10 09:23:00,S06,Study-Hall,21.48,36.7,408.0
139,2025-03-10 09:22:30,S05,Canteen,23.46,46.8,624.0
139,2025-03-10 09:23:10,S01,Lecture-101,22.4,42.4,1002.0
139,2025-03-10 09:23:10,S02,Lab-201,22.41,41.3,772.0
139,2025-03-10 09:23:10,S03,Lab-305,22.74,43.3,709.0
139,2025-03-10 09:23:10,S04,Library-1F,21.74,38.3,703.0
139,2025-03-10 09:23:10,S05,Canteen,23.5,47.2,653.0
139,2025-03-10 09:23:10,S06,Study-Hall,21.56,37.1,412.0
140,2025-03-10 09:23:10,S03,Lab-305,22.74,43.3,709.0
140,2025-03-10 09:23:20,S01,Lecture-101,22.32,42.0,1012.0
140,2025-03-10 09:23:20,S02,Lab-201,22.57,42.1,765.0
140,2025-03-10 09:23:20,S03,Lab-305,22.81,43.4,704.0
140,2025-03-10 09:23:20,S04,Library-1F,21.7,38.7,693.0
140,2025-03-10 09:23:20,S05,Canteen,23.55,47.3,666.0
140,2025-03-10 09:23:20,S06,Study-Hall,21.53,37.2,407.0
141,2025-03-10 09:23:30,S01,Lecture-101,22.47,41.7,1017.0
141,2025-03-10 09:23:30,S02,Lab-201,22.41,42.0,764.0
141,2025-03-10 09:23:30,S03,Lab-305,22.87,43.5,716.0
141,2025-03-10 09:23:30,S04,Library-1F,21.64,39.1,709.0
141,2025-03-10 09:23:30,S05,Canteen,23.58,47.5,677.0
141,2025-03-10 09:23:30,S06,Study-Hall,21.49,37.0,418.0
142,2025-03-10 09:23:40,S01,Lecture-101,22.48,42.6,1005.0
142,2025-03-10 09:23:40,S02,Lab-201,22.49,41.6,766.0
142,2025-03-10 09:23:40,S03,Lab-305,22.84,43.1,721.0
142,2025-03-10 09:23:40,S04,Library-1F,21.78,38.8,697.0
142,2025-03-10 09:23:40,S05,Canteen,23.56,47.0,684.0
142,2025-03-10 09:23:40,S06,Study-Hall,21.58,36.3,408.0
143,2025-03-10 09:23:50,S01,Lecture-101,22.54,42.2,1017.0
143,2025-03-10 09:23:50,S02,Lab-201,22.48,41.4,750.0
143,2025-03-10 09:23:50,S03,Lab-305,22.81,43.4,719.0
143,2025-03-10 09:23:50,S04,Library-1F,21.67,38.7,714.0
143,2025-03-10 09:23:50,S05,Canteen,23.49,47.0,686.0
143,2025-03-10 09:23:50,S06,Study-Hall,21.44,36.4,409.0
144,2025-03-10 09:24:00,S01,Lecture-101,22.59,42.7,1018.0
144,2025-03-10 09:24:00,S02,Lab-201,22.3,42.0,769.0
144,2025-03-10 09:24:00,S03,Lab-305,22.92,44.0,716.0
144,2025-03-10 09:24:00,S04,Library-1F,21.58,39.1,710.0
144,2025-03-10 09:24:00,S05,Canteen,23.53,47.1,697.0
144,2025-03-10 09:24:00,S06,Study-Hall,21.5,37.2,403.0
145,2025-03-10 09:24:10,S01,Lecture-101,22.58,41.8,1008.0
145,2025-03-10 09:24:10,S02,Lab-201,22.52,42.1,771.0
145,2025-03-10 09:24:10,S03,Lab-305,22.88,44.0,722.0
145,2025-03-10 09:24:10,S04,Library-1F,21.67,39.4,705.0
145,2025-03-10 09:24:10,S05,Canteen,23.62,47.2,703.0
145,2025-03-10 09:24:10,S06,Study-Hall,21.46,36.4,406.0
146,2025-03-10 09:24:20,S01,Lecture-101,22.46,43.0,1013.0
146,2025-03-10 09:24:20,S02,Lab-201,22.39,42.3,771.0
146,2025-03-10 09:24:20,S03,Lab-305,22.63,65.8,718.0
146,2025-03-10 09:24:20,S04,Library-1F,21.78,38.9,718.0
146,2025-03-10 09:24:20,S05,Canteen,,47.5,708.0
146,2025-03-10 09:24:20,S06,Study-Hall,21.55,37.2,399.0
147,2025-03-10 09:24:30,S01,Lecture-101,22.48,42.5,1019.0
147,2025-03-10 09:24:30,S02,Lab-201,22.4,42.2,769.0
147,2025-03-10 09:24:30,S03,Lab-305,22.8,43.4,732.0
147,2025-03-10 09:24:30,S04,Library-1F,21.69,39.6,700.0
147,2025-03-10 09:24:30,S05,Canteen,23.64,47.3,712.0
147,2025-03-10 09:24:30,S06,Study-Hall,21.46,37.3,418.0
148,2025-03-10 09:24:40,S01,Lecture-101,22.33,42.7,1018.0
148,2025-03-10 09:24:40,S02,Lab-201,22.54,43.1,770.0
148,2025-03-10 09:24:40,S03,Lab-305,22.79,42.6,741.0
148,2025-03-10 09:24:40,S04,Library-1F,21.65,39.2,710.0
148,2025-03-10 09:24:40,S05,Canteen,23.58,47.7,722.0
148,2025-03-10 09:24:40,S06,Study-Hall,21.47,36.3,411.0
149,2025-03-10 09:24:50,S01,Lecture-101,22.45,43.0,1018.0
149,2025-03-10 09:24:50,S02,Lab-201,22.48,42.5,780.0
149,2025-03-10 09:24:50,S03,Lab-305,22.87,43.4,727.0
149,2025-03-10 09:24:50,S04,Library-1F,21.7,38.8,722.0
149,2025-03-10 09:24:50,S05,Canteen,23.73,47.7,736.0
149,2025-03-10 09:24:50,S06,Study-Hall,21.49,36.3,414.0
150,2025-03-10 09:25:00,S01,Lecture-101,22.63,43.1,1022.0
150,2025-03-10 09:25:00,S02,Lab-201,22.57,42.6,773.0
150,2025-03-10 09:25:00,S03,Lab-305,22.72,43.4,729.0
150,2025-03-10 09:25:00,S04,Library-1F,21.65,39.2,686.0
150,2025-03-10 09:25:00,S05,Canteen,23.78,47.5,735.0
150,2025-03-10 09:25:00,S06,Study-Hall,21.6,37.2,412.0
151,2025-03-10 09:25:10,S01,Lecture-101,22.6,41.9,1032.0
151,2025-03-10 09:25:10,S02,Lab-201,22.44,41.8,783.0
151,2025-03-10 09:25:10,S03,Lab-305,22.82,43.9,765.0
151,2025-03-10 09:25:10,S04,Library-1F,21.69,39.8,710.0
151,2025-03-10 09:25:10,S05,Canteen,23.83,46.7,736.0
151,2025-03-10 09:25:10,S06,Study-Hall,21.54,36.6,401.0
152,2025-03-10 09:25:20,S01,Lecture-101,22.43,43.0,1042.0
152,2025-03-10 09:25:20,S02,Lab-201,22.55,42.5,768.0
152,2025-03-10 09:25:20,S03,Lab-305,22.93,42.9,744.0
152,2025-03-10 09:25:20,S04,Library-1F,21.63,39.5,705.0
152,2025-03-10 09:25:20,S05,Canteen,23.72,48.4,739.0
152,2025-03-10 09:25:20,S06,Study-Hall,21.47,36.7,403.0
153,2025-03-10 09:25:30,S01,Lecture-101,22.54,43.2,1037.0
153,2025-03-10 09:25:30,S02,Lab-201,22.41,42.5,778.0
153,2025-03-10 09:25:30,S03,Lab-305,22.87,42.9,741.0
153,2025-03-10 09:25:30,S04,Library-1F,21.67,38.6,705.0
153,2025-03-10 09:25:30,S05,Canteen,23.68,48.0,743.0
153,2025-03-10 09:25:30,S06,Study-Hall,21.64,37.4,404.0
154,2025-03-10 09:25:40,S01,Lecture-101,22.57,42.5,1036.0
154,2025-03-10 09:25:40,S02,Lab-201,22.42,42.4,784.0
154,2025-03-10 09:25:40,S03,Lab-305,22.96,43.5,744.0
154,2025-03-10 09:25:40,S04,Library-1F,21.64,39.2,708.0
154,2025-03-10 09:25:40,S05,Canteen,23.91,47.4,753.0
154,2025-03-10 09:25:40,S06,Study-Hall,21.48,36.6,406.0
155,2025-03-10 09:25:50,S01,Lecture-101,22.61,42.9,1032.0
155,2025-03-10 09:25:50,S02,Lab-201,22.52,42.5,
155,2025-03-10 09:25:50,S03,Lab-305,22.89,42.9,755.0
155,2025-03-10 09:25:50,S04,Library-1F,21.77,38.8,703.0
155,2025-03-10 09:25:50,S05,Canteen,23.81,47.2,765.0
155,2025-03-10 09:25:50,S06,Study-Hall,21.57,36.5,421.0
156,2025-03-10 09:26:00,S01,Lecture-101,22.43,43.1,1046.0
156,2025-03-10 09:26:00,S02,Lab-201,22.52,41.9,764.0
156,2025-03-10 09:26:00,S03,Lab-305,22.69,44.2,764.0
156,2025-03-10 09:26:00,S04,Library-1F,21.7,38.9,704.0
156,2025-03-10 09:26:00,S05,Canteen,-127.0,48.4,757.0
156,2025-03-10 09:26:00,S06,Study-Hall,21.44,36.9,412.0
157,2025-03-10 09:26:10,S01,Lecture-101,22.54,42.1,1043.0
157,2025-03-10 09:26:10,S02,Lab-201,22.59,42.1,776.0
157,2025-03-10 09:26:10,S03,Lab-305,22.93,43.8,750.0
157,2025-03-10 09:26:10,S05,Canteen,23.95,48.1,776.0
157,2025-03-10 09:26:10,S06,Study-Hall,21.58,37.0,402.0
158,2025-03-10 09:26:20,S01,Lecture-101,22.62,42.0,1055.0
158,2025-03-10 09:26:20,S02,Lab-201,22.56,42.0,766.0
158,2025-03-10 09:26:20,S03,Lab-305,22.91,43.2,752.0
158,2025-03-10 09:26:20,S04,Library-1F,21.71,38.5,712.0
158,2025-03-10 09:26:20,S05,Canteen,23.96,48.2,787.0
158,2025-03-10 09:26:20,S06,Study-Hall,21.54,37.3,409.0
159,2025-03-10 09:26:30,S02,Lab-201,22.41,42.1,770.0
159,2025-03-10 09:26:30,S03,Lab-305,22.9,43.3,757.0
159,2025-03-10 09:26:30,S04,Library-1F,21.68,39.3,719.0
159,2025-03-10 09:26:30,S05,Canteen,24.04,48.7,785.0
159,2025-03-10 09:26:30,S06,Study-Hall,21.46,37.9,411.0
160,2025-03-10 09:26:40,S01,Lecture-101,22.48,42.5,1054.0
160,2025-03-10 09:26:40,S02,Lab-201,22.41,41.9,774.0
160,2025-03-10 09:26:40,S03,Lab-305,22.79,42.8,765.0
160,2025-03-10 09:26:40,S04,Library-1F,21.62,38.7,715.0
160,2025-03-10 09:26:40,S05,Canteen,23.83,48.3,785.0
160,2025-03-10 09:26:40,S06,Study-Hall,21.53,37.3,407.0
161,2025-03-10 09:26:10,S04,Library-1F,21.73,39.2,707.0
161,2025-03-10 09:26:50,S01,Lecture-101,22.49,43.5,1046.0
161,2025-03-10 09:26:50,S02,Lab-201,22.51,42.3,774.0
161,2025-03-10 09:26:50,S03,Lab-305,22.77,43.5,773.0
161,2025-03-10 09:26:50,S04,Library-1F,21.72,39.4,718.0
161,2025-03-10 09:26:50,S05,Canteen,23.88,48.3,794.0
161,2025-03-10 09:26:50,S06,Study-Hall,21.4,37.1,402.0
162,2025-03-10 09:26:30,S01,Lecture-101,22.58,42.3,1036.0
162,2025-03-10 09:27:00,S01,Lecture-101,22.62,42.9,1035.0
162,2025-03-10 09:27:00,S02,Lab-201,22.63,42.7,767.0
162,2025-03-10 09:27:00,S03,Lab-305,22.88,43.8,777.0
162,2025-03-10 09:27:00,S04,Library-1F,21.75,38.8,714.0
162,2025-03-10 09:27:00,S05,Canteen,24.02,47.9,786.0
162,2025-03-10 09:27:00,S06,Study-Hall,21.55,36.8,405.0
163,2025-03-10 09:27:10,S01,Lecture-101,22.53,43.2,1062.0
163,2025-03-10 09:27:10,S02,Lab-201,22.56,42.8,766.0
163,2025-03-10 09:27:10,S03,Lab-305,22.86,43.4,767.0
163,2025-03-10 09:27:10,S04,Library-1F,21.58,38.6,711.0
163,2025-03-10 09:27:10,S05,Canteen,23.94,49.3,790.0
163,2025-03-10 09:27:10,S06,Study-Hall,21.61,37.0,414.0
164,2025-03-10 09:27:10,S04,Library-1F,21.58,38.6,711.0
164,2025-03-10 09:27:20,S01,Lecture-101,22.58,42.5,1060.0
164,2025-03-10 09:27:20,S02,Lab-201,22.53,42.3,768.0
164,2025-03-10 09:27:20,S04,Library-1F,21.8,39.3,715.0
164,2025-03-10 09:27:20,S05,Canteen,23.9,48.5,803.0
164,2025-03-10 09:27:20,S06,Study-Hall,21.46,37.0,403.0
165,2025-03-10 09:27:30,S01,Lecture-101,22.64,42.2,1056.0
165,2025-03-10 09:27:30,S02,Lab-201,22.62,41.8,757.0
165,2025-03-10 09:27:30,S03,Lab-305,22.83,43.9,787.0
165,2025-03-10 09:27:30,S04,Library-1F,21.74,38.7,716.0
165,2025-03-10 09:27:30,S05,Canteen,24.09,48.8,800.0
165,2025-03-10 09:27:30,S06,Study-Hall,21.46,37.6,419.0
166,2025-03-10 09:27:40,S01,Lecture-101,22.54,42.4,1051.0
166,2025-03-10 09:27:40,S02,Lab-201,22.49,42.1,780.0
166,2025-03-10 09:27:40,S03,Lab-305,22.98,43.9,791.0
166,2025-03-10 09:27:40,S04,Library-1F,21.83,39.2,726.0
166,2025-03-10 09:27:40,S05,Canteen,24.02,49.1,803.0
166,2025-03-10 09:27:40,S06,Study-Hall,21.57,37.1,404.0
167,2025-03-10 09:27:50,S01,Lecture-101,22.47,42.3,1055.0
167,2025-03-10 09:27:50,S02,Lab-201,22.31,42.3,775.0
167,2025-03-10 09:27:50,S03,Lab-305,22.97,44.1,791.0
167,2025-03-10 09:27:50,S04,Library-1F,21.79,39.1,712.0
167,2025-03-10 09:27:50,S05,Canteen,23.97,48.6,810.0
167,2025-03-10 09:27:50,S06,Study-Hall,21.63,37.0,411.0
168,2025-03-10 09:27:20,S03,Lab-305,23.01,43.0,775.0
168,2025-03-10 09:28:00,S01,Lecture-101,22.61,43.2,1054.0
168,2025-03-10 09:28:00,S02,Lab-201,22.62,42.3,773.0
168,2025-03-10 09:28:00,S03,Lab-305,22.89,43.1,794.0
168,2025-03-10 09:28:00,S04,Library-1F,21.62,39.0,726.0
168,2025-03-10 09:28:00,S05,Canteen,24.04,48.9,823.0
168,2025-03-10 09:28:00,S06,Study-Hall,21.56,37.0,425.0
169,2025-03-10 09:28:10,S01,Lecture-101,22.51,42.5,1065.0
169,2025-03-10 09:28:10,S02,Lab-201,22.78,42.5,765.0
169,2025-03-10 09:28:10,S03,Lab-305,23.04,43.3,789.0
169,2025-03-10 09:28:10,S04,Library-1F,21.78,39.6,730.0
169,2025-03-10 09:28:10,S05,Canteen,23.98,48.7,809.0
169,2025-03-10 09:28:10,S06,Study-Hall,21.65,36.8,412.0
170,2025-03-10 09:28:20,S01,Lecture-101,22.67,42.0,1060.0
170,2025-03-10 09:28:20,S02,Lab-201,22.55,42.0,773.0
170,2025-03-10 09:28:20,S03,Lab-305,22.92,43.9,795.0
170,2025-03-10 09:28:20,S04,Library-1F,21.7,38.9,724.0
170,2025-03-10 09:28:20,S05,Canteen,24.03,49.1,823.0
170,2025-03-10 09:28:20,S06,Study-Hall,21.47,37.0,404.0
171,2025-03-10 09:28:30,S01,Lecture-101,22.64,42.6,1060.0
171,2025-03-10 09:28:30,S02,Lab-201,22.55,42.4,773.0
171,2025-03-10 09:28:30,S03,Lab-305,22.86,44.3,800.0
171,2025-03-10 09:28:30,S04,Library-1F,21.72,39.0,735.0
171,2025-03-10 09:28:30,S05,Canteen,24.01,49.4,827.0
171,2025-03-10 09:28:30,S06,Study-Hall,21.46,36.2,403.0
172,2025-03-10 09:28:40,S01,Lecture-101,22.51,42.9,1064.0
172,2025-03-10 09:28:40,S02,Lab-201,22.25,42.1,774.0
172,2025-03-10 09:28:40,S03,Lab-305,22.99,43.7,795.0
172,2025-03-10 09:28:40,S04,Library-1F,21.61,38.9,713.0
172,2025-03-10 09:28:40,S05,Canteen,24.06,49.3,825.0
172,2025-03-10 09:28:40,S06,Study-Hall,21.5,36.8,411.0
173,2025-03-10 09:28:50,S01,Lecture-101,22.65,42.4,1064.0
173,2025-03-10 09:28:50,S02,Lab-201,22.62,41.7,789.0
173,2025-03-10 09:28:50,S03,Lab-305,22.87,43.3,804.0
173,2025-03-10 09:28:50,S04,Library-1F,21.61,38.7,723.0
173,2025-03-10 09:28:50,S05,Canteen,24.07,48.8,826.0
173,2025-03-10 09:28:50,S06,Study-Hall,21.43,37.2,414.0
174,2025-03-10 09:29:00,S01,Lecture-101,22.58,42.6,1065.0
174,2025-03-10 09:29:00,S02,Lab-201,22.47,42.1,779.0
174,2025-03-10 09:29:00,S03,Lab-305,23.02,43.9,810.0
174,2025-03-10 09:29:00,S04,Library-1F,21.78,38.4,719.0
174,2025-03-10 09:29:00,S05,Canteen,24.03,48.9,826.0
174,2025-03-10 09:29:00,S06,Study-Hall,21.47,37.1,409.0
175,2025-03-10 09:29:10,S01,Lecture-101,22.55,44.0,1069.0
175,2025-03-10 09:29:10,S02,Lab-201,22.57,42.2,775.0
175,2025-03-10 09:29:10,S03,Lab-305,22.91,44.0,817.0
175,2025-03-10 09:29:10,S04,Library-1F,21.74,39.2,716.0
175,2025-03-10 09:29:10,S05,Canteen,24.02,48.9,833.0
175,2025-03-10 09:29:10,S06,Study-Hall,21.48,36.4,421.0
176,2025-03-10 09:29:20,S01,Lecture-101,22.52,42.8,1076.0
176,2025-03-10 09:29:20,S02,Lab-201,22.49,42.6,769.0
176,2025-03-10 09:29:20,S03,Lab-305,22.81,43.5,810.0
176,2025-03-10 09:29:20,S04,Library-1F,21.7,38.7,711.0
176,2025-03-10 09:29:20,S05,Canteen,24.04,48.9,837.0
176,2025-03-10 09:29:20,S06,Study-Hall,21.55,36.9,422.0
177,2025-03-10 09:29:30,S01,Lecture-101,22.59,42.3,1076.0
177,2025-03-10 09:29:30,S02,Lab-201,22.49,41.8,773.0
177,2025-03-10 09:29:30,S04,Library-1F,,38.6,720.0
177,2025-03-10 09:29:30,S05,Canteen,24.27,49.3,840.0
177,2025-03-10 09:29:30,S06,Study-Hall,21.63,36.9,408.0
178,2025-03-10 09:29:40,S01,Lecture-101,22.57,43.0,1085.0
178,2025-03-10 09:29:40,S02,Lab-201,22.53,41.7,767.0
178,2025-03-10 09:29:40,S03,Lab-305,23.08,43.8,818.0
178,2025-03-10 09:29:40,S04,Library-1F,21.58,38.9,714.0
178,2025-03-10 09:29:40,S05,Canteen,24.08,49.3,835.0
178,2025-03-10 09:29:40,S06,Study-Hall,21.48,36.2,401.0
179,2025-03-10 09:29:50,S01,Lecture-101,22.68,43.1,1085.0
179,2025-03-10 09:29:50,S02,Lab-201,22.39,42.6,775.0
179,2025-03-10 09:29:50,S03,Lab-305,22.93,43.6,823.0
179,2025-03-10 09:29:50,S04,Library-1F,21.77,39.6,718.0
179,2025-03-10 09:29:50,S05,Canteen,24.04,49.7,844.0
179,2025-03-10 09:29:50,S06,Study-Hall,21.52,36.8,408.0
180,2025-03-10 09:30:00,S01,Lecture-101,22.7,43.6,1087.0
180,2025-03-10 09:30:00,S02,Lab-201,22.47,41.9,
180,2025-03-10 09:30:00,S03,Lab-305,22.95,43.2,821.0
180,2025-03-10 09:30:00,S04,Library-1F,21.77,40.2,704.0
180,2025-03-10 09:30:00,S05,Canteen,24.13,49.2,839.0
180,2025-03-10 09:30:00,S06,Study-Hall,21.38,37.0,430.0
181,2025-03-10 09:29:30,S03,Lab-305,22.85,43.9,813.0
181,2025-03-10 09:30:10,S01,Lecture-101,22.59,42.9,1085.0
181,2025-03-10 09:30:10,S02,Lab-201,22.61,42.6,780.0
181,2025-03-10 09:30:10,S03,Lab-305,22.89,44.4,830.0
181,2025-03-10 09:30:10,S04,Library-1F,21.7,39.0,717.0
181,2025-03-10 09:30:10,S05,Canteen,24.02,,848.0
181,2025-03-10 09:30:10,S06,Study-Hall,21.52,37.6,410.0
182,2025-03-10 09:30:20,S01,Lecture-101,22.49,44.0,1083.0
182,2025-03-10 09:30:20,S02,Lab-201,22.36,42.7,764.0
182,2025-03-10 09:30:20,S03,Lab-305,22.94,43.2,848.0
182,2025-03-10 09:30:20,S04,Library-1F,21.7,39.7,720.0
182,2025-03-10 09:30:20,S05,Canteen,24.27,49.4,852.0
182,2025-03-10 09:30:20,S06,Study-Hall,21.53,37.1,424.0
183,2025-03-10 09:30:30,S01,Lecture-101,22.66,43.1,1092.0
183,2025-03-10 09:30:30,S02,Lab-201,22.56,41.9,774.0
183,2025-03-10 09:30:30,S03,Lab-305,22.86,44.0,840.0
183,2025-03-10 09:30:30,S04,Library-1F,21.76,39.4,
183,2025-03-10 09:30:30,S05,Canteen,24.19,49.6,867.0
183,2025-03-10 09:30:30,S06,Study-Hall,21.52,37.1,429.0
184,2025-03-10 09:30:40,S01,Lecture-101,22.59,42.2,1092.0
184,2025-03-10 09:30:40,S02,Lab-201,22.54,42.2,771.0
184,2025-03-10 09:30:40,S03,Lab-305,22.91,43.8,829.0
184,2025-03-10 09:30:40,S04,Library-1F,21.75,38.8,712.0
184,2025-03-10 09:30:40,S05,Canteen,24.03,49.3,858.0
184,2025-03-10 09:30:40,S06,Study-Hall,21.53,37.8,430.0
185,2025-03-10 09:30:50,S01,Lecture-101,22.77,42.9,1090.0
185,2025-03-10 09:30:50,S02,Lab-201,22.51,41.8,774.0
185,2025-03-10 09:30:50,S03,Lab-305,22.93,43.9,838.0
185,2025-03-10 09:30:50,S04,Library-1F,21.64,39.5,725.0
185,2025-03-10 09:30:50,S05,Canteen,24.26,49.6,851.0
185,2025-03-10 09:30:50,S06,Study-Hall,21.63,37.0,433.0
186,2025-03-10 09:31:00,S01,Lecture-101,22.58,42.9,1099.0
186,2025-03-10 09:31:00,S02,Lab-201,22.45,41.7,779.0
186,2025-03-10 09:31:00,S03,Lab-305,22.88,43.6,854.0
186,2025-03-10 09:31:00,S05,Canteen,24.28,49.9,856.0
186,2025-03-10 09:31:00,S06,Study-Hall,21.73,37.3,448.0
187,2025-03-10 09:31:10,S01,Lecture-101,,42.9,1099.0
187,2025-03-10 09:31:10,S02,Lab-201,22.5,42.5,784.0
187,2025-03-10 09:31:10,S03,Lab-305,22.88,43.9,851.0
187,2025-03-10 09:31:10,S04,Library-1F,21.76,39.4,721.0
187,2025-03-10 09:31:10,S05,Canteen,24.15,49.8,860.0
187,2025-03-10 09:31:10,S06,Study-Hall,21.47,37.1,459.0
188,2025-03-10 09:31:00,S04,Library-1F,21.71,39.0,718.0
188,2025-03-10 09:31:20,S01,Lecture-101,22.55,42.5,1090.0
188,2025-03-10 09:31:20,S02,Lab-201,22.45,42.6,776.0
188,2025-03-10 09:31:20,S03,Lab-305,22.76,43.3,839.0
188,2025-03-10 09:31:20,S04,Library-1F,21.86,39.3,714.0
188,2025-03-10 09:31:20,S05,Canteen,24.23,49.9,849.0
188,2025-03-10 09:31:20,S06,Study-Hall,21.55,37.0,461.0
189,2025-03-10 09:31:30,S01,Lecture-101,22.67,43.9,1089.0
189,2025-03-10 09:31:30,S02,Lab-201,22.7,42.5,774.0
189,2025-03-10 09:31:30,S03,Lab-305,22.79,43.5,859.0
189,2025-03-10 09:31:30,S04,Library-1F,21.57,39.5,709.0
189,2025-03-10 09:31:30,S05,Canteen,24.21,49.9,850.0
189,2025-03-10 09:31:30,S06,Study-Hall,21.7,37.8,472.0
190,2025-03-10 09:31:40,S01,Lecture-101,22.56,43.0,1084.0
190,2025-03-10 09:31:40,S02,Lab-201,22.52,42.2,779.0
190,2025-03-10 09:31:40,S03,Lab-305,22.86,43.9,849.0
190,2025-03-10 09:31:40,S04,Library-1F,21.79,38.8,714.0
190,2025-03-10 09:31:40,S05,Canteen,24.19,50.1,858.0
190,2025-03-10 09:31:40,S06,Study-Hall,21.46,38.2,472.0
191,2025-03-10 09:31:50,S01,Lecture-101,22.61,43.2,1094.0
191,2025-03-10 09:31:50,S02,Lab-201,22.52,42.0,782.0
191,2025-03-10 09:31:50,S03,Lab-305,23.01,43.8,866.0
191,2025-03-10 09:31:50,S04,Library-1F,21.78,39.1,714.0
191,2025-03-10 09:31:50,S05,Canteen,24.15,50.2,849.0
191,2025-03-10 09:31:50,S06,Study-Hall,21.82,37.9,478.0
192,2025-03-10 09:32:00,S01,Lecture-101,22.66,43.2,1089.0
192,2025-03-10 09:32:00,S02,Lab-201,22.63,43.1,778.0
192,2025-03-10 09:32:00,S03,Lab-305,22.87,44.3,864.0
192,2025-03-10 09:32:00,S04,Library-1F,21.8,39.2,718.0
192,2025-03-10 09:32:00,S05,Canteen,24.37,49.5,853.0
192,2025-03-10 09:32:00,S06,Study-Hall,21.66,37.3,488.0
193,2025-03-10 09:32:10,S01,Lecture-101,22.66,43.0,1093.0
193,2025-03-10 09:32:10,S02,Lab-201,22.46,42.3,786.0
193,2025-03-10 09:32:10,S03,Lab-305,22.94,43.7,857.0
193,2025-03-10 09:32:10,S04,Library-1F,21.64,39.1,727.0
193,2025-03-10 09:32:10,S05,Canteen,24.26,49.2,856.0
193,2025-03-10 09:32:10,S06,Study-Hall,21.62,37.7,488.0
194,2025-03-10 09:32:20,S01,Lecture-101,22.56,42.5,1092.0
194,2025-03-10 09:32:20,S02,Lab-201,22.39,42.2,791.0
194,2025-03-10 09:32:20,S03,Lab-305,22.97,44.1,868.0
194,2025-03-10 09:32:20,S04,Library-1F,21.73,39.6,707.0
194,2025-03-10 09:32:20,S05,Canteen,24.3,50.5,862.0
194,2025-03-10 09:32:20,S06,Study-Hall,21.56,37.6,485.0
195,2025-03-10 09:32:30,S01,Lecture-101,22.54,42.8,1095.0
195,2025-03-10 09:32:30,S02,Lab-201,22.37,42.1,774.0
195,2025-03-10 09:32:30,S03,Lab-305,22.8,43.4,874.0
195,2025-03-10 09:32:30,S04,Library-1F,21.74,39.2,714.0
195,2025-03-10 09:32:30,S05,Canteen,24.26,50.6,865.0
195,2025-03-10 09:32:30,S06,Study-Hall,21.74,37.9,512.0
196,2025-03-10 09:32:40,S01,Lecture-101,22.7,43.2,1096.0
196,2025-03-10 09:32:40,S02,Lab-201,22.63,42.2,783.0
196,2025-03-10 09:32:40,S03,Lab-305,22.89,44.6,861.0
196,2025-03-10 09:32:40,S04,Library-1F,21.74,39.8,724.0
196,2025-03-10 09:32:40,S05,Canteen,24.14,50.2,863.0
196,2025-03-10 09:32:40,S06,Study-Hall,21.76,38.0,506.0
197,2025-03-10 09:32:50,S01,Lecture-101,22.46,43.1,1106.0
197,2025-03-10 09:32:50,S02,Lab-201,22.51,42.6,777.0
197,2025-03-10 09:32:50,S03,Lab-305,22.95,43.9,878.0
197,2025-03-10 09:32:50,S04,Library-1F,21.68,39.7,710.0
197,2025-03-10 09:32:50,S05,Canteen,24.37,50.7,856.0
197,2025-03-10 09:32:50,S06,Study-Hall,21.72,37.9,519.0
198,2025-03-10 09:33:00,S01,Lecture-101,22.55,43.0,1098.0
198,2025-03-10 09:33:00,S02,Lab-201,22.54,42.3,780.0
198,2025-03-10 09:33:00,S03,Lab-305,22.98,44.2,885.0
198,2025-03-10 09:33:00,S04,Library-1F,21.76,39.6,706.0
198,2025-03-10 09:33:00,S05,Canteen,24.4,49.7,873.0
198,2025-03-10 09:33:00,S06,Study-Hall,21.78,37.3,522.0
199,2025-03-10 09:33:10,S01,Lecture-101,22.74,43.2,1107.0
199,2025-03-10 09:33:10,S02,Lab-201,22.53,41.7,762.0
199,2025-03-10 09:33:10,S03,Lab-305,23.06,44.0,882.0
199,2025-03-10 09:33:10,S04,Library-1F,21.66,39.2,725.0
199,2025-03-10 09:33:10,S05,Canteen,24.17,50.4,867.0
199,2025-03-10 09:33:10,S06,Study-Hall,21.76,38.2,529.0
200,2025-03-10 09:33:20,S01,Lecture-101,22.58,43.4,1111.0
200,2025-03-10 09:33:20,S02,Lab-201,22.47,42.0,773.0
200,2025-03-10 09:33:20,S03,Lab-305,22.9,43.9,881.0
200,2025-03-10 09:33:20,S04,Library-1F,21.65,39.5,720.0
200,2025-03-10 09:33:20,S05,Canteen,24.33,49.9,859.0
200,2025-03-10 09:33:20,S06,Study-Hall,21.69,38.0,532.0
201,2025-03-10 09:33:30,S01,Lecture-101,22.61,43.1,1097.0
201,2025-03-10 09:33:30,S02,Lab-201,22.42,43.1,775.0
201,2025-03-10 09:33:30,S03,Lab-305,22.94,43.3,891.0
201,2025-03-10 09:33:30,S04,Library-1F,21.78,40.0,716.0
201,2025-03-10 09:33:30,S05,Canteen,24.25,50.6,875.0
201,2025-03-10 09:33:30,S06,Study-Hall,21.79,38.3,535.0
202,2025-03-10 09:33:40,S01,Lecture-101,22.55,43.6,1102.0
202,2025-03-10 09:33:40,S02,Lab-201,22.49,42.1,779.0
202,2025-03-10 09:33:40,S03,Lab-305,22.84,43.4,895.0
202,2025-03-10 09:33:40,S04,Library-1F,21.68,39.8,712.0
202,2025-03-10 09:33:40,S05,Canteen,24.16,50.3,864.0
202,2025-03-10 09:33:40,S06,Study-Hall,21.72,37.7,546.0
203,2025-03-10 09:33:50,S01,Lecture-101,22.63,43.0,1099.0
203,2025-03-10 09:33:50,S02,Lab-201,22.54,42.5,775.0
203,2025-03-10 09:33:50,S03,Lab-305,22.76,43.6,885.0
203,2025-03-10 09:33:50,S04,Library-1F,21.76,38.9,716.0
203,2025-03-10 09:33:50,S05,Canteen,24.22,50.2,876.0
203,2025-03-10 09:33:50,S06,Study-Hall,21.75,38.0,560.0
204,2025-03-10 09:34:00,S01,Lecture-101,22.57,43.6,1108.0
204,2025-03-10 09:34:00,S02,Lab-201,22.61,41.9,779.0
204,2025-03-10 09:34:00,S03,Lab-305,22.83,44.5,899.0
204,2025-03-10 09:34:00,S04,Library-1F,21.78,39.1,711.0
204,2025-03-10 09:34:00,S05,Canteen,24.21,51.4,870.0
204,2025-03-10 09:34:00,S06,Study-Hall,21.81,38.4,561.0
205,2025-03-10 09:34:10,S01,Lecture-101,22.65,43.2,1093.0
205,2025-03-10 09:34:10,S02,Lab-201,22.44,42.2,791.0
205,2025-03-10 09:34:10,S03,Lab-305,23.01,43.8,888.0
205,2025-03-10 09:34:10,S04,Library-1F,21.65,40.1,730.0
205,2025-03-10 09:34:10,S05,Canteen,24.41,50.8,873.0
205,2025-03-10 09:34:10,S06,Study-Hall,21.84,38.4,568.0
206,2025-03-10 09:34:20,S01,Lecture-101,22.72,42.8,1106.0
206,2025-03-10 09:34:20,S02,Lab-201,22.61,42.4,776.0
206,2025-03-10 09:34:20,S03,Lab-305,23.03,43.4,909.0
206,2025-03-10 09:34:20,S04,Library-1F,21.72,39.4,710.0
206,2025-03-10 09:34:20,S05,Canteen,24.4,51.0,873.0
206,2025-03-10 09:34:20,S06,Study-Hall,21.84,38.5,565.0
207,2025-03-10 09:34:30,S01,Lecture-101,22.67,43.0,1103.0
207,2025-03-10 09:34:30,S02,Lab-201,22.55,41.2,798.0
207,2025-03-10 09:34:30,S03,Lab-305,22.81,43.9,916.0
207,2025-03-10 09:34:30,S04,Library-1F,21.72,38.8,713.0
207,2025-03-10 09:34:30,S05,Canteen,24.38,50.4,874.0
207,2025-03-10 09:34:30,S06,Study-Hall,21.91,38.2,576.0
208,2025-03-10 09:34:40,S01,Lecture-101,22.66,42.8,1111.0
208,2025-03-10 09:34:40,S02,Lab-201,22.56,42.1,773.0
208,2025-03-10 09:34:40,S03,Lab-305,22.89,44.7,911.0
208,2025-03-10 09:34:40,S04,Library-1F,21.62,39.4,707.0
208,2025-03-10 09:34:40,S05,Canteen,24.41,50.2,869.0
208,2025-03-10 09:34:40,S06,Study-Hall,21.72,38.1,579.0
209,2025-03-10 09:34:50,S01,Lecture-101,22.71,42.6,1105.0
209,2025-03-10 09:34:50,S02,Lab-201,22.55,42.3,780.0
209,2025-03-10 09:34:50,S03,Lab-305,22.87,43.4,915.0
209,2025-03-10 09:34:50,S04,Library-1F,21.69,39.2,709.0
209,2025-03-10 09:34:50,S05,Canteen,24.48,50.8,878.0
209,2025-03-10 09:34:50,S06,Study-Hall,21.78,38.0,593.0
210,2025-03-10 09:35:00,S01,Lecture-101,22.63,43.4,1101.0
210,2025-03-10 09:35:00,S02,Lab-201,22.48,42.0,770.0
210,2025-03-10 09:35:00,S03,Lab-305,22.88,43.0,915.0
210,2025-03-10 09:35:00,S04,Library-1F,21.82,39.5,718.0
210,2025-03-10 09:35:00,S05,Canteen,24.43,51.2,875.0
210,2025-03-10 09:35:00,S06,Study-Hall,21.92,38.7,595.0
211,2025-03-10 09:35:00,S02,Lab-201,22.48,42.0,770.0
211,2025-03-10 09:35:10,S01,Lecture-101,22.75,43.1,1109.0
211,2025-03-10 09:35:10,S02,Lab-201,22.64,41.8,794.0
211,2025-03-10 09:35:10,S03,Lab-305,22.85,43.3,921.0
211,2025-03-10 09:35:10,S04,Library-1F,21.7,39.2,710.0
211,2025-03-10 09:35:10,S05,Canteen,24.41,49.8,865.0
211,2025-03-10 09:35:10,S06,Study-Hall,21.89,38.6,604.0
212,2025-03-10 09:35:20,S01,Lecture-101,22.65,43.1,1103.0
212,2025-03-10 09:35:20,S02,Lab-201,22.42,42.5,784.0
212,2025-03-10 09:35:20,S03,Lab-305,23.07,43.5,923.0
212,2025-03-10 09:35:20,S04,Library-1F,21.68,39.6,707.0
212,2025-03-10 09:35:20,S05,Canteen,24.33,50.6,869.0
212,2025-03-10 09:35:20,S06,Study-Hall,21.82,39.0,607.0
213,2025-03-10 09:35:30,S01,Lecture-101,22.58,43.6,1113.0
213,2025-03-10 09:35:30,S02,Lab-201,22.56,42.3,777.0
213,2025-03-10 09:35:30,S03,Lab-305,22.95,43.8,909.0
213,2025-03-10 09:35:30,S04,Library-1F,21.66,38.9,719.0
213,2025-03-10 09:35:30,S05,Canteen,24.55,50.3,875.0
213,2025-03-10 09:35:30,S06,Study-Hall,21.92,38.3,620.0
214,2025-03-10 09:35:40,S01,Lecture-101,22.68,42.3,1111.0
214,2025-03-10 09:35:40,S02,Lab-201,22.48,43.3,774.0
214,2025-03-10 09:35:40,S03,Lab-305,22.96,43.5,917.0
214,2025-03-10 09:35:40,S04,Library-1F,21.64,38.9,701.0
214,2025-03-10 09:35:40,S05,Canteen,24.48,50.8,877.0
214,2025-03-10 09:35:40,S06,Study-Hall,21.84,38.6,610.0
215,2025-03-10 09:35:50,S01,Lecture-101,22.66,43.0,1123.0
215,2025-03-10 09:35:50,S02,Lab-201,22.56,42.4,65535.0
215,2025-03-10 09:35:50,S03,Lab-305,23.02,,929.0
215,2025-03-10 09:35:50,S04,Library-1F,21.73,39.2,721.0
215,2025-03-10 09:35:50,S05,Canteen,24.45,51.1,871.0
215,2025-03-10 09:35:50,S06,Study-Hall,21.84,39.1,632.0
216,2025-03-10 09:36:00,S01,Lecture-101,22.71,43.0,1123.0
216,2025-03-10 09:36:00,S02,Lab-201,22.62,42.3,777.0
216,2025-03-10 09:36:00,S03,Lab-305,22.96,43.9,931.0
216,2025-03-10 09:36:00,S04,Library-1F,21.71,39.5,723.0
216,2025-03-10 09:36:00,S05,Canteen,24.59,51.3,877.0
216,2025-03-10 09:36:00,S06,Study-Hall,22.01,38.9,630.0
217,2025-03-10 09:36:10,S01,Lecture-101,22.64,43.3,1120.0
217,2025-03-10 09:36:10,S02,Lab-201,22.57,42.7,768.0
217,2025-03-10 09:36:10,S03,Lab-305,22.94,43.7,935.0
217,2025-03-10 09:36:10,S04,Library-1F,21.71,39.3,711.0
217,2025-03-10 09:36:10,S05,Canteen,24.52,50.9,865.0
217,2025-03-10 09:36:10,S06,Study-Hall,21.84,38.8,626.0
218,2025-03-10 09:36:20,S01,Lecture-101,22.6,43.0,1122.0
218,2025-03-10 09:36:20,S02,Lab-201,22.44,42.2,771.0
218,2025-03-10 09:36:20,S03,Lab-305,22.89,43.8,945.0
218,2025-03-10 09:36:20,S04,Library-1F,21.73,39.5,713.0
218,2025-03-10 09:36:20,S05,Canteen,24.41,50.8,875.0
218,2025-03-10 09:36:20,S06,Study-Hall,21.87,38.3,637.0
219,2025-03-10 09:36:30,S01,Lecture-101,22.71,43.5,1109.0
219,2025-03-10 09:36:30,S02,Lab-201,22.71,42.5,775.0
219,2025-03-10 09:36:30,S03,Lab-305,22.89,43.6,935.0
219,2025-03-10 09:36:30,S04,Library-1F,21.68,39.3,717.0
219,2025-03-10 09:36:30,S05,Canteen,24.48,51.7,882.0
219,2025-03-10 09:36:30,S06,Study-Hall,21.96,38.2,635.0
220,2025-03-10 09:36:40,S01,Lecture-101,22.56,43.2,1126.0
220,2025-03-10 09:36:40,S02,Lab-201,22.52,42.7,765.0
220,2025-03-10 09:36:40,S03,Lab-305,22.83,44.1,942.0
220,2025-03-10 09:36:40,S04,Library-1F,21.69,39.6,710.0
220,2025-03-10 09:36:40,S05,Canteen,24.43,50.6,882.0
220,2025-03-10 09:36:40,S06,Study-Hall,21.9,38.5,638.0
221,2025-03-10 09:36:50,S01,Lecture-101,22.62,43.4,1141.0
221,2025-03-10 09:36:50,S02,Lab-201,22.49,42.4,762.0
221,2025-03-10 09:36:50,S03,Lab-305,22.99,44.1,933.0
221,2025-03-10 09:36:50,S04,Library-1F,21.62,39.3,722.0
221,2025-03-10 09:36:50,S05,Canteen,24.36,51.2,872.0
221,2025-03-10 09:36:50,S06,Study-Hall,22.03,38.7,641.0
222,2025-03-10 09:37:00,S01,Lecture-101,22.64,43.7,1123.0
222,2025-03-10 09:37:00,S02,Lab-201,22.6,43.1,765.0
222,2025-03-10 09:37:00,S03,Lab-305,23.09,44.4,958.0
222,2025-03-10 09:37:00,S04,Library-1F,21.82,39.9,715.0
222,2025-03-10 09:37:00,S05,Canteen,24.49,52.1,881.0
222,2025-03-10 09:37:00,S06,Study-Hall,21.84,38.7,632.0
223,2025-03-10 09:37:10,S01,Lecture-101,22.65,43.3,1119.0
223,2025-03-10 09:37:10,S02,Lab-201,22.51,42.3,768.0
223,2025-03-10 09:37:10,S03,Lab-305,22.88,44.2,953.0
223,2025-03-10 09:37:10,S04,Library-1F,21.73,40.1,720.0
223,2025-03-10 09:37:10,S05,Canteen,24.53,50.6,880.0
223,2025-03-10 09:37:10,S06,Study-Hall,21.94,38.4,652.0
224,2025-03-10 09:37:20,S01,Lecture-101,22.69,43.8,1125.0
224,2025-03-10 09:37:20,S02,Lab-201,22.65,42.0,776.0
224,2025-03-10 09:37:20,S03,Lab-305,22.91,43.4,959.0
224,2025-03-10 09:37:20,S04,Library-1F,21.62,39.3,719.0
224,2025-03-10 09:37:20,S05,Canteen,24.44,51.7,882.0
224,2025-03-10 09:37:20,S06,Study-Hall,22.01,38.1,653.0
225,2025-03-10 09:37:30,S01,Lecture-101,22.72,43.2,1143.0
225,2025-03-10 09:37:30,S02,Lab-201,22.36,43.1,775.0
225,2025-03-10 09:37:30,S03,Lab-305,22.95,43.5,957.0
225,2025-03-10 09:37:30,S04,Library-1F,21.74,40.5,727.0
225,2025-03-10 09:37:30,S05,Canteen,24.46,51.1,885.0
225,2025-03-10 09:37:30,S06,Study-Hall,21.94,38.6,668.0
226,2025-03-10 09:37:40,S01,Lecture-101,22.77,43.4,1124.0
226,2025-03-10 09:37:40,S02,Lab-201,22.51,42.8,773.0
226,2025-03-10 09:37:40,S03,Lab-305,22.95,44.5,955.0
226,2025-03-10 09:37:40,S04,Library-1F,21.75,39.5,719.0
226,2025-03-10 09:37:40,S05,Canteen,24.41,51.5,881.0
226,2025-03-10 09:37:40,S06,Study-Hall,22.02,38.9,661.0
227,2025-03-10 09:37:50,S01,Lecture-101,22.67,43.3,1127.0
227,2025-03-10 09:37:50,S02,Lab-201,22.51,41.7,780.0
227,2025-03-10 09:37:50,S03,Lab-305,22.74,44.0,960.0
227,2025-03-10 09:37:50,S04,Library-1F,21.71,39.2,710.0
227,2025-03-10 09:37:50,S05,Canteen,24.46,51.3,885.0
227,2025-03-10 09:37:50,S06,Study-Hall,21.91,39.0,658.0
228,2025-03-10 09:38:00,S01,Lecture-101,22.63,44.0,1134.0
228,2025-03-10 09:38:00,S02,Lab-201,22.46,42.8,791.0
228,2025-03-10 09:38:00,S03,Lab-305,22.93,44.6,955.0
228,2025-03-10 09:38:00,S04,Library-1F,21.59,39.2,710.0
228,2025-03-10 09:38:00,S05,Canteen,24.43,51.4,889.0
228,2025-03-10 09:38:00,S06,Study-Hall,21.93,38.6,661.0
229,2025-03-10 09:38:10,S01,Lecture-101,22.67,43.4,1135.0
229,2025-03-10 09:38:10,S02,Lab-201,22.49,42.9,775.0
229,2025-03-10 09:38:10,S03,Lab-305,22.92,43.7,970.0
229,2025-03-10 09:38:10,S04,Library-1F,21.67,39.6,714.0
229,2025-03-10 09:38:10,S05,Canteen,24.62,51.0,882.0
229,2025-03-10 09:38:10,S06,Study-Hall,22.02,39.6,655.0
230,2025-03-10 09:38:20,S01,Lecture-101,22.72,43.8,1131.0
230,2025-03-10 09:38:20,S02,Lab-201,22.54,43.4,777.0
230,2025-03-10 09:38:20,S03,Lab-305,22.94,44.4,972.0
230,2025-03-10 09:38:20,S04,Library-1F,21.66,39.9,713.0
230,2025-03-10 09:38:20,S05,Canteen,24.68,51.5,887.0
230,2025-03-10 09:38:20,S06,Study-Hall,22.04,38.9,667.0
231,2025-03-10 09:38:30,S01,Lecture-101,22.73,43.4,1131.0
231,2025-03-10 09:38:30,S02,Lab-201,22.49,42.6,781.0
231,2025-03-10 09:38:30,S03,Lab-305,22.98,44.0,973.0
231,2025-03-10 09:38:30,S04,Library-1F,21.78,39.2,709.0
231,2025-03-10 09:38:30,S05,Canteen,24.47,51.5,879.0
231,2025-03-10 09:38:30,S06,Study-Hall,21.88,39.3,667.0
232,2025-03-10 09:38:40,S01,Lecture-101,22.67,43.9,1132.0
232,2025-03-10 09:38:40,S02,Lab-201,22.55,42.2,779.0
232,2025-03-10 09:38:40,S03,Lab-305,22.9,44.5,970.0
232,2025-03-10 09:38:40,S04,Library-1F,21.75,39.0,716.0
232,2025-03-10 09:38:40,S05,Canteen,24.58,51.2,882.0
232,2025-03-10 09:38:40,S06,Study-Hall,22.09,38.5,669.0
233,2025-03-10 09:38:50,S01,Lecture-101,22.65,44.2,1121.0
233,2025-03-10 09:38:50,S02,Lab-201,22.47,42.6,796.0
233,2025-03-10 09:38:50,S03,Lab-305,22.89,44.4,974.0
233,2025-03-10 09:38:50,S04,Library-1F,21.8,39.3,717.0
233,2025-03-10 09:38:50,S05,Canteen,24.43,51.1,883.0
233,2025-03-10 09:38:50,S06,Study-Hall,22.0,38.9,
234,2025-03-10 09:39:00,S01,Lecture-101,22.61,43.2,1118.0
234,2025-03-10 09:39:00,S02,Lab-201,22.51,42.8,776.0
234,2025-03-10 09:39:00,S03,Lab-305,22.99,43.8,975.0
234,2025-03-10 09:39:00,S04,Library-1F,21.87,39.5,721.0
234,2025-03-10 09:39:00,S05,Canteen,24.61,51.5,867.0
234,2025-03-10 09:39:00,S06,Study-Hall,21.98,38.8,686.0
235,2025-03-10 09:39:10,S01,Lecture-101,22.67,43.6,1123.0
235,2025-03-10 09:39:10,S02,Lab-201,22.41,42.5,779.0
235,2025-03-10 09:39:10,S03,Lab-305,22.96,44.6,976.0
235,2025-03-10 09:39:10,S04,Library-1F,21.77,40.4,713.0
235,2025-03-10 09:39:10,S05,Canteen,24.46,51.5,874.0
235,2025-03-10 09:39:10,S06,Study-Hall,22.19,38.5,694.0
236,2025-03-10 09:39:20,S01,Lecture-101,22.68,43.4,1121.0
236,2025-03-10 09:39:20,S02,Lab-201,22.47,42.6,777.0
236,2025-03-10 09:39:20,S03,Lab-305,22.97,44.5,986.0
236,2025-03-10 09:39:20,S04,Library-1F,21.7,39.1,716.0
236,2025-03-10 09:39:20,S05,Canteen,24.5,51.4,889.0
236,2025-03-10 09:39:20,S06,Study-Hall,22.1,39.3,692.0
237,2025-03-10 09:39:30,S01,Lecture-101,22.64,44.0,1124.0
237,2025-03-10 09:39:30,S02,Lab-201,22.74,42.6,781.0
237,2025-03-10 09:39:30,S03,Lab-305,22.84,43.8,990.0
237,2025-03-10 09:39:30,S04,Library-1F,21.72,39.9,714.0
237,2025-03-10 09:39:30,S05,Canteen,24.49,51.5,876.0
237,2025-03-10 09:39:30,S06,Study-Hall,21.99,39.8,709.0
238,2025-03-10 09:39:40,S01,Lecture-101,22.85,43.3,1121.0
238,2025-03-10 09:39:40,S02,Lab-201,22.67,42.8,777.0
238,2025-03-10 09:39:40,S03,Lab-305,22.81,43.3,974.0
238,2025-03-10 09:39:40,S04,Library-1F,21.61,40.0,727.0
238,2025-03-10 09:39:40,S05,Canteen,24.41,51.4,892.0
238,2025-03-10 09:39:40,S06,Study-Hall,22.12,39.2,699.0
239,2025-03-10 09:39:40,S02,Lab-201,22.67,42.8,777.0
239,2025-03-10 09:39:50,S01,Lecture-101,22.84,43.5,1115.0
239,2025-03-10 09:39:50,S02,Lab-201,22.48,42.5,782.0
239,2025-03-10 09:39:50,S03,Lab-305,22.81,44.5,984.0
239,2025-03-10 09:39:50,S04,Library-1F,21.77,39.6,716.0
239,2025-03-10 09:39:50,S05,Canteen,24.56,51.3,879.0
239,2025-03-10 09:39:50,S06,Study-Hall,22.03,39.2,704.0
240,2025-03-10 09:40:00,S01,Lecture-101,22.66,43.8,1116.0
240,2025-03-10 09:40:00,S02,Lab-201,22.38,42.8,774.0
240,2025-03-10 09:40:00,S03,Lab-305,22.91,43.5,990.0
240,2025-03-10 09:40:00,S04,Library-1F,21.76,40.0,718.0
240,2025-03-10 09:40:00,S05,Canteen,24.53,51.4,888.0
240,2025-03-10 09:40:00,S06,Study-Hall,22.23,39.4,703.0
241,2025-03-10 09:40:10,S01,Lecture-101,22.59,43.1,1131.0
241,2025-03-10 09:40:10,S02,Lab-201,22.57,42.2,775.0
241,2025-03-10 09:40:10,S03,Lab-305,22.91,43.7,990.0
241,2025-03-10 09:40:10,S04,Library-1F,21.71,39.3,724.0
241,2025-03-10 09:40:10,S05,Canteen,24.5,51.3,886.0
241,2025-03-10 09:40:10,S06,Study-Hall,22.07,38.9,704.0
242,2025-03-10 09:40:20,S01,Lecture-101,22.54,43.9,1124.0
242,2025-03-10 09:40:20,S02,Lab-201,22.58,42.8,784.0
242,2025-03-10 09:40:20,S03,Lab-305,22.69,44.4,994.0
242,2025-03-10 09:40:20,S04,Library-1F,21.67,39.1,727.0
242,2025-03-10 09:40:20,S05,Canteen,24.45,51.8,884.0
242,2025-03-10 09:40:20,S06,Study-Hall,21.99,39.3,698.0
243,2025-03-10 09:40:30,S01,Lecture-101,22.68,43.3,1128.0
243,2025-03-10 09:40:30,S02,Lab-201,22.49,42.7,787.0
243,2025-03-10 09:40:30,S03,Lab-305,22.91,44.2,1000.0
243,2025-03-10 09:40:30,S04,Library-1F,21.75,39.8,716.0
243,2025-03-10 09:40:30,S05,Canteen,24.58,51.5,889.0
243,2025-03-10 09:40:30,S06,Study-Hall,22.0,38.9,721.0
244,2025-03-10 09:40:40,S01,Lecture-101,22.69,44.4,1110.0
244,2025-03-10 09:40:40,S02,Lab-201,22.48,42.2,772.0
244,2025-03-10 09:40:40,S03,Lab-305,22.84,43.8,994.0
244,2025-03-10 09:40:40,S04,Library-1F,21.79,39.4,717.0
244,2025-03-10 09:40:40,S05,Canteen,24.54,51.9,886.0
244,2025-03-10 09:40:40,S06,Study-Hall,22.11,40.2,718.0
245,2025-03-10 09:40:50,S01,Lecture-101,22.6,43.8,1108.0
245,2025-03-10 09:40:50,S02,Lab-201,22.57,42.3,772.0
245,2025-03-10 09:40:50,S03,Lab-305,22.97,44.6,1002.0
245,2025-03-10 09:40:50,S04,Library-1F,21.61,39.7,730.0
245,2025-03-10 09:40:50,S05,Canteen,24.37,51.7,896.0
245,2025-03-10 09:40:50,S06,Study-Hall,22.11,39.6,726.0
246,2025-03-10 09:41:00,S01,Lecture-101,22.71,43.0,1129.0
246,2025-03-10 09:41:00,S02,Lab-201,22.44,43.4,777.0
246,2025-03-10 09:41:00,S03,Lab-305,22.98,44.4,1002.0
246,2025-03-10 09:41:00,S04,Library-1F,21.74,39.2,720.0
246,2025-03-10 09:41:00,S05,Canteen,24.52,52.6,884.0
246,2025-03-10 09:41:00,S06,Study-Hall,22.05,39.9,723.0
247,2025-03-10 09:41:10,S01,Lecture-101,22.76,43.5,1117.0
247,2025-03-10 09:41:10,S02,Lab-201,22.41,42.2,777.0
247,2025-03-10 09:41:10,S03,Lab-305,22.86,44.3,1003.0
247,2025-03-10 09:41:10,S04,Library-1F,21.73,39.4,712.0
247,2025-03-10 09:41:10,S05,Canteen,24.67,51.3,887.0
247,2025-03-10 09:41:10,S06,Study-Hall,22.14,38.8,734.0
248,2025-03-10 09:41:20,S01,Lecture-101,22.76,43.6,1114.0
248,2025-03-10 09:41:20,S02,Lab-201,22.56,42.1,784.0
248,2025-03-10 09:41:20,S03,Lab-305,22.94,43.9,1001.0
248,2025-03-10 09:41:20,S04,Library-1F,21.75,40.5,727.0
248,2025-03-10 09:41:20,S05,Canteen,24.48,51.4,890.0
248,2025-03-10 09:41:20,S06,Study-Hall,21.95,38.9,726.0
249,2025-03-10 09:41:30,S01,Lecture-101,22.63,44.7,1114.0
249,2025-03-10 09:41:30,S02,Lab-201,22.6,42.9,783.0
249,2025-03-10 09:41:30,S03,Lab-305,22.92,43.5,1009.0
249,2025-03-10 09:41:30,S04,Library-1F,21.79,39.3,716.0
249,2025-03-10 09:41:30,S05,Canteen,24.43,51.4,880.0
249,2025-03-10 09:41:30,S06,Study-Hall,22.02,39.4,736.0
250,2025-03-10 09:41:40,S01,Lecture-101,22.53,42.9,1111.0
250,2025-03-10 09:41:40,S02,Lab-201,22.54,42.6,771.0
250,2025-03-10 09:41:40,S03,Lab-305,23.05,44.3,1016.0
250,2025-03-10 09:41:40,S04,Library-1F,21.75,38.6,724.0
250,2025-03-10 09:41:40,S05,Canteen,24.53,51.9,895.0
250,2025-03-10 09:41:40,S06,Study-Hall,21.97,39.1,720.0
251,2025-03-10 09:41:50,S01,Lecture-101,22.7,43.5,1121.0
251,2025-03-10 09:41:50,S02,Lab-201,22.45,42.6,791.0
251,2025-03-10 09:41:50,S03,Lab-305,23.04,43.8,1015.0
251,2025-03-10 09:41:50,S04,Library-1F,21.77,38.8,725.0
251,2025-03-10 09:41:50,S05,Canteen,24.7,52.8,898.0
251,2025-03-10 09:41:50,S06,Study-Hall,22.22,39.4,723.0
252,2025-03-10 09:42:00,S01,Lecture-101,22.76,44.1,1120.0
252,2025-03-10 09:42:00,S02,Lab-201,22.54,42.4,772.0
252,2025-03-10 09:42:00,S03,Lab-305,22.88,43.9,1022.0
252,2025-03-10 09:42:00,S04,Library-1F,21.77,39.5,727.0
252,2025-03-10 09:42:00,S06,Study-Hall,22.08,39.4,730.0
253,2025-03-10 09:42:10,S01,Lecture-101,22.57,42.6,1122.0
253,2025-03-10 09:42:10,S02,Lab-201,22.66,42.4,760.0
253,2025-03-10 09:42:10,S03,Lab-305,22.93,45.0,1020.0
253,2025-03-10 09:42:10,S04,Library-1F,21.82,39.6,725.0
253,2025-03-10 09:42:10,S05,Canteen,24.56,51.9,890.0
253,2025-03-10 09:42:10,S06,Study-Hall,22.21,38.7,738.0
254,2025-03-10 09:42:00,S05,Canteen,24.58,52.3,896.0
254,2025-03-10 09:42:20,S01,Lecture-101,22.7,43.5,1122.0
254,2025-03-10 09:42:20,S02,Lab-201,22.52,42.3,775.0
254,2025-03-10 09:42:20,S03,Lab-305,22.78,43.4,1023.0
254,2025-03-10 09:42:20,S04,Library-1F,21.9,39.4,722.0
254,2025-03-10 09:42:20,S05,Canteen,24.66,52.4,894.0
254,2025-03-10 09:42:20,S06,Study-Hall,21.95,38.9,739.0
255,2025-03-10 09:42:30,S01,Lecture-101,22.62,43.7,1124.0
255,2025-03-10 09:42:30,S02,Lab-201,22.56,42.3,780.0
255,2025-03-10 09:42:30,S03,Lab-305,22.85,43.7,1027.0
255,2025-03-10 09:42:30,S04,Library-1F,21.83,38.9,723.0
255,2025-03-10 09:42:30,S05,Canteen,-127.0,51.3,894.0
255,2025-03-10 09:42:30,S06,Study-Hall,22.12,38.8,754.0
256,2025-03-10 09:42:40,S01,Lecture-101,22.8,43.3,1122.0
256,2025-03-10 09:42:40,S02,Lab-201,22.52,42.6,776.0
256,2025-03-10 09:42:40,S03,Lab-305,22.9,43.3,1034.0
256,2025-03-10 09:42:40,S04,Library-1F,21.63,39.0,728.0
256,2025-03-10 09:42:40,S05,Canteen,24.7,51.5,893.0
256,2025-03-10 09:42:40,S06,Study-Hall,22.21,39.3,744.0
257,2025-03-10 09:42:50,S01,Lecture-101,22.69,44.0,1130.0
257,2025-03-10 09:42:50,S02,Lab-201,22.43,42.2,781.0
257,2025-03-10 09:42:50,S03,Lab-305,22.9,44.5,1042.0
257,2025-03-10 09:42:50,S04,Library-1F,21.84,38.0,724.0
257,2025-03-10 09:42:50,S05,Canteen,24.74,52.4,900.0
257,2025-03-10 09:42:50,S06,Study-Hall,22.31,40.1,746.0
258,2025-03-10 09:43:00,S01,Lecture-101,22.61,43.4,1126.0
258,2025-03-10 09:43:00,S02,Lab-201,22.4,42.7,776.0
258,2025-03-10 09:43:00,S03,Lab-305,22.79,43.1,1048.0
258,2025-03-10 09:43:00,S04,Library-1F,21.72,39.9,718.0
258,2025-03-10 09:43:00,S05,Canteen,24.65,52.3,890.0
258,2025-03-10 09:43:00,S06,Study-Hall,22.25,39.3,760.0
259,2025-03-10 09:43:10,S01,Lecture-101,22.84,43.4,1139.0
259,2025-03-10 09:43:10,S02,Lab-201,22.43,42.1,776.0
259,2025-03-10 09:43:10,S03,Lab-305,22.84,44.2,1052.0
259,2025-03-10 09:43:10,S04,Library-1F,21.82,39.7,725.0
259,2025-03-10 09:43:10,S05,Canteen,24.69,51.5,895.0
259,2025-03-10 09:43:10,S06,Study-Hall,22.12,40.2,758.0
260,2025-03-10 09:43:20,S01,Lecture-101,22.69,44.0,1130.0
260,2025-03-10 09:43:20,S02,Lab-201,22.48,43.1,764.0
260,2025-03-10 09:43:20,S03,Lab-305,22.99,43.3,1046.0
260,2025-03-10 09:43:20,S04,Library-1F,21.75,,731.0
260,2025-03-10 09:43:20,S05,Canteen,24.7,51.9,891.0
260,2025-03-10 09:43:20,S06,Study-Hall,22.12,39.6,752.0
261,2025-03-10 09:43:30,S01,Lecture-101,22.75,44.1,1139.0
261,2025-03-10 09:43:30,S02,Lab-201,22.43,42.5,768.0
261,2025-03-10 09:43:30,S03,Lab-305,23.1,44.2,1055.0
261,2025-03-10 09:43:30,S04,Library-1F,21.81,39.8,735.0
261,2025-03-10 09:43:30,S05,Canteen,24.43,51.8,905.0
261,2025-03-10 09:43:30,S06,Study-Hall,22.16,39.0,760.0
262,2025-03-10 09:43:40,S01,Lecture-101,22.59,43.1,1128.0
262,2025-03-10 09:43:40,S03,Lab-305,22.88,44.3,1065.0
262,2025-03-10 09:43:40,S04,Library-1F,21.82,39.9,724.0
262,2025-03-10 09:43:40,S05,Canteen,24.72,51.9,910.0
262,2025-03-10 09:43:40,S06,Study-Hall,22.09,39.9,752.0
263,2025-03-10 09:43:50,S01,Lecture-101,22.72,43.2,1125.0
263,2025-03-10 09:43:50,S02,Lab-201,22.49,42.1,771.0
263,2025-03-10 09:43:50,S03,Lab-305,22.94,44.0,65535.0
263,2025-03-10 09:43:50,S04,Library-1F,21.56,40.4,724.0
263,2025-03-10 09:43:50,S05,Canteen,24.47,51.6,899.0
263,2025-03-10 09:43:50,S06,Study-Hall,22.15,40.2,775.0
264,2025-03-10 09:43:40,S02,Lab-201,22.55,42.7,770.0
264,2025-03-10 09:44:00,S01,Lecture-101,22.54,44.1,1122.0
264,2025-03-10 09:44:00,S02,Lab-201,22.39,43.1,772.0
264,2025-03-10 09:44:00,S03,Lab-305,22.94,44.2,1065.0
264,2025-03-10 09:44:00,S04,Library-1F,21.73,39.7,720.0
264,2025-03-10 09:44:00,S05,Canteen,24.6,52.8,895.0
264,2025-03-10 09:44:00,S06,Study-Hall,22.22,38.8,766.0
265,2025-03-10 09:44:10,S01,Lecture-101,22.7,42.3,1119.0
265,2025-03-10 09:44:10,S02,Lab-201,22.54,42.5,777.0
265,2025-03-10 09:44:10,S03,Lab-305,23.03,43.6,1080.0
265,2025-03-10 09:44:10,S04,Library-1F,21.73,39.9,725.0
265,2025-03-10 09:44:10,S05,Canteen,24.71,52.0,891.0
265,2025-03-10 09:44:10,S06,Study-Hall,22.25,39.8,772.0
266,2025-03-10 09:44:20,S01,Lecture-101,22.56,43.8,1126.0
266,2025-03-10 09:44:20,S02,Lab-201,22.58,41.9,768.0
266,2025-03-10 09:44:20,S03,Lab-305,22.74,44.6,1063.0
266,2025-03-10 09:44:20,S04,Library-1F,21.67,39.9,718.0
266,2025-03-10 09:44:20,S05,Canteen,24.61,52.9,894.0
266,2025-03-10 09:44:20,S06,Study-Hall,22.05,40.5,781.0
267,2025-03-10 09:44:30,S01,Lecture-101,22.81,43.3,1122.0
267,2025-03-10 09:44:30,S02,Lab-201,22.42,42.8,770.0
267,2025-03-10 09:44:30,S03,Lab-305,22.95,44.1,1070.0
267,2025-03-10 09:44:30,S04,Library-1F,21.72,40.4,719.0
267,2025-03-10 09:44:30,S05,Canteen,24.66,52.0,894.0
267,2025-03-10 09:44:30,S06,Study-Hall,22.05,39.1,769.0
268,2025-03-10 09:44:40,S01,Lecture-101,22.71,43.5,1120.0
268,2025-03-10 09:44:40,S02,Lab-201,22.59,42.9,764.0
268,2025-03-10 09:44:40,S03,Lab-305,23.05,44.3,1081.0
268,2025-03-10 09:44:40,S04,Library-1F,21.86,39.9,718.0
268,2025-03-10 09:44:40,S05,Canteen,24.71,52.2,894.0
268,2025-03-10 09:44:40,S06,Study-Hall,22.28,40.1,790.0
269,2025-03-10 09:44:50,S01,Lecture-101,22.66,43.8,1119.0
269,2025-03-10 09:44:50,S02,Lab-201,22.71,42.8,752.0
269,2025-03-10 09:44:50,S03,Lab-305,22.77,44.0,1092.0
269,2025-03-10 09:44:50,S04,Library-1F,21.78,39.8,712.0
269,2025-03-10 09:44:50,S05,Canteen,24.56,52.5,896.0
269,2025-03-10 09:44:50,S06,Study-Hall,22.37,40.3,784.0
270,2025-03-10 09:45:00,S02,Lab-201,22.42,42.3,760.0
270,2025-03-10 09:45:00,S03,Lab-305,22.93,44.5,1089.0
270,2025-03-10 09:45:00,S04,Library-1F,21.78,39.3,716.0
270,2025-03-10 09:45:00,S05,Canteen,24.6,52.3,909.0
270,2025-03-10 09:45:00,S06,Study-Hall,22.08,40.1,775.0
271,2025-03-10 09:45:10,S01,Lecture-101,22.79,43.5,1122.0
271,2025-03-10 09:45:10,S02,Lab-201,22.64,42.3,763.0
271,2025-03-10 09:45:10,S03,Lab-305,23.06,43.5,1100.0
271,2025-03-10 09:45:10,S04,Library-1F,21.62,40.5,714.0
271,2025-03-10 09:45:10,S05,Canteen,24.63,,896.0
271,2025-03-10 09:45:10,S06,Study-Hall,22.27,39.5,777.0
272,2025-03-10 09:45:20,S01,Lecture-101,22.64,44.1,1123.0
272,2025-03-10 09:45:20,S02,Lab-201,22.63,42.3,776.0
272,2025-03-10 09:45:20,S03,Lab-305,22.98,44.0,1095.0
272,2025-03-10 09:45:20,S04,Library-1F,21.77,39.6,720.0
272,2025-03-10 09:45:20,S05,Canteen,24.6,51.9,885.0
272,2025-03-10 09:45:20,S06,Study-Hall,22.28,40.5,786.0
273,2025-03-10 09:45:30,S01,Lecture-101,22.67,43.4,1118.0
273,2025-03-10 09:45:30,S02,Lab-201,22.49,42.5,781.0
273,2025-03-10 09:45:30,S03,Lab-305,23.07,43.4,1096.0
273,2025-03-10 09:45:30,S04,Library-1F,21.69,39.7,726.0
273,2025-03-10 09:45:30,S05,Canteen,24.71,52.2,886.0
273,2025-03-10 09:45:30,S06,Study-Hall,22.14,40.2,786.0
274,2025-03-10 09:45:00,S01,Lecture-101,22.66,43.2,1125.0
274,2025-03-10 09:45:40,S01,Lecture-101,22.72,43.7,1125.0
274,2025-03-10 09:45:40,S02,Lab-201,22.59,43.1,783.0
274,2025-03-10 09:45:40,S03,Lab-305,22.9,44.4,1098.0
274,2025-03-10 09:45:40,S04,Library-1F,21.89,39.5,707.0
274,2025-03-10 09:45:40,S05,Canteen,24.67,51.7,900.0
274,2025-03-10 09:45:40,S06,Study-Hall,22.21,39.3,791.0
275,2025-03-10 09:45:50,S01,Lecture-101,22.72,43.7,1125.0
275,2025-03-10 09:45:50,S02,Lab-201,22.6,43.3,783.0
275,2025-03-10 09:45:50,S03,Lab-305,22.98,44.5,1097.0
275,2025-03-10 09:45:50,S04,Library-1F,21.76,39.4,719.0
275,2025-03-10 09:45:50,S05,Canteen,24.71,52.5,905.0
275,2025-03-10 09:45:50,S06,Study-Hall,22.21,40.6,794.0
276,2025-03-10 09:46:00,S01,Lecture-101,22.67,43.5,1114.0
276,2025-03-10 09:46:00,S02,Lab-201,22.72,42.2,782.0
276,2025-03-10 09:46:00,S03,Lab-305,22.84,43.9,1100.0
276,2025-03-10 09:46:00,S04,Library-1F,21.77,39.2,726.0
276,2025-03-10 09:46:00,S05,Canteen,24.59,52.3,905.0
276,2025-03-10 09:46:00,S06,Study-Hall,22.17,39.7,798.0
277,2025-03-10 09:46:10,S01,Lecture-101,22.72,44.1,1126.0
277,2025-03-10 09:46:10,S02,Lab-201,22.48,42.1,776.0
277,2025-03-10 09:46:10,S03,Lab-305,23.0,44.1,1102.0
277,2025-03-10 09:46:10,S04,Library-1F,21.78,40.1,726.0
277,2025-03-10 09:46:10,S05,Canteen,24.63,52.2,894.0
277,2025-03-10 09:46:10,S06,Study-Hall,22.35,40.6,789.0
278,2025-03-10 09:46:20,S01,Lecture-101,22.87,43.5,1125.0
278,2025-03-10 09:46:20,S02,Lab-201,22.55,42.9,774.0
278,2025-03-10 09:46:20,S03,Lab-305,22.92,44.0,1103.0
278,2025-03-10 09:46:20,S04,Library-1F,21.8,38.8,724.0
278,2025-03-10 09:46:20,S05,Canteen,24.73,52.1,897.0
278,2025-03-10 09:46:20,S06,Study-Hall,22.31,39.8,792.0
279,2025-03-10 09:46:20,S01,Lecture-101,22.87,43.5,1125.0
279,2025-03-10 09:46:30,S01,Lecture-101,22.56,44.2,1126.0
279,2025-03-10 09:46:30,S02,Lab-201,22.53,42.2,773.0
279,2025-03-10 09:46:30,S03,Lab-305,23.02,44.5,1107.0
279,2025-03-10 09:46:30,S04,Library-1F,21.72,39.7,728.0
279,2025-03-10 09:46:30,S05,Canteen,24.64,53.2,908.0
279,2025-03-10 09:46:30,S06,Study-Hall,22.16,39.0,783.0
280,2025-03-10 09:46:40,S01,Lecture-101,22.61,43.2,1119.0
280,2025-03-10 09:46:40,S02,Lab-201,,43.0,771.0
280,2025-03-10 09:46:40,S03,Lab-305,22.83,43.5,1103.0
280,2025-03-10 09:46:40,S04,Library-1F,21.63,39.4,724.0
280,2025-03-10 09:46:40,S05,Canteen,24.77,52.4,895.0
280,2025-03-10 09:46:40,S06,Study-Hall,22.28,40.4,791.0
281,2025-03-10 09:46:50,S01,Lecture-101,22.76,43.9,1127.0
281,2025-03-10 09:46:50,S02,Lab-201,22.42,42.3,772.0
281,2025-03-10 09:46:50,S03,Lab-305,22.98,44.6,1113.0
281,2025-03-10 09:46:50,S04,Library-1F,21.7,39.2,719.0
281,2025-03-10 09:46:50,S05,Canteen,24.59,52.8,917.0
281,2025-03-10 09:46:50,S06,Study-Hall,22.27,40.5,792.0
282,2025-03-10 09:47:00,S01,Lecture-101,22.7,43.5,1129.0
282,2025-03-10 09:47:00,S02,Lab-201,22.46,43.1,783.0
282,2025-03-10 09:47:00,S03,Lab-305,22.83,44.5,1116.0
282,2025-03-10 09:47:00,S04,Library-1F,21.7,39.2,706.0
282,2025-03-10 09:47:00,S05,Canteen,24.62,52.6,905.0
282,2025-03-10 09:47:00,S06,Study-Hall,22.22,39.9,798.0
283,2025-03-10 09:47:10,S01,Lecture-101,22.68,44.0,1127.0
283,2025-03-10 09:47:10,S02,Lab-201,22.55,42.7,786.0
283,2025-03-10 09:47:10,S03,Lab-305,22.84,43.8,1114.0
283,2025-03-10 09:47:10,S04,Library-1F,21.65,40.1,730.0
283,2025-03-10 09:47:10,S05,Canteen,24.69,52.9,906.0
283,2025-03-10 09:47:10,S06,Study-Hall,22.25,40.2,802.0
284,2025-03-10 09:47:20,S01,Lecture-101,22.71,44.1,1117.0
284,2025-03-10 09:47:20,S02,Lab-201,22.59,43.4,767.0
284,2025-03-10 09:47:20,S03,Lab-305,22.92,43.1,1115.0
284,2025-03-10 09:47:20,S04,Library-1F,21.85,64.72,728.0
284,2025-03-10 09:47:20,S05,Canteen,24.74,52.3,892.0
284,2025-03-10 09:47:20,S06,Study-Hall,22.25,39.6,804.0
285,2025-03-10 09:47:20,S06,Study-Hall,22.25,39.6,804.0
285,2025-03-10 09:47:30,S01,Lecture-101,22.66,43.5,1124.0
285,2025-03-10 09:47:30,S02,Lab-201,22.56,42.2,777.0
285,2025-03-10 09:47:30,S03,Lab-305,22.95,44.2,1135.0
285,2025-03-10 09:47:30,S04,Library-1F,21.79,39.5,707.0
285,2025-03-10 09:47:30,S05,Canteen,24.71,52.7,898.0
285,2025-03-10 09:47:30,S06,Study-Hall,22.23,255.0,798.0
286,2025-03-10 09:47:40,S01,Lecture-101,22.65,43.2,1129.0
286,2025-03-10 09:47:40,S02,Lab-201,22.58,42.5,773.0
286,2025-03-10 09:47:40,S03,Lab-305,22.84,43.4,1136.0
286,2025-03-10 09:47:40,S04,Library-1F,21.67,39.5,707.0
286,2025-03-10 09:47:40,S05,Canteen,24.72,52.2,890.0
286,2025-03-10 09:47:40,S06,Study-Hall,22.26,40.1,803.0
287,2025-03-10 09:47:50,S01,Lecture-101,22.78,43.6,1137.0
287,2025-03-10 09:47:50,S02,Lab-201,22.58,42.0,789.0
287,2025-03-10 09:47:50,S03,Lab-305,22.91,43.5,1136.0
287,2025-03-10 09:47:50,S04,Library-1F,21.78,39.5,723.0
287,2025-03-10 09:47:50,S05,Canteen,24.6,53.0,893.0
287,2025-03-10 09:47:50,S06,Study-Hall,22.22,40.1,809.0
288,2025-03-10 09:47:50,S01,Lecture-101,22.78,43.6,1137.0
288,2025-03-10 09:48:00,S01,Lecture-101,22.73,43.5,1128.0
288,2025-03-10 09:48:00,S02,Lab-201,22.63,43.1,65535.0
288,2025-03-10 09:48:00,S03,Lab-305,22.99,44.9,1137.0
288,2025-03-10 09:48:00,S04,Library-1F,21.76,39.0,727.0
288,2025-03-10 09:48:00,S05,Canteen,,52.3,889.0
288,2025-03-10 09:48:00,S06,Study-Hall,22.18,39.9,810.0
289,2025-03-10 09:48:10,S01,Lecture-101,22.64,43.8,1144.0
289,2025-03-10 09:48:10,S02,Lab-201,22.6,42.0,771.0
289,2025-03-10 09:48:10,S03,Lab-305,22.86,43.6,1147.0
289,2025-03-10 09:48:10,S04,Library-1F,21.7,39.8,715.0
289,2025-03-10 09:48:10,S05,Canteen,24.64,52.6,886.0
289,2025-03-10 09:48:10,S06,Study-Hall,22.16,39.5,807.0
290,2025-03-10 09:48:20,S01,Lecture-101,22.67,44.0,1143.0
290,2025-03-10 09:48:20,S02,Lab-201,22.45,42.5,780.0
290,2025-03-10 09:48:20,S03,Lab-305,22.97,44.5,1155.0
290,2025-03-10 09:48:20,S04,Library-1F,21.79,39.3,730.0
290,2025-03-10 09:48:20,S05,Canteen,24.64,52.7,889.0
291,2025-03-10 09:48:30,S01,Lecture-101,22.58,44.0,1129.0
291,2025-03-10 09:48:30,S02,Lab-201,-127.0,42.0,768.0
291,2025-03-10 09:48:30,S03,Lab-305,22.96,44.1,1146.0
291,2025-03-10 09:48:30,S04,Library-1F,21.67,39.2,719.0
291,2025-03-10 09:48:30,S05,Canteen,24.85,52.0,900.0
291,2025-03-10 09:48:30,S06,Study-Hall,22.23,40.0,802.0
292,2025-03-10 09:48:40,S01,Lecture-101,22.59,43.6,1139.0
292,2025-03-10 09:48:40,S02,Lab-201,22.6,43.1,771.0
292,2025-03-10 09:48:40,S03,Lab-305,23.05,43.9,1167.0
292,2025-03-10 09:48:40,S04,Library-1F,21.78,40.0,717.0
292,2025-03-10 09:48:40,S05,Canteen,24.76,53.0,901.0
292,2025-03-10 09:48:40,S06,Study-Hall,22.23,41.0,807.0
293,2025-03-10 09:48:50,S01,Lecture-101,22.85,43.9,1137.0
293,2025-03-10 09:48:50,S02,Lab-201,22.61,42.7,774.0
293,2025-03-10 09:48:50,S03,Lab-305,23.07,44.2,1163.0
293,2025-03-10 09:48:50,S04,Library-1F,21.65,40.1,718.0
293,2025-03-10 09:48:50,S05,Canteen,24.68,52.2,905.0
294,2025-03-10 09:48:20,S06,Study-Hall,22.25,40.4,810.0
294,2025-03-10 09:49:00,S01,Lecture-101,22.72,43.7,1124.0
294,2025-03-10 09:49:00,S02,Lab-201,22.52,43.1,766.0
294,2025-03-10 09:49:00,S03,Lab-305,23.01,44.6,1164.0
294,2025-03-10 09:49:00,S04,Library-1F,21.65,39.0,720.0
294,2025-03-10 09:49:00,S05,Canteen,24.78,52.7,890.0
294,2025-03-10 09:49:00,S06,Study-Hall,22.3,40.9,819.0
295,2025-03-10 09:49:10,S01,Lecture-101,22.57,44.3,1124.0
295,2025-03-10 09:49:10,S02,Lab-201,22.54,43.5,783.0
295,2025-03-10 09:49:10,S03,Lab-305,22.83,43.1,1164.0
295,2025-03-10 09:49:10,S04,Library-1F,21.78,40.2,725.0
295,2025-03-10 09:49:10,S05,Canteen,24.64,53.0,883.0
295,2025-03-10 09:49:10,S06,Study-Hall,22.19,40.5,806.0
296,2025-03-10 09:49:20,S01,Lecture-101,22.68,43.0,1128.0
296,2025-03-10 09:49:20,S02,Lab-201,22.46,42.1,
296,2025-03-10 09:49:20,S03,Lab-305,22.96,43.9,1170.0
296,2025-03-10 09:49:20,S04,Library-1F,21.8,40.0,721.0
296,2025-03-10 09:49:20,S05,Canteen,24.85,53.6,885.0
296,2025-03-10 09:49:20,S06,Study-Hall,22.27,40.4,815.0
297,2025-03-10 09:48:50,S06,Study-Hall,22.19,40.3,805.0
297,2025-03-10 09:49:20,S02,Lab-201,22.46,42.1,
297,2025-03-10 09:49:30,S01,Lecture-101,22.8,44.2,1135.0
297,2025-03-10 09:49:30,S02,Lab-201,22.55,42.1,777.0
297,2025-03-10 09:49:30,S03,Lab-305,22.77,45.2,1176.0
297,2025-03-10 09:49:30,S04,Library-1F,21.84,39.0,722.0
297,2025-03-10 09:49:30,S05,Canteen,24.65,52.8,894.0
297,2025-03-10 09:49:30,S06,Study-Hall,22.39,40.2,817.0
298,2025-03-10 09:49:40,S01,Lecture-101,22.51,44.0,1133.0
298,2025-03-10 09:49:40,S02,Lab-201,22.53,42.3,770.0
298,2025-03-10 09:49:40,S03,Lab-305,22.89,44.0,1175.0
298,2025-03-10 09:49:40,S04,Library-1F,21.84,40.1,719.0
298,2025-03-10 09:49:40,S05,Canteen,24.85,52.6,889.0
298,2025-03-10 09:49:40,S06,Study-Hall,22.27,39.4,813.0
299,2025-03-10 09:49:50,S01,Lecture-101,22.71,43.3,1127.0
299,2025-03-10 09:49:50,S02,Lab-201,22.51,42.6,779.0
299,2025-03-10 09:49:50,S03,Lab-305,22.83,43.4,1188.0
299,2025-03-10 09:49:50,S04,Library-1F,21.86,39.9,719.0
299,2025-03-10 09:49:50,S05,Canteen,24.74,52.3,893.0
299,2025-03-10 09:49:50,S06,Study-Hall,22.31,40.3,818.0
300,2025-03-10 09:50:00,S01,Lecture-101,22.57,44.2,1125.0
300,2025-03-10 09:50:00,S02,Lab-201,22.54,42.8,791.0
300,2025-03-10 09:50:00,S03,Lab-305,22.81,44.3,1178.0
300,2025-03-10 09:50:00,S04,Library-1F,21.66,39.5,724.0
300,2025-03-10 09:50:00,S05,Canteen,24.65,52.4,864.0
300,2025-03-10 09:50:00,S06,Study-Hall,22.26,40.5,810.0
301,2025-03-10 09:50:10,S01,Lecture-101,22.65,43.0,1122.0
301,2025-03-10 09:50:10,S02,Lab-201,22.5,42.9,785.0
301,2025-03-10 09:50:10,S03,Lab-305,22.94,43.3,1182.0
301,2025-03-10 09:50:10,S04,Library-1F,21.67,39.6,732.0
301,2025-03-10 09:50:10,S05,Canteen,24.71,52.9,845.0
301,2025-03-10 09:50:10,S06,Study-Hall,22.38,40.5,798.0
302,2025-03-10 09:50:20,S01,Lecture-101,22.68,43.5,1119.0
302,2025-03-10 09:50:20,S02,Lab-201,22.6,42.5,785.0
302,2025-03-10 09:50:20,S03,Lab-305,22.97,44.0,1177.0
302,2025-03-10 09:50:20,S04,Library-1F,21.64,39.0,727.0
302,2025-03-10 09:50:20,S05,Canteen,24.61,52.1,848.0
302,2025-03-10 09:50:20,S06,Study-Hall,22.31,40.5,815.0
303,2025-03-10 09:50:30,S01,Lecture-101,22.8,43.7,1131.0
303,2025-03-10 09:50:30,S02,Lab-201,22.55,42.0,778.0
303,2025-03-10 09:50:30,S03,Lab-305,23.04,43.7,1197.0
303,2025-03-10 09:50:30,S04,Library-1F,21.72,39.0,729.0
303,2025-03-10 09:50:30,S06,Study-Hall,22.26,40.1,832.0
304,2025-03-10 09:50:40,S01,Lecture-101,22.72,44.2,1135.0
304,2025-03-10 09:50:40,S02,Lab-201,22.51,42.1,773.0
304,2025-03-10 09:50:40,S03,Lab-305,23.12,44.7,1193.0
304,2025-03-10 09:50:40,S04,Library-1F,21.85,39.5,722.0
304,2025-03-10 09:50:40,S05,Canteen,24.58,52.8,800.0
304,2025-03-10 09:50:40,S06,Study-Hall,22.26,40.0,808.0
305,2025-03-10 09:50:50,S01,Lecture-101,22.61,43.6,1134.0
305,2025-03-10 09:50:50,S02,Lab-201,22.5,42.9,779.0
305,2025-03-10 09:50:50,S03,Lab-305,23.05,44.3,1201.0
305,2025-03-10 09:50:50,S04,Library-1F,21.72,39.6,721.0
305,2025-03-10 09:50:50,S05,Canteen,24.52,52.0,809.0
305,2025-03-10 09:50:50,S06,Study-Hall,22.31,40.0,820.0
306,2025-03-10 09:51:00,S01,Lecture-101,22.77,43.4,1120.0
306,2025-03-10 09:51:00,S02,Lab-201,22.63,42.3,774.0
306,2025-03-10 09:51:00,S03,Lab-305,22.94,44.5,1203.0
306,2025-03-10 09:51:00,S04,Library-1F,21.87,39.4,727.0
306,2025-03-10 09:51:00,S05,Canteen,,52.7,795.0
306,2025-03-10 09:51:00,S06,Study-Hall,22.11,40.5,828.0
307,2025-03-10 09:50:30,S05,Canteen,24.6,51.9,828.0
307,2025-03-10 09:51:10,S01,Lecture-101,22.75,44.2,1127.0
307,2025-03-10 09:51:10,S02,Lab-201,22.52,42.3,776.0
307,2025-03-10 09:51:10,S04,Library-1F,21.77,39.7,720.0
307,2025-03-10 09:51:10,S05,Canteen,24.67,52.1,779.0
307,2025-03-10 09:51:10,S06,Study-Hall,22.33,40.5,824.0
308,2025-03-10 09:51:20,S01,Lecture-101,22.69,43.9,1131.0
308,2025-03-10 09:51:20,S02,Lab-201,22.45,42.3,790.0
308,2025-03-10 09:51:20,S03,Lab-305,22.99,44.7,1208.0
308,2025-03-10 09:51:20,S04,Library-1F,21.83,40.0,739.0
308,2025-03-10 09:51:20,S05,Canteen,24.43,52.0,767.0
308,2025-03-10 09:51:20,S06,Study-Hall,22.25,40.9,824.0
309,2025-03-10 09:51:10,S03,Lab-305,23.0,43.9,1200.0
309,2025-03-10 09:51:30,S01,Lecture-101,22.68,44.4,1126.0
309,2025-03-10 09:51:30,S02,Lab-201,22.56,42.7,780.0
309,2025-03-10 09:51:30,S03,Lab-305,23.1,44.4,1207.0
309,2025-03-10 09:51:30,S04,Library-1F,21.81,39.3,721.0
309,2025-03-10 09:51:30,S05,Canteen,24.33,51.6,755.0
309,2025-03-10 09:51:30,S06,Study-Hall,22.44,40.6,822.0
310,2025-03-10 09:51:40,S01,Lecture-101,22.76,43.4,1134.0
310,2025-03-10 09:51:40,S02,Lab-201,22.54,42.5,781.0
310,2025-03-10 09:51:40,S03,Lab-305,22.89,44.5,1216.0
310,2025-03-10 09:51:40,S04,Library-1F,21.67,40.0,720.0
310,2025-03-10 09:51:40,S05,Canteen,24.42,51.4,739.0
310,2025-03-10 09:51:40,S06,Study-Hall,22.35,40.0,820.0
311,2025-03-10 09:51:50,S01,Lecture-101,22.72,43.6,1121.0
311,2025-03-10 09:51:50,S02,Lab-201,22.66,42.8,777.0
311,2025-03-10 09:51:50,S03,Lab-305,22.83,44.1,1207.0
311,2025-03-10 09:51:50,S04,Library-1F,21.71,39.5,719.0
311,2025-03-10 09:51:50,S05,Canteen,24.45,51.6,716.0
311,2025-03-10 09:51:50,S06,Study-Hall,22.32,40.9,818.0
312,2025-03-10 09:52:00,S01,Lecture-101,22.59,44.4,1137.0
312,2025-03-10 09:52:00,S02,Lab-201,22.51,42.4,758.0
312,2025-03-10 09:52:00,S03,Lab-305,22.97,44.3,1222.0
312,2025-03-10 09:52:00,S04,Library-1F,21.76,39.1,733.0
312,2025-03-10 09:52:00,S05,Canteen,24.21,51.7,713.0
312,2025-03-10 09:52:00,S06,Study-Hall,22.34,40.6,830.0
313,2025-03-10 09:52:10,S01,Lecture-101,22.73,44.0,1140.0
313,2025-03-10 09:52:10,S02,Lab-201,22.66,42.8,770.0
313,2025-03-10 09:52:10,S03,Lab-305,22.98,43.8,1225.0
313,2025-03-10 09:52:10,S04,Library-1F,21.86,39.6,720.0
313,2025-03-10 09:52:10,S05,Canteen,24.32,51.6,705.0
313,2025-03-10 09:52:10,S06,Study-Hall,22.27,40.0,838.0
314,2025-03-10 09:52:20,S01,Lecture-101,22.53,44.0,1122.0
314,2025-03-10 09:52:20,S02,Lab-201,22.54,42.7,776.0
314,2025-03-10 09:52:20,S03,Lab-305,22.96,44.3,1220.0
314,2025-03-10 09:52:20,S04,Library-1F,21.8,39.8,722.0
314,2025-03-10 09:52:20,S05,Canteen,24.42,52.2,689.0
314,2025-03-10 09:52:20,S06,Study-Hall,22.37,40.2,827.0
315,2025-03-10 09:52:30,S01,Lecture-101,,43.7,1137.0
315,2025-03-10 09:52:30,S02,Lab-201,22.59,42.5,782.0
315,2025-03-10 09:52:30,S03,Lab-305,22.88,44.9,1233.0
315,2025-03-10 09:52:30,S04,Library-1F,21.87,39.9,724.0
315,2025-03-10 09:52:30,S05,Canteen,24.32,51.3,692.0
315,2025-03-10 09:52:30,S06,Study-Hall,22.26,40.9,823.0
316,2025-03-10 09:52:40,S01,Lecture-101,22.68,44.2,1138.0
316,2025-03-10 09:52:40,S02,Lab-201,22.63,42.7,781.0
316,2025-03-10 09:52:40,S03,Lab-305,23.02,44.3,1229.0
316,2025-03-10 09:52:40,S04,Library-1F,21.63,39.0,714.0
316,2025-03-10 09:52:40,S05,Canteen,24.29,51.2,684.0
317,2025-03-10 09:52:50,S01,Lecture-101,22.72,43.8,1144.0
317,2025-03-10 09:52:50,S02,Lab-201,22.48,42.8,779.0
317,2025-03-10 09:52:50,S03,Lab-305,22.84,44.6,1228.0
317,2025-03-10 09:52:50,S04,Library-1F,21.85,39.4,721.0
317,2025-03-10 09:52:50,S05,Canteen,24.31,52.1,672.0
317,2025-03-10 09:52:50,S06,Study-Hall,22.47,41.0,828.0
318,2025-03-10 09:52:50,S05,Canteen,24.31,52.1,672.0
318,2025-03-10 09:53:00,S01,Lecture-101,22.58,43.5,1140.0
318,2025-03-10 09:53:00,S02,Lab-201,22.52,42.3,786.0
318,2025-03-10 09:53:00,S03,Lab-305,22.97,44.8,1239.0
318,2025-03-10 09:53:00,S04,Library-1F,21.55,40.2,726.0
318,2025-03-10 09:53:00,S05,Canteen,24.18,50.3,663.0
318,2025-03-10 09:53:00,S06,Study-Hall,22.3,40.2,839.0
319,2025-03-10 09:52:40,S06,Study-Hall,26.84,41.1,830.0
319,2025-03-10 09:53:10,S01,Lecture-101,22.62,43.8,1129.0
319,2025-03-10 09:53:10,S02,Lab-201,22.54,43.6,780.0
319,2025-03-10 09:53:10,S03,Lab-305,23.08,44.0,1226.0
319,2025-03-10 09:53:10,S04,Library-1F,21.71,39.8,726.0
319,2025-03-10 09:53:10,S05,Canteen,24.16,50.7,659.0
320,2025-03-10 09:53:20,S01,Lecture-101,22.78,44.1,1138.0
320,2025-03-10 09:53:20,S02,Lab-201,22.53,42.3,793.0
320,2025-03-10 09:53:20,S03,Lab-305,22.84,44.3,1238.0
320,2025-03-10 09:53:20,S04,Library-1F,21.77,39.6,723.0
320,2025-03-10 09:53:20,S05,Canteen,24.2,51.2,642.0
320,2025-03-10 09:53:20,S06,Study-Hall,22.37,41.0,824.0
321,2025-03-10 09:53:10,S06,Study-Hall,22.26,40.3,838.0
321,2025-03-10 09:53:30,S01,Lecture-101,22.87,43.6,1138.0
321,2025-03-10 09:53:30,S02,Lab-201,22.5,43.1,787.0
321,2025-03-10 09:53:30,S03,Lab-305,22.99,44.4,1246.0
321,2025-03-10 09:53:30,S04,Library-1F,21.76,39.9,721.0
321,2025-03-10 09:53:30,S05,Canteen,24.24,50.9,638.0
321,2025-03-10 09:53:30,S06,Study-Hall,22.36,41.3,844.0
322,2025-03-10 09:53:40,S01,Lecture-101,22.62,43.9,1141.0
322,2025-03-10 09:53:40,S02,Lab-201,22.53,42.6,784.0
322,2025-03-10 09:53:40,S03,Lab-305,22.92,43.7,1258.0
322,2025-03-10 09:53:40,S04,Library-1F,21.88,40.0,724.0
322,2025-03-10 09:53:40,S05,Canteen,24.12,50.8,634.0
322,2025-03-10 09:53:40,S06,Study-Hall,22.31,40.6,838.0
323,2025-03-10 09:53:50,S01,Lecture-101,22.73,43.7,1130.0
323,2025-03-10 09:53:50,S02,Lab-201,22.65,42.5,785.0
323,2025-03-10 09:53:50,S03,Lab-305,23.08,44.4,1248.0
323,2025-03-10 09:53:50,S04,Library-1F,21.93,39.3,713.0
323,2025-03-10 09:53:50,S05,Canteen,24.04,50.0,616.0
323,2025-03-10 09:53:50,S06,Study-Hall,22.37,39.6,853.0
324,2025-03-10 09:54:00,S01,Lecture-101,22.73,43.7,1134.0
324,2025-03-10 09:54:00,S02,Lab-201,22.54,42.3,782.0
324,2025-03-10 09:54:00,S03,Lab-305,22.99,44.3,1255.0
324,2025-03-10 09:54:00,S04,Library-1F,21.81,39.5,731.0
324,2025-03-10 09:54:00,S05,Canteen,24.18,50.9,613.0
324,2025-03-10 09:54:00,S06,Study-Hall,22.42,41.0,828.0
325,2025-03-10 09:54:10,S01,Lecture-101,22.75,43.7,1133.0
325,2025-03-10 09:54:10,S02,Lab-201,22.58,42.1,786.0
325,2025-03-10 09:54:10,S03,Lab-305,23.09,45.3,1263.0
325,2025-03-10 09:54:10,S04,Library-1F,21.78,38.7,715.0
325,2025-03-10 09:54:10,S05,Canteen,24.11,51.1,605.0
325,2025-03-10 09:54:10,S06,Study-Hall,22.34,40.9,841.0
326,2025-03-10 09:54:20,S01,Lecture-101,22.56,43.9,1136.0
326,2025-03-10 09:54:20,S02,Lab-201,22.55,42.4,795.0
326,2025-03-10 09:54:20,S03,Lab-305,23.0,43.9,1272.0
326,2025-03-10 09:54:20,S04,Library-1F,21.72,39.4,720.0
326,2025-03-10 09:54:20,S05,Canteen,24.09,50.6,598.0
326,2025-03-10 09:54:20,S06,Study-Hall,22.29,41.1,829.0
327,2025-03-10 09:54:30,S01,Lecture-101,22.69,44.5,1129.0
327,2025-03-10 09:54:30,S02,Lab-201,22.38,43.3,777.0
327,2025-03-10 09:54:30,S03,Lab-305,22.94,44.1,1262.0
327,2025-03-10 09:54:30,S04,Library-1F,21.77,39.6,722.0
327,2025-03-10 09:54:30,S05,Canteen,24.11,49.9,597.0
327,2025-03-10 09:54:30,S06,Study-Hall,22.29,40.2,839.0
328,2025-03-10 09:54:40,S01,Lecture-101,22.68,43.9,1133.0
328,2025-03-10 09:54:40,S02,Lab-201,22.5,42.7,786.0
328,2025-03-10 09:54:40,S04,Library-1F,21.79,39.7,723.0
328,2025-03-10 09:54:40,S05,Canteen,24.21,51.4,577.0
328,2025-03-10 09:54:40,S06,Study-Hall,22.51,41.0,835.0
329,2025-03-10 09:54:50,S01,Lecture-101,22.68,43.3,1138.0
329,2025-03-10 09:54:50,S02,Lab-201,22.58,42.7,789.0
329,2025-03-10 09:54:50,S03,Lab-305,22.77,44.1,1277.0
329,2025-03-10 09:54:50,S04,Library-1F,21.78,40.1,721.0
329,2025-03-10 09:54:50,S05,Canteen,,51.0,576.0
329,2025-03-10 09:54:50,S06,Study-Hall,22.31,40.3,840.0
330,2025-03-10 09:54:50,S02,Lab-201,22.58,42.7,789.0
330,2025-03-10 09:55:00,S01,Lecture-101,22.89,43.3,1137.0
330,2025-03-10 09:55:00,S02,Lab-201,22.52,43.1,785.0
330,2025-03-10 09:55:00,S03,Lab-305,22.98,44.1,1265.0
330,2025-03-10 09:55:00,S04,Library-1F,21.75,40.0,720.0
330,2025-03-10 09:55:00,S05,Canteen,24.07,51.0,586.0
330,2025-03-10 09:55:00,S06,Study-Hall,22.18,40.7,852.0
331,2025-03-10 09:55:10,S01,Lecture-101,23.12,43.8,1137.0
331,2025-03-10 09:55:10,S02,Lab-201,22.49,42.6,775.0
331,2025-03-10 09:55:10,S03,Lab-305,23.11,43.7,1267.0
331,2025-03-10 09:55:10,S04,Library-1F,21.88,40.0,723.0
331,2025-03-10 09:55:10,S05,Canteen,24.13,50.0,568.0
331,2025-03-10 09:55:10,S06,Study-Hall,22.35,40.9,829.0
332,2025-03-10 09:54:40,S03,Lab-305,22.95,44.0,1265.0
332,2025-03-10 09:55:20,S01,Lecture-101,23.45,43.7,1143.0
332,2025-03-10 09:55:20,S02,Lab-201,22.55,42.5,779.0
332,2025-03-10 09:55:20,S03,Lab-305,22.91,44.4,1278.0
332,2025-03-10 09:55:20,S04,Library-1F,21.73,39.5,707.0
332,2025-03-10 09:55:20,S05,Canteen,23.9,50.1,571.0
332,2025-03-10 09:55:20,S06,Study-Hall,22.27,40.5,831.0
333,2025-03-10 09:55:30,S01,Lecture-101,23.6,43.9,1139.0
333,2025-03-10 09:55:30,S02,Lab-201,22.48,42.9,783.0
333,2025-03-10 09:55:30,S03,Lab-305,22.78,43.9,1287.0
333,2025-03-10 09:55:30,S04,Library-1F,21.84,39.7,712.0
333,2025-03-10 09:55:30,S05,Canteen,24.09,50.2,564.0
333,2025-03-10 09:55:30,S06,Study-Hall,22.34,40.5,848.0
334,2025-03-10 09:55:40,S01,Lecture-101,23.92,44.3,1142.0
334,2025-03-10 09:55:40,S02,Lab-201,22.54,42.3,782.0
334,2025-03-10 09:55:40,S03,Lab-305,22.96,44.3,1292.0
334,2025-03-10 09:55:40,S04,Library-1F,21.76,39.7,711.0
334,2025-03-10 09:55:40,S05,Canteen,23.98,50.9,555.0
334,2025-03-10 09:55:40,S06,Study-Hall,22.39,41.0,834.0
335,2025-03-10 09:55:50,S02,Lab-201,22.36,42.0,789.0
335,2025-03-10 09:55:50,S03,Lab-305,22.99,44.3,1294.0
335,2025-03-10 09:55:50,S04,Library-1F,21.68,39.3,708.0
335,2025-03-10 09:55:50,S05,Canteen,23.92,49.9,550.0
335,2025-03-10 09:55:50,S06,Study-Hall,22.4,41.0,853.0
336,2025-03-10 09:56:00,S01,Lecture-101,24.43,44.6,1147.0
336,2025-03-10 09:56:00,S02,Lab-201,22.56,42.6,780.0
336,2025-03-10 09:56:00,S03,Lab-305,22.93,44.0,1295.0
336,2025-03-10 09:56:00,S04,Library-1F,21.77,40.0,718.0
336,2025-03-10 09:56:00,S05,Canteen,23.8,49.9,545.0
336,2025-03-10 09:56:00,S06,Study-Hall,22.33,40.9,842.0
337,2025-03-10 09:56:10,S01,Lecture-101,24.68,43.9,1134.0
337,2025-03-10 09:56:10,S02,Lab-201,22.43,42.5,774.0
337,2025-03-10 09:56:10,S03,Lab-305,23.01,44.4,1274.0
337,2025-03-10 09:56:10,S04,Library-1F,21.63,39.2,720.0
337,2025-03-10 09:56:10,S05,Canteen,23.96,50.7,544.0
337,2025-03-10 09:56:10,S06,Study-Hall,22.27,40.8,839.0
338,2025-03-10 09:55:50,S01,Lecture-101,24.23,44.5,1134.0
338,2025-03-10 09:56:20,S01,Lecture-101,24.81,43.8,1136.0
338,2025-03-10 09:56:20,S02,Lab-201,22.6,42.6,788.0
338,2025-03-10 09:56:20,S03,Lab-305,23.0,44.6,1310.0
338,2025-03-10 09:56:20,S04,Library-1F,21.61,40.3,728.0
338,2025-03-10 09:56:20,S05,Canteen,23.95,50.3,547.0
338,2025-03-10 09:56:20,S06,Study-Hall,22.26,40.7,838.0
339,2025-03-10 09:56:30,S01,Lecture-101,25.2,44.1,1130.0
339,2025-03-10 09:56:30,S02,Lab-201,22.56,43.3,787.0
339,2025-03-10 09:56:30,S03,Lab-305,23.02,43.8,1301.0
339,2025-03-10 09:56:30,S04,Library-1F,21.65,40.0,716.0
339,2025-03-10 09:56:30,S05,Canteen,23.87,51.0,533.0
339,2025-03-10 09:56:30,S06,Study-Hall,22.31,40.7,849.0
340,2025-03-10 09:56:40,S01,Lecture-101,25.35,43.7,1129.0
340,2025-03-10 09:56:40,S02,Lab-201,22.43,42.9,772.0
340,2025-03-10 09:56:40,S03,Lab-305,22.89,44.0,1300.0
340,2025-03-10 09:56:40,S04,Library-1F,21.74,39.5,716.0
340,2025-03-10 09:56:40,S05,Canteen,23.97,49.3,531.0
340,2025-03-10 09:56:40,S06,Study-Hall,22.36,40.4,850.0
341,2025-03-10 09:56:50,S01,Lecture-101,25.7,43.8,1136.0
341,2025-03-10 09:56:50,S02,Lab-201,22.57,42.0,776.0
341,2025-03-10 09:56:50,S03,Lab-305,22.86,44.5,1308.0
341,2025-03-10 09:56:50,S04,Library-1F,21.8,39.8,722.0
341,2025-03-10 09:56:50,S05,Canteen,23.89,49.8,528.0
341,2025-03-10 09:56:50,S06,Study-Hall,22.41,40.9,848.0
342,2025-03-10 09:57:00,S01,Lecture-101,25.9,43.9,1141.0
342,2025-03-10 09:57:00,S02,Lab-201,22.54,42.7,789.0
342,2025-03-10 09:57:00,S03,Lab-305,22.85,43.6,1314.0
342,2025-03-10 09:57:00,S04,Library-1F,21.74,39.0,712.0
342,2025-03-10 09:57:00,S05,Canteen,23.82,50.3,541.0
342,2025-03-10 09:57:00,S06,Study-Hall,22.33,40.6,843.0
343,2025-03-10 09:57:10,S01,Lecture-101,26.24,44.4,1137.0
343,2025-03-10 09:57:10,S02,Lab-201,22.55,41.9,787.0
343,2025-03-10 09:57:10,S03,Lab-305,22.99,44.2,1311.0
343,2025-03-10 09:57:10,S04,Library-1F,21.78,40.1,716.0
343,2025-03-10 09:57:10,S05,Canteen,23.82,50.5,529.0
343,2025-03-10 09:57:10,S06,Study-Hall,22.34,40.5,838.0
344,2025-03-10 09:57:20,S01,Lecture-101,26.43,44.1,1139.0
344,2025-03-10 09:57:20,S02,Lab-201,22.63,43.3,782.0
344,2025-03-10 09:57:20,S03,Lab-305,22.85,43.4,1316.0
344,2025-03-10 09:57:20,S04,Library-1F,21.73,39.9,720.0
344,2025-03-10 09:57:20,S05,Canteen,23.85,50.0,514.0
344,2025-03-10 09:57:20,S06,Study-Hall,22.41,40.5,831.0
345,2025-03-10 09:57:30,S01,Lecture-101,26.49,44.0,1134.0
345,2025-03-10 09:57:30,S02,Lab-201,22.51,43.2,783.0
345,2025-03-10 09:57:30,S03,Lab-305,22.87,43.3,1310.0
345,2025-03-10 09:57:30,S04,Library-1F,21.78,39.2,717.0
345,2025-03-10 09:57:30,S05,Canteen,23.71,50.2,524.0
345,2025-03-10 09:57:30,S06,Study-Hall,22.35,39.8,841.0
346,2025-03-10 09:57:40,S01,Lecture-101,27.02,43.9,1131.0
346,2025-03-10 09:57:40,S02,Lab-201,22.46,42.7,778.0
346,2025-03-10 09:57:40,S03,Lab-305,22.9,44.1,1318.0
346,2025-03-10 09:57:40,S04,Library-1F,21.71,39.2,711.0
346,2025-03-10 09:57:40,S05,Canteen,23.78,49.9,528.0
346,2025-03-10 09:57:40,S06,Study-Hall,22.16,41.0,838.0
347,2025-03-10 09:57:50,S01,Lecture-101,27.07,44.4,1133.0
347,2025-03-10 09:57:50,S02,Lab-201,22.59,42.9,792.0
347,2025-03-10 09:57:50,S03,Lab-305,23.08,44.7,1309.0
347,2025-03-10 09:57:50,S04,Library-1F,21.77,40.1,713.0
347,2025-03-10 09:57:50,S05,Canteen,23.85,49.3,507.0
347,2025-03-10 09:57:50,S06,Study-Hall,22.26,40.4,848.0
348,2025-03-10 09:57:50,S06,Study-Hall,22.26,40.4,848.0
348,2025-03-10 09:58:00,S01,Lecture-101,27.55,44.3,1133.0
348,2025-03-10 09:58:00,S02,Lab-201,22.6,42.7,785.0
348,2025-03-10 09:58:00,S03,Lab-305,22.94,44.5,1328.0
348,2025-03-10 09:58:00,S04,Library-1F,21.87,39.9,701.0
348,2025-03-10 09:58:00,S05,Canteen,23.67,49.7,501.0
348,2025-03-10 09:58:00,S06,Study-Hall,22.18,40.6,839.0
349,2025-03-10 09:58:10,S01,Lecture-101,27.86,43.8,1117.0
349,2025-03-10 09:58:10,S02,Lab-201,22.45,43.0,789.0
349,2025-03-10 09:58:10,S03,Lab-305,22.98,44.3,1316.0
349,2025-03-10 09:58:10,S04,Library-1F,21.77,39.4,710.0
349,2025-03-10 09:58:10,S05,Canteen,23.66,49.9,507.0
349,2025-03-10 09:58:10,S06,Study-Hall,22.41,40.7,830.0
350,2025-03-10 09:58:20,S01,Lecture-101,28.04,44.0,1127.0
350,2025-03-10 09:58:20,S02,Lab-201,22.52,43.2,789.0
350,2025-03-10 09:58:20,S03,Lab-305,22.76,44.2,1326.0
350,2025-03-10 09:58:20,S04,Library-1F,21.76,40.2,719.0
350,2025-03-10 09:58:20,S05,Canteen,23.76,49.7,505.0
350,2025-03-10 09:58:20,S06,Study-Hall,22.36,40.2,855.0
351,2025-03-10 09:58:30,S01,Lecture-101,28.13,43.2,1134.0
351,2025-03-10 09:58:30,S02,Lab-201,22.45,42.4,787.0
351,2025-03-10 09:58:30,S03,Lab-305,22.88,44.3,1338.0
351,2025-03-10 09:58:30,S04,Library-1F,21.75,39.5,699.0
351,2025-03-10 09:58:30,S05,Canteen,23.72,49.1,502.0
351,2025-03-10 09:58:30,S06,Study-Hall,22.45,40.6,842.0
352,2025-03-10 09:58:40,S01,Lecture-101,28.4,44.2,1132.0
352,2025-03-10 09:58:40,S02,Lab-201,22.54,42.4,772.0
352,2025-03-10 09:58:40,S03,Lab-305,23.12,43.3,1332.0
352,2025-03-10 09:58:40,S04,Library-1F,21.64,39.8,715.0
352,2025-03-10 09:58:40,S05,Canteen,23.79,49.9,506.0
353,2025-03-10 09:58:50,S01,Lecture-101,28.69,43.4,1147.0
353,2025-03-10 09:58:50,S02,Lab-201,22.56,42.5,772.0
353,2025-03-10 09:58:50,S03,Lab-305,22.92,44.4,1339.0
353,2025-03-10 09:58:50,S04,Library-1F,21.6,39.6,706.0
353,2025-03-10 09:58:50,S05,Canteen,23.56,48.8,518.0
353,2025-03-10 09:58:50,S06,Study-Hall,22.34,40.6,842.0
354,2025-03-10 09:58:40,S06,Study-Hall,22.48,40.4,840.0
354,2025-03-10 09:59:00,S01,Lecture-101,29.04,44.0,1126.0
354,2025-03-10 09:59:00,S02,Lab-201,22.57,42.7,769.0
354,2025-03-10 09:59:00,S03,Lab-305,22.99,44.3,1344.0
354,2025-03-10 09:59:00,S04,Library-1F,21.75,40.1,708.0
354,2025-03-10 09:59:00,S05,Canteen,23.73,48.5,492.0
354,2025-03-10 09:59:00,S06,Study-Hall,22.4,40.9,844.0
355,2025-03-10 09:59:10,S01,Lecture-101,29.21,43.7,1112.0
355,2025-03-10 09:59:10,S02,Lab-201,22.54,42.4,783.0
355,2025-03-10 09:59:10,S03,Lab-305,22.87,43.9,1339.0
355,2025-03-10 09:59:10,S04,Library-1F,21.62,40.1,720.0
355,2025-03-10 09:59:10,S05,Canteen,23.69,48.9,499.0
355,2025-03-10 09:59:10,S06,Study-Hall,22.4,40.5,838.0
356,2025-03-10 09:59:20,S01,Lecture-101,29.42,44.2,1129.0
356,2025-03-10 09:59:20,S02,Lab-201,22.61,42.7,783.0
356,2025-03-10 09:59:20,S03,Lab-305,23.16,44.7,1343.0
356,2025-03-10 09:59:20,S04,Library-1F,21.76,39.8,708.0
356,2025-03-10 09:59:20,S05,Canteen,23.62,48.9,483.0
356,2025-03-10 09:59:20,S06,Study-Hall,22.42,40.4,847.0
357,2025-03-10 09:59:30,S01,Lecture-101,29.64,44.0,1136.0
357,2025-03-10 09:59:30,S02,Lab-201,22.49,43.1,787.0
357,2025-03-10 09:59:30,S03,Lab-305,22.9,44.1,1335.0
357,2025-03-10 09:59:30,S04,Library-1F,21.91,39.5,728.0
357,2025-03-10 09:59:30,S05,Canteen,23.63,48.6,488.0
357,2025-03-10 09:59:30,S06,Study-Hall,22.43,40.6,847.0
358,2025-03-10 09:59:40,S01,Lecture-101,30.02,44.1,1117.0
358,2025-03-10 09:59:40,S02,Lab-201,22.66,42.5,789.0
358,2025-03-10 09:59:40,S03,Lab-305,22.96,44.2,1352.0
358,2025-03-10 09:59:40,S04,Library-1F,21.75,39.6,703.0
358,2025-03-10 09:59:40,S05,Canteen,23.58,49.1,493.0
358,2025-03-10 09:59:40,S06,Study-Hall,22.06,40.6,848.0
359,2025-03-10 09:59:50,S01,Lecture-101,30.2,43.5,1133.0
359,2025-03-10 09:59:50,S02,Lab-201,22.57,42.4,786.0
359,2025-03-10 09:59:50,S03,Lab-305,22.97,43.9,1340.0
359,2025-03-10 09:59:50,S04,Library-1F,21.76,39.2,707.0
359,2025-03-10 09:59:50,S06,Study-Hall,22.26,40.3,851.0
360,2025-03-10 10:00:00,S01,Lecture-101,29.62,43.0,1137.0
360,2025-03-10 10:00:00,S02,Lab-201,22.68,42.8,782.0
360,2025-03-10 10:00:00,S03,Lab-305,23.02,44.0,1343.0
360,2025-03-10 10:00:00,S04,Library-1F,21.74,39.3,717.0
360,2025-03-10 10:00:00,S05,Canteen,23.64,49.0,508.0
360,2025-03-10 10:00:00,S06,Study-Hall,22.3,41.0,835.0
361,2025-03-10 10:00:10,S01,Lecture-101,29.3,44.0,1137.0
361,2025-03-10 10:00:10,S02,Lab-201,22.5,42.6,769.0
361,2025-03-10 10:00:10,S03,Lab-305,22.87,44.5,1357.0
361,2025-03-10 10:00:10,S04,Library-1F,21.76,39.9,716.0
361,2025-03-10 10:00:10,S05,Canteen,23.76,49.0,503.0
361,2025-03-10 10:00:10,S06,Study-Hall,22.55,41.3,853.0
362,2025-03-10 09:59:50,S05,Canteen,23.61,48.8,495.0
362,2025-03-10 10:00:20,S01,Lecture-101,28.73,44.0,1130.0
362,2025-03-10 10:00:20,S02,Lab-201,22.64,42.9,761.0
362,2025-03-10 10:00:20,S03,Lab-305,23.06,44.2,1367.0
362,2025-03-10 10:00:20,S04,Library-1F,21.78,39.6,727.0
362,2025-03-10 10:00:20,S05,Canteen,23.8,49.7,532.0
362,2025-03-10 10:00:20,S06,Study-Hall,22.41,41.9,842.0
363,2025-03-10 10:00:30,S01,Lecture-101,28.21,43.3,1151.0
363,2025-03-10 10:00:30,S02,Lab-201,22.53,43.1,759.0
363,2025-03-10 10:00:30,S03,Lab-305,22.95,44.4,1359.0
363,2025-03-10 10:00:30,S04,Library-1F,21.84,39.6,709.0
363,2025-03-10 10:00:30,S05,Canteen,23.86,49.1,545.0
363,2025-03-10 10:00:30,S06,Study-Hall,22.39,41.4,845.0
364,2025-03-10 10:00:40,S01,Lecture-101,27.99,43.8,1140.0
364,2025-03-10 10:00:40,S02,Lab-201,22.42,42.8,742.0
364,2025-03-10 10:00:40,S03,Lab-305,23.0,43.8,1360.0
364,2025-03-10 10:00:40,S04,Library-1F,21.55,40.0,709.0
364,2025-03-10 10:00:40,S05,Canteen,23.85,49.8,569.0
364,2025-03-10 10:00:40,S06,Study-Hall,22.38,41.0,848.0
365,2025-03-10 10:00:50,S01,Lecture-101,27.57,43.5,1134.0
365,2025-03-10 10:00:50,S02,Lab-201,22.53,42.8,738.0
365,2025-03-10 10:00:50,S03,Lab-305,22.97,43.4,1366.0
365,2025-03-10 10:00:50,S04,Library-1F,21.83,39.1,723.0
365,2025-03-10 10:00:50,S05,Canteen,23.86,49.7,581.0
365,2025-03-10 10:00:50,S06,Study-Hall,22.33,40.6,848.0
366,2025-03-10 10:01:00,S01,Lecture-101,27.18,43.5,1132.0
366,2025-03-10 10:01:00,S02,Lab-201,22.53,41.8,740.0
366,2025-03-10 10:01:00,S03,Lab-305,23.06,44.5,1368.0
366,2025-03-10 10:01:00,S04,Library-1F,21.71,40.2,719.0
366,2025-03-10 10:01:00,S05,Canteen,23.71,49.6,587.0
366,2025-03-10 10:01:00,S06,Study-Hall,22.33,40.4,848.0
367,2025-03-10 10:01:10,S01,Lecture-101,27.0,43.6,1133.0
367,2025-03-10 10:01:10,S02,Lab-201,22.57,42.8,738.0
367,2025-03-10 10:01:10,S03,Lab-305,22.95,44.0,1362.0
367,2025-03-10 10:01:10,S04,Library-1F,21.67,39.9,722.0
367,2025-03-10 10:01:10,S05,Canteen,23.74,49.7,603.0
367,2025-03-10 10:01:10,S06,Study-Hall,22.37,40.5,862.0
368,2025-03-10 10:01:20,S01,Lecture-101,26.74,43.8,1127.0
368,2025-03-10 10:01:20,S02,Lab-201,22.51,42.9,737.0
368,2025-03-10 10:01:20,S03,Lab-305,22.96,44.2,1376.0
368,2025-03-10 10:01:20,S04,Library-1F,21.77,39.4,719.0
368,2025-03-10 10:01:20,S05,Canteen,23.82,49.9,629.0
368,2025-03-10 10:01:20,S06,Study-Hall,22.35,40.2,860.0
369,2025-03-10 10:01:30,S01,Lecture-101,26.31,43.7,1141.0
369,2025-03-10 10:01:30,S02,Lab-201,22.53,42.7,722.0
369,2025-03-10 10:01:30,S03,Lab-305,22.89,44.3,1379.0
369,2025-03-10 10:01:30,S04,Library-1F,21.69,39.5,723.0
369,2025-03-10 10:01:30,S05,Canteen,24.03,50.1,642.0
369,2025-03-10 10:01:30,S06,Study-Hall,22.29,41.1,859.0
370,2025-03-10 10:01:40,S01,Lecture-101,26.21,43.9,1139.0
370,2025-03-10 10:01:40,S02,Lab-201,22.48,43.2,721.0
370,2025-03-10 10:01:40,S03,Lab-305,22.87,44.0,1383.0
370,2025-03-10 10:01:40,S04,Library-1F,21.68,39.9,714.0
370,2025-03-10 10:01:40,S05,Canteen,23.88,49.7,645.0
370,2025-03-10 10:01:40,S06,Study-Hall,22.31,41.5,840.0
371,2025-03-10 10:01:50,S01,Lecture-101,25.66,43.7,1132.0
371,2025-03-10 10:01:50,S02,Lab-201,22.42,42.5,714.0
371,2025-03-10 10:01:50,S03,Lab-305,23.0,44.3,1389.0
371,2025-03-10 10:01:50,S04,Library-1F,21.74,39.9,709.0
371,2025-03-10 10:01:50,S05,Canteen,23.92,50.4,659.0
371,2025-03-10 10:01:50,S06,Study-Hall,22.34,40.7,861.0
372,2025-03-10 10:02:00,S01,Lecture-101,25.59,44.1,1126.0
372,2025-03-10 10:02:00,S02,Lab-201,22.37,42.9,705.0
372,2025-03-10 10:02:00,S03,Lab-305,23.03,44.2,1386.0
372,2025-03-10 10:02:00,S04,Library-1F,21.71,39.9,715.0
372,2025-03-10 10:02:00,S05,Canteen,23.84,49.8,665.0
372,2025-03-10 10:02:00,S06,Study-Hall,22.37,41.6,852.0
373,2025-03-10 10:02:10,S01,Lecture-101,25.37,44.5,1135.0
373,2025-03-10 10:02:10,S02,Lab-201,22.61,42.2,710.0
373,2025-03-10 10:02:10,S03,Lab-305,22.97,44.2,1391.0
373,2025-03-10 10:02:10,S04,Library-1F,21.73,39.9,702.0
373,2025-03-10 10:02:10,S05,Canteen,23.96,50.1,689.0
373,2025-03-10 10:02:10,S06,Study-Hall,22.4,41.8,863.0
374,2025-03-10 10:02:20,S01,Lecture-101,25.19,44.2,1129.0
374,2025-03-10 10:02:20,S02,Lab-201,22.54,42.2,706.0
374,2025-03-10 10:02:20,S03,Lab-305,23.04,43.5,1398.0
374,2025-03-10 10:02:20,S04,Library-1F,21.66,39.3,718.0
374,2025-03-10 10:02:20,S05,Canteen,23.86,50.3,694.0
374,2025-03-10 10:02:20,S06,Study-Hall,22.46,41.2,851.0
375,2025-03-10 10:02:30,S01,Lecture-101,25.04,44.0,1144.0
375,2025-03-10 10:02:30,S02,Lab-201,22.41,42.7,698.0
375,2025-03-10 10:02:30,S03,Lab-305,23.07,44.0,1391.0
375,2025-03-10 10:02:30,S04,Library-1F,21.77,39.8,709.0
375,2025-03-10 10:02:30,S05,Canteen,24.12,49.6,707.0
375,2025-03-10 10:02:30,S06,Study-Hall,22.22,41.2,858.0
376,2025-03-10 10:02:40,S01,Lecture-101,24.83,44.0,1147.0
376,2025-03-10 10:02:40,S02,Lab-201,22.46,43.4,688.0
376,2025-03-10 10:02:40,S03,Lab-305,,44.1,1404.0
376,2025-03-10 10:02:40,S04,Library-1F,21.71,40.1,704.0
376,2025-03-10 10:02:40,S05,Canteen,24.03,50.1,731.0
376,2025-03-10 10:02:40,S06,Study-Hall,22.47,40.3,860.0
377,2025-03-10 10:02:50,S01,Lecture-101,24.64,43.6,1136.0
377,2025-03-10 10:02:50,S02,Lab-201,22.26,42.7,687.0
377,2025-03-10 10:02:50,S03,Lab-305,22.94,45.2,1402.0
377,2025-03-10 10:02:50,S04,Library-1F,21.88,39.9,721.0
377,2025-03-10 10:02:50,S05,Canteen,24.13,50.1,728.0
377,2025-03-10 10:02:50,S06,Study-Hall,22.34,40.7,860.0
378,2025-03-10 10:03:00,S01,Lecture-101,24.64,44.3,1140.0
378,2025-03-10 10:03:00,S02,Lab-201,22.42,42.0,668.0
378,2025-03-10 10:03:00,S03,Lab-305,23.04,44.0,1399.0
378,2025-03-10 10:03:00,S04,Library-1F,21.73,39.8,707.0
378,2025-03-10 10:03:00,S05,Canteen,24.11,49.7,728.0
378,2025-03-10 10:03:00,S06,Study-Hall,22.46,40.9,861.0
379,2025-03-10 10:03:10,S01,Lecture-101,24.43,43.9,1134.0
379,2025-03-10 10:03:10,S02,Lab-201,22.42,42.0,665.0
379,2025-03-10 10:03:10,S03,Lab-305,23.09,44.6,1406.0
379,2025-03-10 10:03:10,S04,Library-1F,21.76,39.8,710.0
379,2025-03-10 10:03:10,S05,Canteen,23.96,49.8,737.0
379,2025-03-10 10:03:10,S06,Study-Hall,22.35,41.0,852.0
380,2025-03-10 10:03:20,S01,Lecture-101,24.19,43.6,1128.0
380,2025-03-10 10:03:20,S02,Lab-201,22.33,41.8,666.0
380,2025-03-10 10:03:20,S03,Lab-305,22.95,44.2,1403.0
380,2025-03-10 10:03:20,S04,Library-1F,21.92,40.0,719.0
380,2025-03-10 10:03:20,S05,Canteen,24.02,50.4,738.0
380,2025-03-10 10:03:20,S06,Study-Hall,22.39,41.6,861.0
381,2025-03-10 10:03:30,S01,Lecture-101,24.22,44.1,1127.0
381,2025-03-10 10:03:30,S02,Lab-201,22.46,42.4,662.0
381,2025-03-10 10:03:30,S03,Lab-305,22.83,44.2,1424.0
381,2025-03-10 10:03:30,S04,Library-1F,21.76,39.6,721.0
381,2025-03-10 10:03:30,S05,Canteen,24.14,51.0,767.0
381,2025-03-10 10:03:30,S06,Study-Hall,22.37,41.7,853.0
382,2025-03-10 10:03:40,S01,Lecture-101,24.1,43.6,1122.0
382,2025-03-10 10:03:40,S02,Lab-201,22.34,41.6,658.0
382,2025-03-10 10:03:40,S03,Lab-305,22.82,44.7,1425.0
382,2025-03-10 10:03:40,S04,Library-1F,21.95,40.1,714.0
382,2025-03-10 10:03:40,S05,Canteen,24.08,50.4,762.0
382,2025-03-10 10:03:40,S06,Study-Hall,22.4,40.9,865.0
383,2025-03-10 10:03:50,S01,Lecture-101,24.15,44.3,1125.0
383,2025-03-10 10:03:50,S02,Lab-201,22.36,43.0,660.0
383,2025-03-10 10:03:50,S03,Lab-305,22.8,44.2,1432.0
383,2025-03-10 10:03:50,S04,Library-1F,21.74,39.6,716.0
383,2025-03-10 10:03:50,S05,Canteen,23.95,51.2,770.0
383,2025-03-10 10:03:50,S06,Study-Hall,22.36,41.6,853.0
384,2025-03-10 10:04:00,S01,Lecture-101,23.99,43.5,1125.0
384,2025-03-10 10:04:00,S02,Lab-201,22.19,41.6,649.0
384,2025-03-10 10:04:00,S03,Lab-305,23.01,43.8,1425.0
384,2025-03-10 10:04:00,S04,Library-1F,21.77,39.7,708.0
384,2025-03-10 10:04:00,S05,Canteen,24.29,50.4,771.0
384,2025-03-10 10:04:00,S06,Study-Hall,22.42,41.0,853.0
385,2025-03-10 10:04:10,S01,Lecture-101,23.75,44.0,1117.0
385,2025-03-10 10:04:10,S02,Lab-201,22.45,41.9,655.0
385,2025-03-10 10:04:10,S03,Lab-305,22.96,44.8,1435.0
385,2025-03-10 10:04:10,S04,Library-1F,21.69,40.3,717.0
385,2025-03-10 10:04:10,S05,Canteen,24.1,50.3,779.0
385,2025-03-10 10:04:10,S06,Study-Hall,22.35,41.0,853.0
386,2025-03-10 10:04:20,S01,Lecture-101,23.7,43.7,1123.0
386,2025-03-10 10:04:20,S02,Lab-201,22.42,40.9,650.0
386,2025-03-10 10:04:20,S03,Lab-305,22.82,,1436.0
386,2025-03-10 10:04:20,S04,Library-1F,21.74,40.0,702.0
386,2025-03-10 10:04:20,S05,Canteen,24.23,51.0,792.0
386,2025-03-10 10:04:20,S06,Study-Hall,22.34,41.3,853.0
387,2025-03-10 10:04:30,S01,Lecture-101,23.62,43.8,1118.0
387,2025-03-10 10:04:30,S02,Lab-201,22.25,41.6,627.0
387,2025-03-10 10:04:30,S03,Lab-305,22.95,44.1,1435.0
387,2025-03-10 10:04:30,S04,Library-1F,21.7,40.1,712.0
387,2025-03-10 10:04:30,S05,Canteen,24.16,50.4,794.0
387,2025-03-10 10:04:30,S06,Study-Hall,22.41,41.7,855.0
388,2025-03-10 10:04:40,S01,Lecture-101,23.41,44.0,1132.0
388,2025-03-10 10:04:40,S02,Lab-201,22.36,42.4,632.0
388,2025-03-10 10:04:40,S03,Lab-305,23.05,44.5,1423.0
388,2025-03-10 10:04:40,S04,Library-1F,21.93,39.5,706.0
388,2025-03-10 10:04:40,S05,Canteen,24.13,50.8,795.0
388,2025-03-10 10:04:40,S06,Study-Hall,22.46,41.5,851.0
389,2025-03-10 10:04:50,S01,Lecture-101,23.42,43.9,1133.0
389,2025-03-10 10:04:50,S02,Lab-201,22.48,42.0,625.0
389,2025-03-10 10:04:50,S03,Lab-305,22.88,44.5,1438.0
389,2025-03-10 10:04:50,S04,Library-1F,21.74,39.4,711.0
389,2025-03-10 10:04:50,S05,Canteen,24.22,50.9,807.0
389,2025-03-10 10:04:50,S06,Study-Hall,22.37,40.8,849.0
390,2025-03-10 10:05:00,S01,Lecture-101,23.56,43.7,1132.0
390,2025-03-10 10:05:00,S02,Lab-201,22.37,41.7,625.0
390,2025-03-10 10:05:00,S03,Lab-305,22.93,44.2,1434.0
390,2025-03-10 10:05:00,S04,Library-1F,21.7,39.4,711.0
390,2025-03-10 10:05:00,S05,Canteen,24.39,50.9,817.0
390,2025-03-10 10:05:00,S06,Study-Hall,22.4,41.2,860.0
391,2025-03-10 10:05:10,S01,Lecture-101,23.29,44.1,1137.0
391,2025-03-10 10:05:10,S02,Lab-201,22.3,41.5,624.0
391,2025-03-10 10:05:10,S03,Lab-305,23.0,43.9,1447.0
391,2025-03-10 10:05:10,S04,Library-1F,21.66,39.5,703.0
391,2025-03-10 10:05:10,S05,Canteen,24.15,50.3,820.0
391,2025-03-10 10:05:10,S06,Study-Hall,22.47,41.9,853.0
392,2025-03-10 10:05:20,S01,Lecture-101,23.24,43.7,1143.0
392,2025-03-10 10:05:20,S02,Lab-201,22.17,41.6,630.0
392,2025-03-10 10:05:20,S03,Lab-305,22.92,43.9,1433.0
392,2025-03-10 10:05:20,S04,Library-1F,21.8,39.6,715.0
392,2025-03-10 10:05:20,S05,Canteen,24.2,51.3,829.0
392,2025-03-10 10:05:20,S06,Study-Hall,22.47,41.2,856.0
393,2025-03-10 10:05:30,S01,Lecture-101,23.34,44.0,1137.0
393,2025-03-10 10:05:30,S02,Lab-201,22.32,42.0,618.0
393,2025-03-10 10:05:30,S03,Lab-305,22.9,43.8,1454.0
393,2025-03-10 10:05:30,S04,Library-1F,21.77,39.4,716.0
393,2025-03-10 10:05:30,S05,Canteen,24.12,50.6,827.0
393,2025-03-10 10:05:30,S06,Study-Hall,22.41,41.2,854.0
394,2025-03-10 10:05:40,S01,Lecture-101,23.33,44.6,1144.0
394,2025-03-10 10:05:40,S02,Lab-201,22.21,41.8,614.0
394,2025-03-10 10:05:40,S03,Lab-305,22.88,44.8,1445.0
394,2025-03-10 10:05:40,S04,Library-1F,21.77,39.4,708.0
394,2025-03-10 10:05:40,S05,Canteen,24.34,51.1,844.0
394,2025-03-10 10:05:40,S06,Study-Hall,22.47,41.4,844.0
395,2025-03-10 10:05:50,S01,Lecture-101,23.23,44.2,1140.0
395,2025-03-10 10:05:50,S02,Lab-201,22.33,42.0,605.0
395,2025-03-10 10:05:50,S03,Lab-305,22.86,44.1,1457.0
395,2025-03-10 10:05:50,S04,Library-1F,21.7,40.3,717.0
395,2025-03-10 10:05:50,S05,Canteen,24.27,51.4,847.0
395,2025-03-10 10:05:50,S06,Study-Hall,22.48,40.9,841.0
396,2025-03-10 10:06:00,S01,Lecture-101,23.18,44.2,1124.0
396,2025-03-10 10:06:00,S02,Lab-201,22.42,41.9,609.0
396,2025-03-10 10:06:00,S03,Lab-305,23.01,44.6,1457.0
396,2025-03-10 10:06:00,S04,Library-1F,21.83,39.5,709.0
396,2025-03-10 10:06:00,S05,Canteen,24.2,49.9,850.0
396,2025-03-10 10:06:00,S06,Study-Hall,22.43,41.2,856.0
397,2025-03-10 10:06:10,S01,Lecture-101,23.04,43.8,1132.0
397,2025-03-10 10:06:10,S02,Lab-201,22.4,42.4,603.0
397,2025-03-10 10:06:10,S03,Lab-305,22.95,44.4,1448.0
397,2025-03-10 10:06:10,S04,Library-1F,21.68,39.7,706.0
397,2025-03-10 10:06:10,S05,Canteen,24.24,51.0,856.0
398,2025-03-10 10:06:20,S01,Lecture-101,23.08,43.6,1141.0
398,2025-03-10 10:06:20,S02,Lab-201,22.24,41.5,596.0
398,2025-03-10 10:06:20,S03,Lab-305,22.77,43.9,1463.0
398,2025-03-10 10:06:20,S04,Library-1F,21.81,40.5,710.0
398,2025-03-10 10:06:20,S05,Canteen,24.34,51.7,867.0
398,2025-03-10 10:06:20,S06,Study-Hall,22.35,41.0,862.0
399,2025-03-10 10:06:30,S01,Lecture-101,23.17,44.0,1133.0
399,2025-03-10 10:06:30,S02,Lab-201,22.3,41.6,581.0
399,2025-03-10 10:06:30,S03,Lab-305,22.87,44.3,1467.0
399,2025-03-10 10:06:30,S04,Library-1F,21.79,40.3,687.0
399,2025-03-10 10:06:30,S05,Canteen,24.48,51.5,859.0
399,2025-03-10 10:06:30,S06,Study-Hall,22.46,41.5,847.0
400,2025-03-10 10:06:10,S06,Study-Hall,22.33,40.6,847.0
400,2025-03-10 10:06:40,S01,Lecture-101,22.99,43.8,1140.0
400,2025-03-10 10:06:40,S02,Lab-201,22.4,41.5,595.0
400,2025-03-10 10:06:40,S03,Lab-305,23.09,44.0,1456.0
400,2025-03-10 10:06:40,S04,Library-1F,21.74,39.4,691.0
400,2025-03-10 10:06:40,S05,Canteen,24.3,51.5,865.0
400,2025-03-10 10:06:40,S06,Study-Hall,22.4,41.7,860.0
401,2025-03-10 10:06:50,S01,Lecture-101,23.08,44.0,1136.0
401,2025-03-10 10:06:50,S02,Lab-201,22.21,42.1,592.0
401,2025-03-10 10:06:50,S03,Lab-305,22.77,44.0,1478.0
401,2025-03-10 10:06:50,S04,Library-1F,21.68,39.5,703.0
401,2025-03-10 10:06:50,S05,Canteen,24.42,51.3,859.0
401,2025-03-10 10:06:50,S06,Study-Hall,22.35,41.1,857.0
402,2025-03-10 10:07:00,S01,Lecture-101,23.03,44.5,1157.0
402,2025-03-10 10:07:00,S02,Lab-201,22.33,42.1,576.0
402,2025-03-10 10:07:00,S03,Lab-305,23.07,44.5,1475.0
402,2025-03-10 10:07:00,S04,Library-1F,21.72,40.1,701.0
402,2025-03-10 10:07:00,S05,Canteen,24.3,51.8,879.0
402,2025-03-10 10:07:00,S06,Study-Hall,22.36,40.7,855.0
403,2025-03-10 10:07:10,S01,Lecture-101,22.99,43.4,1131.0
403,2025-03-10 10:07:10,S02,Lab-201,22.42,41.8,584.0
403,2025-03-10 10:07:10,S03,Lab-305,22.95,44.0,1483.0
403,2025-03-10 10:07:10,S04,Library-1F,21.69,40.2,696.0
403,2025-03-10 10:07:10,S05,Canteen,24.3,51.9,867.0
403,2025-03-10 10:07:10,S06,Study-Hall,22.32,41.5,856.0
404,2025-03-10 10:07:20,S01,Lecture-101,23.14,43.7,1140.0
404,2025-03-10 10:07:20,S02,Lab-201,22.21,41.2,573.0
404,2025-03-10 10:07:20,S03,Lab-305,22.96,45.0,1473.0
404,2025-03-10 10:07:20,S04,Library-1F,21.72,39.5,701.0
404,2025-03-10 10:07:20,S05,Canteen,24.35,51.7,890.0
404,2025-03-10 10:07:20,S06,Study-Hall,22.41,41.5,867.0
405,2025-03-10 10:07:30,S01,Lecture-101,22.84,44.7,1137.0
405,2025-03-10 10:07:30,S02,Lab-201,22.24,41.3,582.0
405,2025-03-10 10:07:30,S03,Lab-305,22.86,43.8,1484.0
405,2025-03-10 10:07:30,S04,Library-1F,21.72,40.2,705.0
405,2025-03-10 10:07:30,S05,Canteen,24.31,51.6,887.0
405,2025-03-10 10:07:30,S06,Study-Hall,22.33,41.2,856.0
406,2025-03-10 10:07:40,S01,Lecture-101,22.82,44.1,1132.0
406,2025-03-10 10:07:40,S02,Lab-201,22.29,41.6,565.0
406,2025-03-10 10:07:40,S03,Lab-305,23.02,44.3,1487.0
406,2025-03-10 10:07:40,S04,Library-1F,21.77,39.4,708.0
406,2025-03-10 10:07:40,S05,Canteen,24.29,51.1,893.0
406,2025-03-10 10:07:40,S06,Study-Hall,22.26,41.2,862.0
407,2025-03-10 10:07:50,S01,Lecture-101,22.96,43.4,1133.0
407,2025-03-10 10:07:50,S02,Lab-201,22.2,41.4,575.0
407,2025-03-10 10:07:50,S03,Lab-305,22.96,44.6,1494.0
407,2025-03-10 10:07:50,S04,Library-1F,21.67,40.4,707.0
407,2025-03-10 10:07:50,S05,Canteen,24.37,51.5,888.0
407,2025-03-10 10:07:50,S06,Study-Hall,22.41,41.4,858.0
408,2025-03-10 10:08:00,S01,Lecture-101,22.72,43.4,1136.0
408,2025-03-10 10:08:00,S02,Lab-201,22.15,41.2,569.0
408,2025-03-10 10:08:00,S03,Lab-305,22.85,43.6,1484.0
408,2025-03-10 10:08:00,S04,Library-1F,21.82,40.1,708.0
408,2025-03-10 10:08:00,S05,Canteen,24.4,51.9,901.0
408,2025-03-10 10:08:00,S06,Study-Hall,22.32,41.4,863.0
409,2025-03-10 10:08:10,S01,Lecture-101,22.95,43.8,1130.0
409,2025-03-10 10:08:10,S02,Lab-201,22.3,41.0,552.0
409,2025-03-10 10:08:10,S03,Lab-305,22.97,43.7,1499.0
409,2025-03-10 10:08:10,S04,Library-1F,21.71,39.8,704.0
409,2025-03-10 10:08:10,S05,Canteen,24.38,52.2,881.0
409,2025-03-10 10:08:10,S06,Study-Hall,22.45,40.8,855.0
410,2025-03-10 10:08:20,S01,Lecture-101,22.78,43.7,1140.0
410,2025-03-10 10:08:20,S02,Lab-201,22.15,41.8,555.0
410,2025-03-10 10:08:20,S03,Lab-305,23.03,43.8,1492.0
410,2025-03-10 10:08:20,S04,Library-1F,21.8,39.7,705.0
410,2025-03-10 10:08:20,S05,Canteen,24.52,52.3,902.0
410,2025-03-10 10:08:20,S06,Study-Hall,22.43,40.8,858.0
411,2025-03-10 10:08:30,S01,Lecture-101,22.85,43.1,1138.0
411,2025-03-10 10:08:30,S02,Lab-201,22.25,40.9,552.0
411,2025-03-10 10:08:30,S03,Lab-305,22.89,44.6,1492.0
411,2025-03-10 10:08:30,S04,Library-1F,21.79,40.1,704.0
411,2025-03-10 10:08:30,S05,Canteen,24.49,52.1,892.0
411,2025-03-10 10:08:30,S06,Study-Hall,22.48,41.6,855.0
412,2025-03-10 10:08:40,S01,Lecture-101,22.83,43.8,1119.0
412,2025-03-10 10:08:40,S02,Lab-201,22.18,41.7,563.0
412,2025-03-10 10:08:40,S03,Lab-305,23.0,44.2,1493.0
412,2025-03-10 10:08:40,S04,Library-1F,21.65,39.5,710.0
412,2025-03-10 10:08:40,S05,Canteen,24.44,52.0,915.0
412,2025-03-10 10:08:40,S06,Study-Hall,22.4,41.7,856.0
413,2025-03-10 10:08:50,S01,Lecture-101,22.82,43.8,1133.0
413,2025-03-10 10:08:50,S02,Lab-201,22.21,41.4,553.0
413,2025-03-10 10:08:50,S03,Lab-305,22.93,43.8,1498.0
413,2025-03-10 10:08:50,S04,Library-1F,21.88,40.1,707.0
413,2025-03-10 10:08:50,S05,Canteen,24.41,52.4,907.0
413,2025-03-10 10:08:50,S06,Study-Hall,22.31,41.2,851.0
414,2025-03-10 10:08:50,S04,Library-1F,21.88,40.1,707.0
414,2025-03-10 10:09:00,S01,Lecture-101,22.85,43.9,1117.0
414,2025-03-10 10:09:00,S02,Lab-201,22.21,41.8,543.0
414,2025-03-10 10:09:00,S03,Lab-305,22.98,43.2,1503.0
414,2025-03-10 10:09:00,S04,Library-1F,21.79,39.9,703.0
414,2025-03-10 10:09:00,S05,Canteen,24.72,52.0,913.0
414,2025-03-10 10:09:00,S06,Study-Hall,22.43,40.9,857.0
415,2025-03-10 10:09:10,S01,Lecture-101,22.78,43.8,1139.0
415,2025-03-10 10:09:10,S02,Lab-201,22.22,42.3,546.0
415,2025-03-10 10:09:10,S03,Lab-305,22.97,43.6,1507.0
415,2025-03-10 10:09:10,S04,Library-1F,21.67,40.6,709.0
415,2025-03-10 10:09:10,S05,Canteen,24.53,52.0,911.0
415,2025-03-10 10:09:10,S06,Study-Hall,22.4,41.7,853.0
416,2025-03-10 10:09:20,S01,Lecture-101,22.7,43.7,1135.0
416,2025-03-10 10:09:20,S02,Lab-201,22.17,40.6,550.0
416,2025-03-10 10:09:20,S03,Lab-305,22.95,44.1,1512.0
416,2025-03-10 10:09:20,S04,Library-1F,21.75,38.9,705.0
416,2025-03-10 10:09:20,S05,Canteen,24.55,52.1,923.0
416,2025-03-10 10:09:20,S06,Study-Hall,22.36,40.6,865.0
417,2025-03-10 10:09:30,S01,Lecture-101,22.78,43.7,1131.0
417,2025-03-10 10:09:30,S02,Lab-201,22.11,41.7,554.0
417,2025-03-10 10:09:30,S03,Lab-305,22.92,44.5,1505.0
417,2025-03-10 10:09:30,S04,Library-1F,21.78,,710.0
417,2025-03-10 10:09:30,S05,Canteen,24.6,52.8,914.0
417,2025-03-10 10:09:30,S06,Study-Hall,22.3,41.1,857.0
418,2025-03-10 10:09:40,S01,Lecture-101,22.82,43.6,1124.0
418,2025-03-10 10:09:40,S02,Lab-201,22.16,41.6,532.0
418,2025-03-10 10:09:40,S03,Lab-305,23.03,44.7,1508.0
418,2025-03-10 10:09:40,S04,Library-1F,21.88,39.5,706.0
418,2025-03-10 10:09:40,S05,Canteen,24.42,52.1,930.0
418,2025-03-10 10:09:40,S06,Study-Hall,22.46,41.2,859.0
419,2025-03-10 10:09:50,S01,Lecture-101,22.75,44.4,1131.0
419,2025-03-10 10:09:50,S02,Lab-201,22.14,41.7,541.0
419,2025-03-10 10:09:50,S03,Lab-305,23.05,61.53,1516.0
419,2025-03-10 10:09:50,S04,Library-1F,21.9,39.4,697.0
419,2025-03-10 10:09:50,S05,Canteen,24.43,52.3,913.0
419,2025-03-10 10:09:50,S06,Study-Hall,22.33,41.2,859.0
420,2025-03-10 10:10:00,S01,Lecture-101,22.83,43.9,1126.0
420,2025-03-10 10:10:00,S02,Lab-201,22.33,41.5,548.0
420,2025-03-10 10:10:00,S03,Lab-305,22.88,44.2,
420,2025-03-10 10:10:00,S04,Library-1F,21.61,39.3,703.0
420,2025-03-10 10:10:00,S05,Canteen,24.49,51.6,927.0
420,2025-03-10 10:10:00,S06,Study-Hall,22.5,41.6,863.0
421,2025-03-10 10:10:10,S01,Lecture-101,22.65,44.2,1130.0
421,2025-03-10 10:10:10,S02,Lab-201,22.14,42.0,551.0
421,2025-03-10 10:10:10,S03,Lab-305,22.86,43.1,1539.0
421,2025-03-10 10:10:10,S04,Library-1F,21.75,40.2,706.0
421,2025-03-10 10:10:10,S05,Canteen,24.56,52.5,924.0
421,2025-03-10 10:10:10,S06,Study-Hall,22.27,41.4,877.0
422,2025-03-10 10:10:20,S01,Lecture-101,22.77,43.8,1138.0
422,2025-03-10 10:10:20,S02,Lab-201,22.23,41.6,569.0
422,2025-03-10 10:10:20,S03,Lab-305,22.97,44.4,1528.0
422,2025-03-10 10:10:20,S04,Library-1F,21.84,39.3,703.0
422,2025-03-10 10:10:20,S05,Canteen,24.65,51.4,940.0
422,2025-03-10 10:10:20,S06,Study-Hall,22.49,41.2,856.0
423,2025-03-10 10:10:30,S01,Lecture-101,22.77,44.2,1128.0
423,2025-03-10 10:10:30,S02,Lab-201,22.3,41.2,568.0
423,2025-03-10 10:10:30,S03,Lab-305,22.91,44.2,1528.0
423,2025-03-10 10:10:30,S04,Library-1F,21.75,40.4,711.0
423,2025-03-10 10:10:30,S05,Canteen,24.75,52.1,930.0
423,2025-03-10 10:10:30,S06,Study-Hall,22.39,41.4,864.0
424,2025-03-10 10:10:40,S01,Lecture-101,22.84,44.2,1115.0
424,2025-03-10 10:10:40,S02,Lab-201,22.2,41.2,574.0
424,2025-03-10 10:10:40,S03,Lab-305,22.89,44.4,1532.0
424,2025-03-10 10:10:40,S04,Library-1F,21.78,39.1,704.0
424,2025-03-10 10:10:40,S05,Canteen,24.59,52.5,927.0
424,2025-03-10 10:10:40,S06,Study-Hall,22.24,41.6,867.0
425,2025-03-10 10:10:50,S01,Lecture-101,22.86,44.0,1123.0
425,2025-03-10 10:10:50,S02,Lab-201,22.27,41.3,582.0
425,2025-03-10 10:10:50,S03,Lab-305,22.9,44.3,1544.0
425,2025-03-10 10:10:50,S04,Library-1F,21.6,40.4,701.0
425,2025-03-10 10:10:50,S05,Canteen,24.59,51.9,925.0
425,2025-03-10 10:10:50,S06,Study-Hall,22.36,41.2,874.0
426,2025-03-10 10:11:00,S01,Lecture-101,22.78,43.7,1134.0
426,2025-03-10 10:11:00,S02,Lab-201,22.17,40.6,582.0
426,2025-03-10 10:11:00,S03,Lab-305,22.82,44.2,1542.0
426,2025-03-10 10:11:00,S04,Library-1F,21.7,39.6,707.0
426,2025-03-10 10:11:00,S05,Canteen,24.56,52.8,927.0
426,2025-03-10 10:11:00,S06,Study-Hall,22.31,41.3,874.0
427,2025-03-10 10:11:10,S01,Lecture-101,22.75,44.2,1125.0
427,2025-03-10 10:11:10,S02,Lab-201,22.3,41.8,602.0
427,2025-03-10 10:11:10,S03,Lab-305,22.83,44.1,1533.0
427,2025-03-10 10:11:10,S04,Library-1F,21.79,39.1,701.0
427,2025-03-10 10:11:10,S05,Canteen,24.66,52.3,933.0
427,2025-03-10 10:11:10,S06,Study-Hall,22.5,40.9,877.0
428,2025-03-10 10:11:20,S01,Lecture-101,22.76,43.9,1135.0
428,2025-03-10 10:11:20,S02,Lab-201,22.3,41.5,591.0
428,2025-03-10 10:11:20,S03,Lab-305,22.88,44.5,1544.0
428,2025-03-10 10:11:20,S04,Library-1F,21.81,39.6,695.0
428,2025-03-10 10:11:20,S05,Canteen,24.73,51.8,940.0
428,2025-03-10 10:11:20,S06,Study-Hall,22.34,41.1,861.0
429,2025-03-10 10:11:30,S01,Lecture-101,22.87,43.9,1128.0
429,2025-03-10 10:11:30,S02,Lab-201,22.34,42.0,607.0
429,2025-03-10 10:11:30,S03,Lab-305,22.99,44.4,1538.0
429,2025-03-10 10:11:30,S04,Library-1F,21.66,39.8,705.0
429,2025-03-10 10:11:30,S05,Canteen,24.64,53.0,945.0
429,2025-03-10 10:11:30,S06,Study-Hall,22.34,41.5,
430,2025-03-10 10:11:40,S01,Lecture-101,22.78,44.4,1134.0
430,2025-03-10 10:11:40,S03,Lab-305,23.11,44.4,1551.0
430,2025-03-10 10:11:40,S04,Library-1F,21.87,40.1,700.0
430,2025-03-10 10:11:40,S05,Canteen,24.56,52.9,945.0
430,2025-03-10 10:11:40,S06,Study-Hall,22.58,41.6,873.0
431,2025-03-10 10:11:50,S01,Lecture-101,22.8,43.4,1138.0
431,2025-03-10 10:11:50,S02,Lab-201,22.21,42.0,608.0
431,2025-03-10 10:11:50,S03,Lab-305,23.01,44.7,1550.0
431,2025-03-10 10:11:50,S04,Library-1F,21.71,39.7,708.0
431,2025-03-10 10:11:50,S05,Canteen,24.6,53.0,935.0
431,2025-03-10 10:11:50,S06,Study-Hall,22.34,41.1,871.0
432,2025-03-10 10:12:00,S01,Lecture-101,22.65,44.6,1136.0
432,2025-03-10 10:12:00,S02,Lab-201,22.31,42.3,627.0
432,2025-03-10 10:12:00,S03,Lab-305,22.96,44.3,1559.0
432,2025-03-10 10:12:00,S04,Library-1F,21.6,40.5,707.0
432,2025-03-10 10:12:00,S05,Canteen,24.62,52.2,945.0
432,2025-03-10 10:12:00,S06,Study-Hall,22.47,41.4,864.0
433,2025-03-10 10:12:10,S01,Lecture-101,22.71,43.3,1138.0
433,2025-03-10 10:12:10,S02,Lab-201,22.28,42.3,633.0
433,2025-03-10 10:12:10,S03,Lab-305,22.9,44.9,1554.0
433,2025-03-10 10:12:10,S04,Library-1F,21.65,39.5,705.0
433,2025-03-10 10:12:10,S05,Canteen,24.64,52.8,946.0
433,2025-03-10 10:12:10,S06,Study-Hall,22.3,41.1,871.0
434,2025-03-10 10:11:40,S02,Lab-201,22.3,41.7,612.0
434,2025-03-10 10:12:20,S01,Lecture-101,22.63,44.5,1144.0
434,2025-03-10 10:12:20,S02,Lab-201,22.33,42.1,628.0
434,2025-03-10 10:12:20,S03,Lab-305,22.9,44.1,1560.0
434,2025-03-10 10:12:20,S04,Library-1F,21.72,39.7,703.0
434,2025-03-10 10:12:20,S05,Canteen,24.67,52.6,953.0
435,2025-03-10 10:12:30,S01,Lecture-101,22.73,43.7,1133.0
435,2025-03-10 10:12:30,S02,Lab-201,22.39,41.6,643.0
435,2025-03-10 10:12:30,S03,Lab-305,23.01,44.3,1568.0
435,2025-03-10 10:12:30,S04,Library-1F,21.64,40.2,700.0
435,2025-03-10 10:12:30,S05,Canteen,24.72,52.5,958.0
435,2025-03-10 10:12:30,S06,Study-Hall,22.33,41.2,869.0
436,2025-03-10 10:12:40,S01,Lecture-101,22.76,44.3,
436,2025-03-10 10:12:40,S02,Lab-201,22.46,41.3,636.0
436,2025-03-10 10:12:40,S03,Lab-305,22.87,44.0,1561.0
436,2025-03-10 10:12:40,S04,Library-1F,21.8,40.1,708.0
436,2025-03-10 10:12:40,S05,Canteen,24.81,53.1,945.0
436,2025-03-10 10:12:40,S06,Study-Hall,22.42,41.7,865.0
437,2025-03-10 10:12:50,S01,Lecture-101,22.6,44.0,1130.0
437,2025-03-10 10:12:50,S02,Lab-201,22.4,42.6,657.0
437,2025-03-10 10:12:50,S03,Lab-305,23.04,43.8,1568.0
437,2025-03-10 10:12:50,S04,Library-1F,21.78,40.2,702.0
437,2025-03-10 10:12:50,S05,Canteen,24.63,53.4,959.0
437,2025-03-10 10:12:50,S06,Study-Hall,22.49,41.3,876.0
438,2025-03-10 10:12:20,S06,Study-Hall,22.44,41.0,867.0
438,2025-03-10 10:13:00,S01,Lecture-101,22.77,43.6,1128.0
438,2025-03-10 10:13:00,S02,Lab-201,22.42,41.3,645.0
438,2025-03-10 10:13:00,S03,Lab-305,22.84,44.7,1572.0
438,2025-03-10 10:13:00,S04,Library-1F,21.67,39.9,699.0
438,2025-03-10 10:13:00,S05,Canteen,24.59,52.7,966.0
438,2025-03-10 10:13:00,S06,Study-Hall,22.42,41.5,870.0
439,2025-03-10 10:13:10,S01,Lecture-101,22.59,43.6,1134.0
439,2025-03-10 10:13:10,S02,Lab-201,22.48,41.7,646.0
439,2025-03-10 10:13:10,S03,Lab-305,22.95,44.5,1576.0
439,2025-03-10 10:13:10,S04,Library-1F,21.8,40.5,713.0
439,2025-03-10 10:13:10,S05,Canteen,24.79,52.8,955.0
439,2025-03-10 10:13:10,S06,Study-Hall,22.34,41.7,875.0
440,2025-03-10 10:13:20,S01,Lecture-101,22.81,44.2,1129.0
440,2025-03-10 10:13:20,S02,Lab-201,22.34,41.4,649.0
440,2025-03-10 10:13:20,S03,Lab-305,22.86,44.2,1573.0
440,2025-03-10 10:13:20,S04,Library-1F,21.77,39.9,706.0
440,2025-03-10 10:13:20,S05,Canteen,24.68,52.7,956.0
440,2025-03-10 10:13:20,S06,Study-Hall,22.37,40.9,882.0
441,2025-03-10 10:13:30,S01,Lecture-101,22.68,44.4,1133.0
441,2025-03-10 10:13:30,S02,Lab-201,22.4,41.8,663.0
441,2025-03-10 10:13:30,S03,Lab-305,22.94,44.2,1580.0
441,2025-03-10 10:13:30,S04,Library-1F,21.7,40.6,704.0
441,2025-03-10 10:13:30,S05,Canteen,24.56,53.4,945.0
441,2025-03-10 10:13:30,S06,Study-Hall,22.35,41.4,877.0
442,2025-03-10 10:13:40,S01,Lecture-101,22.7,43.8,1129.0
442,2025-03-10 10:13:40,S02,Lab-201,22.51,41.9,654.0
442,2025-03-10 10:13:40,S03,Lab-305,22.86,44.1,1585.0
442,2025-03-10 10:13:40,S04,Library-1F,21.81,39.8,712.0
442,2025-03-10 10:13:40,S06,Study-Hall,22.45,41.0,876.0
443,2025-03-10 10:13:50,S01,Lecture-101,22.65,44.0,1135.0
443,2025-03-10 10:13:50,S02,Lab-201,22.41,41.8,675.0
443,2025-03-10 10:13:50,S03,Lab-305,23.0,43.6,1595.0
443,2025-03-10 10:13:50,S04,Library-1F,21.69,38.9,701.0
443,2025-03-10 10:13:50,S05,Canteen,24.92,53.1,964.0
443,2025-03-10 10:13:50,S06,Study-Hall,22.4,41.7,880.0
444,2025-03-10 10:14:00,S01,Lecture-101,22.79,44.3,1129.0
444,2025-03-10 10:14:00,S02,Lab-201,22.53,41.5,678.0
444,2025-03-10 10:14:00,S03,Lab-305,22.91,44.9,1592.0
444,2025-03-10 10:14:00,S04,Library-1F,21.68,40.7,712.0
444,2025-03-10 10:14:00,S05,Canteen,24.74,52.8,954.0
444,2025-03-10 10:14:00,S06,Study-Hall,22.54,41.0,885.0
445,2025-03-10 10:13:40,S05,Canteen,24.73,52.8,940.0
445,2025-03-10 10:14:10,S01,Lecture-101,22.57,43.9,1137.0
445,2025-03-10 10:14:10,S02,Lab-201,22.34,41.6,688.0
445,2025-03-10 10:14:10,S04,Library-1F,21.72,39.3,717.0
445,2025-03-10 10:14:10,S05,Canteen,24.79,53.0,967.0
445,2025-03-10 10:14:10,S06,Study-Hall,22.46,41.9,866.0
446,2025-03-10 10:14:20,S01,Lecture-101,22.84,44.6,1135.0
446,2025-03-10 10:14:20,S02,Lab-201,22.34,41.2,691.0
446,2025-03-10 10:14:20,S03,Lab-305,22.96,44.3,1595.0
446,2025-03-10 10:14:20,S04,Library-1F,21.77,40.0,711.0
446,2025-03-10 10:14:20,S05,Canteen,24.8,53.4,964.0
446,2025-03-10 10:14:20,S06,Study-Hall,22.51,41.0,873.0
447,2025-03-10 10:14:30,S01,Lecture-101,22.67,44.1,1129.0
447,2025-03-10 10:14:30,S02,Lab-201,22.29,42.0,681.0
447,2025-03-10 10:14:30,S03,Lab-305,22.99,43.9,1598.0
447,2025-03-10 10:14:30,S04,Library-1F,21.78,39.5,707.0
447,2025-03-10 10:14:30,S05,Canteen,24.7,52.8,972.0
447,2025-03-10 10:14:30,S06,Study-Hall,22.26,41.3,874.0
448,2025-03-10 10:14:10,S03,Lab-305,22.92,43.8,1594.0
448,2025-03-10 10:14:40,S01,Lecture-101,22.74,43.5,1119.0
448,2025-03-10 10:14:40,S02,Lab-201,22.49,41.5,689.0
448,2025-03-10 10:14:40,S03,Lab-305,23.08,43.8,1602.0
448,2025-03-10 10:14:40,S04,Library-1F,21.72,39.8,719.0
448,2025-03-10 10:14:40,S05,Canteen,24.84,52.7,959.0
448,2025-03-10 10:14:40,S06,Study-Hall,22.37,41.4,872.0
449,2025-03-10 10:14:50,S01,Lecture-101,22.56,44.2,1125.0
449,2025-03-10 10:14:50,S03,Lab-305,22.85,44.5,1609.0
449,2025-03-10 10:14:50,S04,Library-1F,21.67,39.1,714.0
449,2025-03-10 10:14:50,S05,Canteen,24.86,53.5,962.0
449,2025-03-10 10:14:50,S06,Study-Hall,22.43,40.6,864.0
450,2025-03-10 10:15:00,S01,Lecture-101,22.68,43.9,1128.0
450,2025-03-10 10:15:00,S02,Lab-201,22.35,42.4,692.0
450,2025-03-10 10:15:00,S03,Lab-305,22.97,43.8,1587.0
450,2025-03-10 10:15:00,S04,Library-1F,21.75,40.1,709.0
450,2025-03-10 10:15:00,S05,Canteen,24.88,52.9,956.0
450,2025-03-10 10:15:00,S06,Study-Hall,22.27,41.3,868.0
451,2025-03-10 10:15:10,S01,Lecture-101,22.67,43.3,1135.0
451,2025-03-10 10:15:10,S02,Lab-201,22.5,41.7,696.0
451,2025-03-10 10:15:10,S03,Lab-305,22.91,44.7,1588.0
451,2025-03-10 10:15:10,S04,Library-1F,21.6,40.3,696.0
451,2025-03-10 10:15:10,S05,Canteen,25.01,53.2,976.0
451,2025-03-10 10:15:10,S06,Study-Hall,22.41,41.0,868.0
452,2025-03-10 10:14:50,S02,Lab-201,22.44,41.7,697.0
452,2025-03-10 10:15:20,S01,Lecture-101,22.64,43.8,1128.0
452,2025-03-10 10:15:20,S02,Lab-201,22.34,42.5,696.0
452,2025-03-10 10:15:20,S03,Lab-305,22.92,43.7,1573.0
452,2025-03-10 10:15:20,S04,Library-1F,21.82,39.5,709.0
452,2025-03-10 10:15:20,S05,Canteen,24.68,53.5,955.0
452,2025-03-10 10:15:20,S06,Study-Hall,22.38,40.4,880.0
453,2025-03-10 10:15:30,S01,Lecture-101,22.7,43.7,1127.0
453,2025-03-10 10:15:30,S02,Lab-201,22.44,41.6,713.0
453,2025-03-10 10:15:30,S03,Lab-305,22.94,44.3,1568.0
453,2025-03-10 10:15:30,S04,Library-1F,21.71,39.2,715.0
453,2025-03-10 10:15:30,S05,Canteen,24.6,53.2,959.0
453,2025-03-10 10:15:30,S06,Study-Hall,22.54,41.9,869.0
454,2025-03-10 10:15:30,S04,Library-1F,21.71,39.2,715.0
454,2025-03-10 10:15:40,S01,Lecture-101,22.66,44.5,1131.0
454,2025-03-10 10:15:40,S02,Lab-201,22.47,42.1,707.0
454,2025-03-10 10:15:40,S03,Lab-305,23.06,44.2,1564.0
454,2025-03-10 10:15:40,S04,Library-1F,21.71,40.2,710.0
454,2025-03-10 10:15:40,S05,Canteen,24.8,53.6,974.0
454,2025-03-10 10:15:40,S06,Study-Hall,22.54,41.0,868.0
455,2025-03-10 10:15:50,S01,Lecture-101,22.8,43.9,1124.0
455,2025-03-10 10:15:50,S02,Lab-201,22.53,42.1,718.0
455,2025-03-10 10:15:50,S03,Lab-305,22.87,44.4,1536.0
455,2025-03-10 10:15:50,S04,Library-1F,21.72,39.8,713.0
455,2025-03-10 10:15:50,S05,Canteen,24.75,53.2,972.0
455,2025-03-10 10:15:50,S06,Study-Hall,22.57,41.2,873.0
456,2025-03-10 10:16:00,S01,Lecture-101,22.79,44.3,1134.0
456,2025-03-10 10:16:00,S02,Lab-201,22.43,42.0,706.0
456,2025-03-10 10:16:00,S03,Lab-305,22.87,44.0,1537.0
456,2025-03-10 10:16:00,S04,Library-1F,21.69,39.8,719.0
456,2025-03-10 10:16:00,S05,Canteen,24.84,52.6,963.0
456,2025-03-10 10:16:00,S06,Study-Hall,22.39,41.0,866.0
457,2025-03-10 10:16:10,S01,Lecture-101,22.77,43.9,1133.0
457,2025-03-10 10:16:10,S02,Lab-201,22.43,41.7,713.0
457,2025-03-10 10:16:10,S03,Lab-305,22.95,44.0,1523.0
457,2025-03-10 10:16:10,S04,Library-1F,21.69,39.7,712.0
457,2025-03-10 10:16:10,S05,Canteen,24.92,53.6,965.0
458,2025-03-10 10:16:20,S01,Lecture-101,22.69,43.1,1139.0
458,2025-03-10 10:16:20,S02,Lab-201,,42.0,720.0
458,2025-03-10 10:16:20,S03,Lab-305,23.16,43.9,1524.0
458,2025-03-10 10:16:20,S04,Library-1F,21.68,39.6,720.0
458,2025-03-10 10:16:20,S05,Canteen,24.92,53.3,971.0
458,2025-03-10 10:16:20,S06,Study-Hall,22.53,40.7,873.0
459,2025-03-10 10:16:10,S06,Study-Hall,22.43,41.7,878.0
459,2025-03-10 10:16:30,S01,Lecture-101,22.9,44.2,1128.0
459,2025-03-10 10:16:30,S02,Lab-201,22.49,42.2,727.0
459,2025-03-10 10:16:30,S03,Lab-305,22.92,44.4,1519.0
459,2025-03-10 10:16:30,S04,Library-1F,21.8,40.2,713.0
459,2025-03-10 10:16:30,S05,Canteen,24.77,53.8,979.0
459,2025-03-10 10:16:30,S06,Study-Hall,22.36,41.5,868.0
460,2025-03-10 10:16:40,S01,Lecture-101,22.72,43.3,1133.0
460,2025-03-10 10:16:40,S02,Lab-201,22.47,42.1,722.0
460,2025-03-10 10:16:40,S03,Lab-305,22.96,43.5,1500.0
460,2025-03-10 10:16:40,S04,Library-1F,21.88,39.8,719.0
460,2025-03-10 10:16:40,S05,Canteen,24.81,53.8,970.0
460,2025-03-10 10:16:40,S06,Study-Hall,22.49,41.6,875.0
461,2025-03-10 10:16:50,S01,Lecture-101,22.72,44.0,1128.0
461,2025-03-10 10:16:50,S02,Lab-201,22.58,42.0,726.0
461,2025-03-10 10:16:50,S03,Lab-305,23.1,45.3,1496.0
461,2025-03-10 10:16:50,S04,Library-1F,21.67,39.3,711.0
461,2025-03-10 10:16:50,S05,Canteen,24.83,53.6,973.0
461,2025-03-10 10:16:50,S06,Study-Hall,22.29,41.5,874.0
462,2025-03-10 10:17:00,S01,Lecture-101,22.75,43.7,1125.0
462,2025-03-10 10:17:00,S02,Lab-201,22.28,42.3,747.0
462,2025-03-10 10:17:00,S03,Lab-305,22.87,44.1,1490.0
462,2025-03-10 10:17:00,S04,Library-1F,21.77,39.5,721.0
462,2025-03-10 10:17:00,S05,Canteen,24.82,53.7,975.0
462,2025-03-10 10:17:00,S06,Study-Hall,22.4,41.4,870.0
463,2025-03-10 10:17:10,S01,Lecture-101,22.68,44.0,1137.0
463,2025-03-10 10:17:10,S02,Lab-201,22.54,42.6,750.0
463,2025-03-10 10:17:10,S03,Lab-305,22.98,43.8,1478.0
463,2025-03-10 10:17:10,S04,Library-1F,21.71,38.9,725.0
463,2025-03-10 10:17:10,S05,Canteen,24.91,52.8,977.0
463,2025-03-10 10:17:10,S06,Study-Hall,22.4,41.8,876.0
464,2025-03-10 10:17:20,S01,Lecture-101,22.72,43.9,1141.0
464,2025-03-10 10:17:20,S02,Lab-201,22.36,42.3,743.0
464,2025-03-10 10:17:20,S03,Lab-305,22.77,43.5,1452.0
464,2025-03-10 10:17:20,S04,Library-1F,21.69,40.0,723.0
464,2025-03-10 10:17:20,S05,Canteen,24.75,52.7,970.0
464,2025-03-10 10:17:20,S06,Study-Hall,22.39,41.4,863.0
465,2025-03-10 10:17:30,S01,Lecture-101,22.82,43.9,1135.0
465,2025-03-10 10:17:30,S02,Lab-201,22.41,41.8,748.0
465,2025-03-10 10:17:30,S03,Lab-305,22.81,44.1,1460.0
465,2025-03-10 10:17:30,S04,Library-1F,21.74,40.0,731.0
465,2025-03-10 10:17:30,S06,Study-Hall,22.46,41.7,868.0
466,2025-03-10 10:17:40,S01,Lecture-101,22.77,43.8,1120.0
466,2025-03-10 10:17:40,S02,Lab-201,22.36,41.4,747.0
466,2025-03-10 10:17:40,S03,Lab-305,22.95,44.4,1450.0
466,2025-03-10 10:17:40,S04,Library-1F,21.75,39.5,733.0
466,2025-03-10 10:17:40,S05,Canteen,24.94,53.8,980.0
466,2025-03-10 10:17:40,S06,Study-Hall,22.4,41.1,869.0
467,2025-03-10 10:17:30,S05,Canteen,24.88,53.1,961.0
467,2025-03-10 10:17:50,S01,Lecture-101,22.6,43.5,1129.0
467,2025-03-10 10:17:50,S02,Lab-201,22.3,41.7,754.0
467,2025-03-10 10:17:50,S03,Lab-305,22.95,44.4,1438.0
467,2025-03-10 10:17:50,S04,Library-1F,21.72,39.8,715.0
467,2025-03-10 10:17:50,S05,Canteen,24.87,53.3,970.0
467,2025-03-10 10:17:50,S06,Study-Hall,22.33,41.3,871.0
468,2025-03-10 10:18:00,S01,Lecture-101,22.61,43.8,1134.0
468,2025-03-10 10:18:00,S02,Lab-201,22.39,41.7,755.0
468,2025-03-10 10:18:00,S03,Lab-305,22.97,43.6,1434.0
468,2025-03-10 10:18:00,S04,Library-1F,21.68,39.6,732.0
468,2025-03-10 10:18:00,S05,Canteen,24.93,52.8,966.0
468,2025-03-10 10:18:00,S06,Study-Hall,22.36,40.8,870.0
469,2025-03-10 10:18:10,S01,Lecture-101,22.67,43.7,1128.0
469,2025-03-10 10:18:10,S02,Lab-201,22.46,42.3,751.0
469,2025-03-10 10:18:10,S03,Lab-305,22.85,44.2,1423.0
469,2025-03-10 10:18:10,S04,Library-1F,21.66,39.5,715.0
469,2025-03-10 10:18:10,S05,Canteen,24.68,53.5,970.0
469,2025-03-10 10:18:10,S06,Study-Hall,22.52,41.3,875.0
470,2025-03-10 10:18:20,S01,Lecture-101,22.56,44.3,1124.0
470,2025-03-10 10:18:20,S02,Lab-201,22.54,42.8,752.0
470,2025-03-10 10:18:20,S03,Lab-305,22.85,44.3,1407.0
470,2025-03-10 10:18:20,S04,Library-1F,21.72,39.6,723.0
470,2025-03-10 10:18:20,S05,Canteen,24.85,54.4,981.0
470,2025-03-10 10:18:20,S06,Study-Hall,22.25,41.8,868.0
471,2025-03-10 10:18:30,S01,Lecture-101,22.91,43.5,1130.0
471,2025-03-10 10:18:30,S02,Lab-201,22.48,41.9,755.0
471,2025-03-10 10:18:30,S03,Lab-305,22.92,43.8,1399.0
471,2025-03-10 10:18:30,S04,Library-1F,,40.0,723.0
471,2025-03-10 10:18:30,S05,Canteen,24.9,53.6,970.0
471,2025-03-10 10:18:30,S06,Study-Hall,22.49,42.6,855.0
472,2025-03-10 10:18:40,S01,Lecture-101,22.7,,1137.0
472,2025-03-10 10:18:40,S02,Lab-201,22.48,41.5,755.0
472,2025-03-10 10:18:40,S03,Lab-305,22.86,43.8,1395.0
472,2025-03-10 10:18:40,S04,Library-1F,21.7,39.8,721.0
472,2025-03-10 10:18:40,S05,Canteen,24.83,54.0,969.0
472,2025-03-10 10:18:40,S06,Study-Hall,22.32,41.3,871.0
473,2025-03-10 10:18:50,S01,Lecture-101,22.55,43.7,1124.0
473,2025-03-10 10:18:50,S02,Lab-201,22.57,42.2,755.0
473,2025-03-10 10:18:50,S03,Lab-305,22.96,44.8,1387.0
473,2025-03-10 10:18:50,S04,Library-1F,21.79,39.5,716.0
473,2025-03-10 10:18:50,S05,Canteen,24.77,53.9,973.0
473,2025-03-10 10:18:50,S06,Study-Hall,22.51,41.2,867.0
474,2025-03-10 10:19:00,S01,Lecture-101,22.77,43.8,1137.0
474,2025-03-10 10:19:00,S02,Lab-201,22.51,42.3,767.0
474,2025-03-10 10:19:00,S03,Lab-305,22.99,44.3,1377.0
474,2025-03-10 10:19:00,S04,Library-1F,21.79,39.8,731.0
474,2025-03-10 10:19:00,S05,Canteen,24.95,54.0,980.0
474,2025-03-10 10:19:00,S06,Study-Hall,22.34,41.3,863.0
475,2025-03-10 10:19:10,S01,Lecture-101,22.7,43.6,1130.0
475,2025-03-10 10:19:10,S02,Lab-201,22.51,41.6,764.0
475,2025-03-10 10:19:10,S03,Lab-305,23.08,44.3,1374.0
475,2025-03-10 10:19:10,S04,Library-1F,21.59,39.9,725.0
475,2025-03-10 10:19:10,S05,Canteen,24.77,53.9,982.0
475,2025-03-10 10:19:10,S06,Study-Hall,22.57,40.8,879.0
476,2025-03-10 10:19:20,S01,Lecture-101,22.76,43.9,1132.0
476,2025-03-10 10:19:20,S02,Lab-201,22.62,42.4,761.0
476,2025-03-10 10:19:20,S03,Lab-305,22.99,43.6,1366.0
476,2025-03-10 10:19:20,S04,Library-1F,21.59,40.1,726.0
476,2025-03-10 10:19:20,S05,Canteen,24.79,53.8,981.0
476,2025-03-10 10:19:20,S06,Study-Hall,22.53,41.7,874.0
477,2025-03-10 10:19:30,S01,Lecture-101,22.64,43.4,1132.0
477,2025-03-10 10:19:30,S02,Lab-201,22.4,42.1,779.0
477,2025-03-10 10:19:30,S03,Lab-305,,44.8,1359.0
477,2025-03-10 10:19:30,S04,Library-1F,21.76,39.9,734.0
477,2025-03-10 10:19:30,S05,Canteen,24.98,54.0,975.0
477,2025-03-10 10:19:30,S06,Study-Hall,22.45,41.2,876.0
478,2025-03-10 10:19:40,S01,Lecture-101,22.63,43.4,1132.0
478,2025-03-10 10:19:40,S02,Lab-201,22.49,42.7,768.0
478,2025-03-10 10:19:40,S03,Lab-305,22.86,44.1,1354.0
478,2025-03-10 10:19:40,S04,Library-1F,21.76,39.2,730.0
478,2025-03-10 10:19:40,S05,Canteen,25.07,52.7,979.0
478,2025-03-10 10:19:40,S06,Study-Hall,22.55,40.8,873.0
479,2025-03-10 10:19:50,S01,Lecture-101,22.81,43.8,1128.0
479,2025-03-10 10:19:50,S02,Lab-201,22.4,42.2,780.0
479,2025-03-10 10:19:50,S03,Lab-305,22.78,44.5,1347.0
479,2025-03-10 10:19:50,S04,Library-1F,21.68,39.3,731.0
479,2025-03-10 10:19:50,S05,Canteen,24.84,54.1,981.0
479,2025-03-10 10:19:50,S06,Study-Hall,22.36,41.9,872.0
480,2025-03-10 10:20:00,S01,Lecture-101,22.62,44.1,1112.0
480,2025-03-10 10:20:00,S02,Lab-201,22.61,42.3,781.0
480,2025-03-10 10:20:00,S03,Lab-305,22.96,44.1,1342.0
480,2025-03-10 10:20:00,S04,Library-1F,21.68,39.3,731.0
480,2025-03-10 10:20:00,S05,Canteen,24.89,53.2,976.0
480,2025-03-10 10:20:00,S06,Study-Hall,22.32,41.8,870.0
481,2025-03-10 10:20:10,S01,Lecture-101,22.68,43.8,1109.0
481,2025-03-10 10:20:10,S02,Lab-201,22.37,42.2,776.0
481,2025-03-10 10:20:10,S03,Lab-305,22.93,45.1,1340.0
481,2025-03-10 10:20:10,S04,Library-1F,21.68,39.3,731.0
481,2025-03-10 10:20:10,S05,Canteen,24.86,53.7,983.0
481,2025-03-10 10:20:10,S06,Study-Hall,22.37,40.9,869.0
482,2025-03-10 10:20:20,S01,Lecture-101,22.61,43.5,1101.0
482,2025-03-10 10:20:20,S02,Lab-201,22.59,41.9,783.0
482,2025-03-10 10:20:20,S03,Lab-305,23.05,44.6,1324.0
482,2025-03-10 10:20:20,S05,Canteen,24.92,54.2,990.0
482,2025-03-10 10:20:20,S06,Study-Hall,22.47,41.4,881.0
483,2025-03-10 10:20:30,S01,Lecture-101,22.71,43.8,1076.0
483,2025-03-10 10:20:30,S02,Lab-201,22.5,42.3,774.0
483,2025-03-10 10:20:30,S03,Lab-305,22.9,44.5,1323.0
483,2025-03-10 10:20:30,S04,Library-1F,21.68,39.3,731.0
483,2025-03-10 10:20:30,S05,Canteen,25.06,53.4,980.0
483,2025-03-10 10:20:30,S06,Study-Hall,22.47,41.5,879.0
484,2025-03-10 10:20:40,S01,Lecture-101,22.42,44.4,1079.0
484,2025-03-10 10:20:40,S02,Lab-201,22.48,42.1,786.0
484,2025-03-10 10:20:40,S03,Lab-305,23.0,43.9,1320.0
484,2025-03-10 10:20:40,S04,Library-1F,21.68,39.3,731.0
484,2025-03-10 10:20:40,S05,Canteen,24.94,53.9,980.0
484,2025-03-10 10:20:40,S06,Study-Hall,22.59,41.7,872.0
485,2025-03-10 10:20:20,S04,Library-1F,21.68,39.3,731.0
485,2025-03-10 10:20:50,S01,Lecture-101,22.55,44.2,1069.0
485,2025-03-10 10:20:50,S02,Lab-201,22.49,42.3,778.0
485,2025-03-10 10:20:50,S03,Lab-305,22.92,44.2,1305.0
485,2025-03-10 10:20:50,S04,Library-1F,21.68,39.3,731.0
485,2025-03-10 10:20:50,S05,Canteen,24.95,53.7,980.0
485,2025-03-10 10:20:50,S06,Study-Hall,22.37,41.1,867.0
486,2025-03-10 10:21:00,S01,Lecture-101,22.59,43.9,1071.0
486,2025-03-10 10:21:00,S02,Lab-201,22.58,42.2,778.0
486,2025-03-10 10:21:00,S03,Lab-305,22.99,44.6,1296.0
486,2025-03-10 10:21:00,S04,Library-1F,21.68,39.3,731.0
486,2025-03-10 10:21:00,S05,Canteen,24.82,53.4,975.0
486,2025-03-10 10:21:00,S06,Study-Hall,22.46,41.3,877.0
487,2025-03-10 10:21:10,S01,Lecture-101,22.62,43.7,1065.0
487,2025-03-10 10:21:10,S02,Lab-201,22.56,42.3,778.0
487,2025-03-10 10:21:10,S03,Lab-305,22.91,44.0,1287.0
487,2025-03-10 10:21:10,S04,Library-1F,21.68,39.3,731.0
487,2025-03-10 10:21:10,S05,Canteen,24.94,53.3,977.0
487,2025-03-10 10:21:10,S06,Study-Hall,22.34,40.9,879.0
488,2025-03-10 10:21:20,S01,Lecture-101,22.63,43.2,1041.0
488,2025-03-10 10:21:20,S02,Lab-201,22.57,42.3,787.0
488,2025-03-10 10:21:20,S03,Lab-305,22.97,43.8,1282.0
488,2025-03-10 10:21:20,S04,Library-1F,21.68,39.3,731.0
488,2025-03-10 10:21:20,S05,Canteen,24.98,54.1,971.0
488,2025-03-10 10:21:20,S06,Study-Hall,22.42,40.9,884.0
489,2025-03-10 10:21:30,S01,Lecture-101,22.47,42.9,1034.0
489,2025-03-10 10:21:30,S02,Lab-201,22.57,43.1,792.0
489,2025-03-10 10:21:30,S03,Lab-305,23.03,43.9,65535.0
489,2025-03-10 10:21:30,S04,Library-1F,21.68,39.3,731.0
489,2025-03-10 10:21:30,S05,Canteen,25.0,54.4,977.0
489,2025-03-10 10:21:30,S06,Study-Hall,22.3,40.9,891.0
490,2025-03-10 10:21:30,S06,Study-Hall,22.3,40.9,891.0
490,2025-03-10 10:21:40,S01,Lecture-101,22.42,43.4,1024.0
490,2025-03-10 10:21:40,S02,Lab-201,22.58,42.7,798.0
490,2025-03-10 10:21:40,S03,Lab-305,22.71,44.5,1268.0
490,2025-03-10 10:21:40,S04,Library-1F,21.68,39.3,731.0
490,2025-03-10 10:21:40,S05,Canteen,25.0,54.2,980.0
490,2025-03-10 10:21:40,S06,Study-Hall,22.34,40.9,871.0
491,2025-03-10 10:21:50,S02,Lab-201,22.53,42.7,788.0
491,2025-03-10 10:21:50,S03,Lab-305,22.97,44.4,1270.0
491,2025-03-10 10:21:50,S04,Library-1F,21.68,39.3,731.0
491,2025-03-10 10:21:50,S05,Canteen,24.78,54.3,974.0
491,2025-03-10 10:21:50,S06,Study-Hall,22.56,41.9,879.0
492,2025-03-10 10:22:00,S01,Lecture-101,22.39,43.7,1009.0
492,2025-03-10 10:22:00,S02,Lab-201,22.44,42.8,797.0
492,2025-03-10 10:22:00,S03,Lab-305,22.94,44.5,1268.0
492,2025-03-10 10:22:00,S04,Library-1F,21.68,39.3,731.0
492,2025-03-10 10:22:00,S05,Canteen,24.86,54.0,968.0
492,2025-03-10 10:22:00,S06,Study-Hall,22.36,41.3,888.0
493,2025-03-10 10:22:10,S01,Lecture-101,22.47,43.1,1002.0
493,2025-03-10 10:22:10,S02,Lab-201,22.71,42.3,790.0
493,2025-03-10 10:22:10,S03,Lab-305,23.02,44.5,1255.0
493,2025-03-10 10:22:10,S04,Library-1F,21.68,39.3,731.0
493,2025-03-10 10:22:10,S05,Canteen,24.97,53.0,983.0
493,2025-03-10 10:22:10,S06,Study-Hall,22.48,41.6,867.0
494,2025-03-10 10:22:20,S01,Lecture-101,22.45,43.4,999.0
494,2025-03-10 10:22:20,S02,Lab-201,22.48,42.3,807.0
494,2025-03-10 10:22:20,S03,Lab-305,22.98,44.0,65535.0
494,2025-03-10 10:22:20,S04,Library-1F,21.68,39.3,731.0
494,2025-03-10 10:22:20,S05,Canteen,25.09,54.6,979.0
494,2025-03-10 10:22:20,S06,Study-Hall,22.38,41.8,876.0
495,2025-03-10 10:21:50,S01,Lecture-101,22.35,43.6,1022.0
495,2025-03-10 10:22:30,S01,Lecture-101,22.38,42.1,992.0
495,2025-03-10 10:22:30,S02,Lab-201,22.59,42.4,785.0
495,2025-03-10 10:22:30,S03,Lab-305,23.04,43.9,1238.0
495,2025-03-10 10:22:30,S04,Library-1F,21.68,39.3,731.0
495,2025-03-10 10:22:30,S05,Canteen,24.92,54.8,980.0
495,2025-03-10 10:22:30,S06,Study-Hall,22.3,41.0,868.0
496,2025-03-10 10:22:40,S01,Lecture-101,22.49,42.5,977.0
496,2025-03-10 10:22:40,S02,Lab-201,22.52,42.3,794.0
496,2025-03-10 10:22:40,S03,Lab-305,22.9,43.8,1242.0
496,2025-03-10 10:22:40,S04,Library-1F,21.68,39.3,731.0
496,2025-03-10 10:22:40,S05,Canteen,25.02,53.6,975.0
496,2025-03-10 10:22:40,S06,Study-Hall,22.47,40.7,869.0
497,2025-03-10 10:22:50,S01,Lecture-101,22.25,42.6,973.0
497,2025-03-10 10:22:50,S02,Lab-201,22.59,42.4,792.0
497,2025-03-10 10:22:50,S03,Lab-305,23.04,43.8,1249.0
497,2025-03-10 10:22:50,S04,Library-1F,21.68,39.3,731.0
497,2025-03-10 10:22:50,S05,Canteen,24.95,54.6,978.0
497,2025-03-10 10:22:50,S06,Study-Hall,22.43,41.2,877.0
498,2025-03-10 10:23:00,S01,Lecture-101,22.24,42.5,961.0
498,2025-03-10 10:23:00,S02,Lab-201,22.47,42.7,801.0
498,2025-03-10 10:23:00,S03,Lab-305,22.95,43.6,1237.0
498,2025-03-10 10:23:00,S05,Canteen,24.97,53.9,968.0
498,2025-03-10 10:23:00,S06,Study-Hall,22.47,41.8,871.0
499,2025-03-10 10:23:10,S01,Lecture-101,22.33,42.2,949.0
499,2025-03-10 10:23:10,S02,Lab-201,22.56,42.8,799.0
499,2025-03-10 10:23:10,S03,Lab-305,23.02,44.2,1221.0
499,2025-03-10 10:23:10,S04,Library-1F,21.68,39.3,731.0
499,2025-03-10 10:23:10,S05,Canteen,24.82,54.5,991.0
499,2025-03-10 10:23:10,S06,Study-Hall,22.46,41.5,863.0
500,2025-03-10 10:23:00,S04,Library-1F,21.68,39.3,731.0
500,2025-03-10 10:23:20,S01,Lecture-101,22.36,43.3,939.0
500,2025-03-10 10:23:20,S02,Lab-201,22.6,42.6,794.0
500,2025-03-10 10:23:20,S03,Lab-305,23.02,44.1,1210.0
500,2025-03-10 10:23:20,S04,Library-1F,21.68,39.3,731.0
500,2025-03-10 10:23:20,S05,Canteen,24.91,54.1,981.0
500,2025-03-10 10:23:20,S06,Study-Hall,22.44,41.2,864.0
501,2025-03-10 10:23:30,S01,Lecture-101,22.25,43.1,944.0
501,2025-03-10 10:23:30,S02,Lab-201,22.53,42.3,811.0
501,2025-03-10 10:23:30,S03,Lab-305,23.06,43.5,1222.0
501,2025-03-10 10:23:30,S04,Library-1F,21.68,39.3,731.0
501,2025-03-10 10:23:30,S05,Canteen,24.86,54.1,983.0
501,2025-03-10 10:23:30,S06,Study-Hall,22.41,41.9,877.0
502,2025-03-10 10:23:40,S01,Lecture-101,22.34,42.2,925.0
502,2025-03-10 10:23:40,S02,Lab-201,22.48,42.9,789.0
502,2025-03-10 10:23:40,S03,Lab-305,23.05,44.8,1206.0
502,2025-03-10 10:23:40,S04,Library-1F,21.68,39.3,731.0
502,2025-03-10 10:23:40,S05,Canteen,24.96,54.5,972.0
502,2025-03-10 10:23:40,S06,Study-Hall,22.34,41.3,867.0
503,2025-03-10 10:23:50,S01,Lecture-101,22.42,42.0,929.0
503,2025-03-10 10:23:50,S02,Lab-201,22.62,42.6,810.0
503,2025-03-10 10:23:50,S03,Lab-305,22.85,43.0,1198.0
503,2025-03-10 10:23:50,S04,Library-1F,21.68,39.3,731.0
503,2025-03-10 10:23:50,S05,Canteen,25.05,54.4,979.0
503,2025-03-10 10:23:50,S06,Study-Hall,22.4,41.9,874.0
504,2025-03-10 10:24:00,S01,Lecture-101,22.25,43.1,916.0
504,2025-03-10 10:24:00,S02,Lab-201,22.37,42.9,813.0
504,2025-03-10 10:24:00,S03,Lab-305,23.13,44.1,1199.0
504,2025-03-10 10:24:00,S04,Library-1F,21.68,39.3,731.0
504,2025-03-10 10:24:00,S05,Canteen,25.11,55.1,980.0
504,2025-03-10 10:24:00,S06,Study-Hall,22.57,41.3,864.0
505,2025-03-10 10:24:10,S01,Lecture-101,22.29,42.8,916.0
505,2025-03-10 10:24:10,S02,Lab-201,22.58,42.6,817.0
505,2025-03-10 10:24:10,S03,Lab-305,22.89,43.4,1204.0
505,2025-03-10 10:24:10,S04,Library-1F,21.68,39.3,731.0
505,2025-03-10 10:24:10,S05,Canteen,24.97,54.4,990.0
505,2025-03-10 10:24:10,S06,Study-Hall,22.31,255.0,863.0
506,2025-03-10 10:24:20,S01,Lecture-101,22.3,43.0,913.0
506,2025-03-10 10:24:20,S02,Lab-201,22.61,42.5,816.0
506,2025-03-10 10:24:20,S03,Lab-305,23.01,44.1,1183.0
506,2025-03-10 10:24:20,S04,Library-1F,21.68,39.3,731.0
506,2025-03-10 10:24:20,S05,Canteen,25.04,54.5,989.0
506,2025-03-10 10:24:20,S06,Study-Hall,22.44,41.3,865.0
507,2025-03-10 10:24:30,S01,Lecture-101,22.26,41.8,903.0
507,2025-03-10 10:24:30,S02,Lab-201,22.48,43.0,821.0
507,2025-03-10 10:24:30,S03,Lab-305,22.99,43.9,1176.0
507,2025-03-10 10:24:30,S04,Library-1F,21.68,39.3,731.0
507,2025-03-10 10:24:30,S05,Canteen,24.79,54.2,988.0
507,2025-03-10 10:24:30,S06,Study-Hall,22.18,41.3,868.0
508,2025-03-10 10:24:40,S01,Lecture-101,22.34,42.1,901.0
508,2025-03-10 10:24:40,S02,Lab-201,22.49,42.9,818.0
508,2025-03-10 10:24:40,S03,Lab-305,22.99,44.4,1181.0
508,2025-03-10 10:24:40,S04,Library-1F,21.68,39.3,731.0
508,2025-03-10 10:24:40,S05,Canteen,24.84,54.1,975.0
508,2025-03-10 10:24:40,S06,Study-Hall,22.43,41.5,858.0
509,2025-03-10 10:24:50,S01,Lecture-101,22.2,42.8,890.0
509,2025-03-10 10:24:50,S02,Lab-201,22.55,42.3,815.0
509,2025-03-10 10:24:50,S03,Lab-305,23.1,44.0,1169.0
509,2025-03-10 10:24:50,S04,Library-1F,21.68,39.3,731.0
509,2025-03-10 10:24:50,S05,Canteen,25.02,54.2,994.0
509,2025-03-10 10:24:50,S06,Study-Hall,22.48,41.4,868.0
510,2025-03-10 10:25:00,S01,Lecture-101,22.24,42.8,874.0
510,2025-03-10 10:25:00,S03,Lab-305,22.84,44.8,1174.0
510,2025-03-10 10:25:00,S04,Library-1F,21.68,39.3,731.0
510,2025-03-10 10:25:00,S05,Canteen,24.97,53.7,993.0
510,2025-03-10 10:25:00,S06,Study-Hall,22.47,41.5,864.0
511,2025-03-10 10:25:10,S01,Lecture-101,22.27,42.5,879.0
511,2025-03-10 10:25:10,S02,Lab-201,22.55,42.6,821.0
511,2025-03-10 10:25:10,S03,Lab-305,23.01,44.4,1162.0
511,2025-03-10 10:25:10,S04,Library-1F,21.68,39.3,731.0
511,2025-03-10 10:25:10,S05,Canteen,24.98,54.1,989.0
511,2025-03-10 10:25:10,S06,Study-Hall,22.36,42.0,857.0
512,2025-03-10 10:25:20,S01,Lecture-101,22.17,41.8,875.0
512,2025-03-10 10:25:20,S02,Lab-201,22.55,42.6,830.0
512,2025-03-10 10:25:20,S03,Lab-305,22.97,44.1,1164.0
512,2025-03-10 10:25:20,S04,Library-1F,21.68,39.3,731.0
512,2025-03-10 10:25:20,S05,Canteen,24.95,54.0,984.0
512,2025-03-10 10:25:20,S06,Study-Hall,22.31,41.6,852.0
513,2025-03-10 10:25:00,S02,Lab-201,22.68,43.0,823.0
513,2025-03-10 10:25:30,S01,Lecture-101,22.13,42.0,868.0
513,2025-03-10 10:25:30,S02,Lab-201,22.52,42.4,815.0
513,2025-03-10 10:25:30,S03,Lab-305,23.02,44.2,1172.0
513,2025-03-10 10:25:30,S04,Library-1F,21.68,39.3,731.0
513,2025-03-10 10:25:30,S05,Canteen,25.11,54.7,985.0
513,2025-03-10 10:25:30,S06,Study-Hall,22.32,41.4,856.0
514,2025-03-10 10:25:40,S01,Lecture-101,22.0,41.7,862.0
514,2025-03-10 10:25:40,S02,Lab-201,22.55,43.3,822.0
514,2025-03-10 10:25:40,S03,Lab-305,22.86,44.5,1155.0
514,2025-03-10 10:25:40,S04,Library-1F,21.68,39.3,731.0
514,2025-03-10 10:25:40,S05,Canteen,24.97,54.3,981.0
514,2025-03-10 10:25:40,S06,Study-Hall,22.39,41.8,856.0
515,2025-03-10 10:25:50,S01,Lecture-101,22.21,41.9,853.0
515,2025-03-10 10:25:50,S02,Lab-201,22.62,42.6,828.0
515,2025-03-10 10:25:50,S03,Lab-305,23.05,44.6,1151.0
515,2025-03-10 10:25:50,S04,Library-1F,21.68,39.3,731.0
515,2025-03-10 10:25:50,S05,Canteen,24.97,54.0,983.0
515,2025-03-10 10:25:50,S06,Study-Hall,22.34,41.5,854.0
516,2025-03-10 10:26:00,S01,Lecture-101,22.08,41.7,848.0
516,2025-03-10 10:26:00,S02,Lab-201,22.52,42.7,825.0
516,2025-03-10 10:26:00,S03,Lab-305,22.93,44.9,1139.0
516,2025-03-10 10:26:00,S04,Library-1F,21.68,39.3,731.0
516,2025-03-10 10:26:00,S05,Canteen,25.03,55.1,974.0
516,2025-03-10 10:26:00,S06,Study-Hall,22.35,41.7,857.0
517,2025-03-10 10:26:10,S01,Lecture-101,22.22,42.3,831.0
517,2025-03-10 10:26:10,S02,Lab-201,22.55,42.0,834.0
517,2025-03-10 10:26:10,S03,Lab-305,22.97,44.1,1142.0
517,2025-03-10 10:26:10,S04,Library-1F,21.68,39.3,731.0
517,2025-03-10 10:26:10,S05,Canteen,24.98,54.2,981.0
517,2025-03-10 10:26:10,S06,Study-Hall,22.42,40.9,857.0
518,2025-03-10 10:26:20,S01,Lecture-101,22.08,42.1,824.0
518,2025-03-10 10:26:20,S02,Lab-201,22.66,43.0,830.0
518,2025-03-10 10:26:20,S03,Lab-305,22.86,44.4,1137.0
518,2025-03-10 10:26:20,S04,Library-1F,21.68,39.3,731.0
518,2025-03-10 10:26:20,S05,Canteen,25.05,53.9,983.0
518,2025-03-10 10:26:20,S06,Study-Hall,22.39,41.9,867.0
519,2025-03-10 10:26:30,S01,Lecture-101,22.29,41.5,833.0
519,2025-03-10 10:26:30,S02,Lab-201,22.51,42.6,823.0
519,2025-03-10 10:26:30,S03,Lab-305,22.89,43.9,1133.0
519,2025-03-10 10:26:30,S04,Library-1F,21.68,39.3,731.0
519,2025-03-10 10:26:30,S05,Canteen,24.85,54.3,977.0
519,2025-03-10 10:26:30,S06,Study-Hall,22.4,42.0,857.0
520,2025-03-10 10:26:40,S01,Lecture-101,22.18,42.4,818.0
520,2025-03-10 10:26:40,S02,Lab-201,22.61,43.2,831.0
520,2025-03-10 10:26:40,S03,Lab-305,22.87,43.8,1135.0
520,2025-03-10 10:26:40,S04,Library-1F,21.68,39.3,731.0
520,2025-03-10 10:26:40,S05,Canteen,25.03,54.6,984.0
520,2025-03-10 10:26:40,S06,Study-Hall,22.49,41.1,868.0
521,2025-03-10 10:26:50,S01,Lecture-101,22.13,41.9,812.0
521,2025-03-10 10:26:50,S02,Lab-201,22.53,42.2,835.0
521,2025-03-10 10:26:50,S03,Lab-305,22.97,44.1,1121.0
521,2025-03-10 10:26:50,S04,Library-1F,21.68,39.3,731.0
521,2025-03-10 10:26:50,S05,Canteen,25.0,54.7,986.0
521,2025-03-10 10:26:50,S06,Study-Hall,22.29,41.3,859.0
522,2025-03-10 10:26:50,S06,Study-Hall,22.29,41.3,859.0
522,2025-03-10 10:27:00,S01,Lecture-101,22.08,41.4,819.0
522,2025-03-10 10:27:00,S02,Lab-201,22.53,42.9,828.0
522,2025-03-10 10:27:00,S03,Lab-305,22.8,43.4,1117.0
522,2025-03-10 10:27:00,S04,Library-1F,21.68,39.3,731.0
522,2025-03-10 10:27:00,S05,Canteen,24.96,54.6,991.0
522,2025-03-10 10:27:00,S06,Study-Hall,22.44,41.5,857.0
523,2025-03-10 10:27:10,S01,Lecture-101,22.1,41.3,806.0
523,2025-03-10 10:27:10,S02,Lab-201,22.67,42.5,833.0
523,2025-03-10 10:27:10,S03,Lab-305,22.97,43.7,1123.0
523,2025-03-10 10:27:10,S04,Library-1F,21.68,39.3,731.0
523,2025-03-10 10:27:10,S05,Canteen,25.07,54.7,987.0
523,2025-03-10 10:27:10,S06,Study-Hall,22.33,41.3,860.0
524,2025-03-10 10:27:20,S01,Lecture-101,21.94,42.2,806.0
524,2025-03-10 10:27:20,S02,Lab-201,22.6,42.3,835.0
524,2025-03-10 10:27:20,S03,Lab-305,23.17,44.5,1119.0
524,2025-03-10 10:27:20,S04,Library-1F,21.68,39.3,731.0
524,2025-03-10 10:27:20,S05,Canteen,25.18,54.7,981.0
524,2025-03-10 10:27:20,S06,Study-Hall,22.41,41.4,849.0
525,2025-03-10 10:27:30,S01,Lecture-101,22.08,41.6,802.0
525,2025-03-10 10:27:30,S02,Lab-201,22.48,42.4,837.0
525,2025-03-10 10:27:30,S03,Lab-305,22.98,44.2,1108.0
525,2025-03-10 10:27:30,S04,Library-1F,21.68,39.3,731.0
525,2025-03-10 10:27:30,S05,Canteen,24.96,54.4,990.0
525,2025-03-10 10:27:30,S06,Study-Hall,22.39,40.9,858.0
526,2025-03-10 10:27:40,S01,Lecture-101,22.0,41.6,794.0
526,2025-03-10 10:27:40,S02,Lab-201,22.48,42.7,837.0
526,2025-03-10 10:27:40,S03,Lab-305,22.84,44.1,1098.0
526,2025-03-10 10:27:40,S04,Library-1F,21.68,39.3,731.0
526,2025-03-10 10:27:40,S05,Canteen,25.21,54.3,981.0
526,2025-03-10 10:27:40,S06,Study-Hall,22.49,41.3,854.0
527,2025-03-10 10:27:50,S01,Lecture-101,22.19,42.1,786.0
527,2025-03-10 10:27:50,S02,Lab-201,22.51,42.9,834.0
527,2025-03-10 10:27:50,S03,Lab-305,22.96,43.8,1104.0
527,2025-03-10 10:27:50,S04,Library-1F,21.68,39.3,731.0
527,2025-03-10 10:27:50,S05,Canteen,25.06,54.7,979.0
527,2025-03-10 10:27:50,S06,Study-Hall,22.43,41.4,855.0
528,2025-03-10 10:28:00,S01,Lecture-101,21.92,41.7,783.0
528,2025-03-10 10:28:00,S02,Lab-201,22.41,42.9,831.0
528,2025-03-10 10:28:00,S03,Lab-305,22.86,43.5,1107.0
528,2025-03-10 10:28:00,S04,Library-1F,21.68,39.3,731.0
528,2025-03-10 10:28:00,S05,Canteen,24.83,54.4,980.0
528,2025-03-10 10:28:00,S06,Study-Hall,22.42,41.2,851.0
529,2025-03-10 10:28:10,S01,Lecture-101,22.01,41.6,794.0
529,2025-03-10 10:28:10,S02,Lab-201,22.71,42.4,835.0
529,2025-03-10 10:28:10,S03,Lab-305,23.02,44.7,1084.0
529,2025-03-10 10:28:10,S04,Library-1F,21.68,39.3,731.0
529,2025-03-10 10:28:10,S05,Canteen,25.05,54.3,978.0
529,2025-03-10 10:28:10,S06,Study-Hall,22.41,40.8,848.0
530,2025-03-10 10:28:20,S01,Lecture-101,21.97,41.8,773.0
530,2025-03-10 10:28:20,S02,Lab-201,22.65,42.5,842.0
530,2025-03-10 10:28:20,S03,Lab-305,23.0,43.6,1081.0
530,2025-03-10 10:28:20,S04,Library-1F,21.68,39.3,731.0
530,2025-03-10 10:28:20,S05,Canteen,25.04,54.2,969.0
530,2025-03-10 10:28:20,S06,Study-Hall,22.37,41.7,853.0
531,2025-03-10 10:28:30,S01,Lecture-101,21.95,41.1,773.0
531,2025-03-10 10:28:30,S02,Lab-201,22.63,43.1,850.0
531,2025-03-10 10:28:30,S03,Lab-305,22.99,45.3,1079.0
531,2025-03-10 10:28:30,S04,Library-1F,21.68,39.3,731.0
531,2025-03-10 10:28:30,S05,Canteen,25.05,54.1,989.0
531,2025-03-10 10:28:30,S06,Study-Hall,22.45,41.6,846.0
532,2025-03-10 10:28:40,S01,Lecture-101,21.98,41.9,757.0
532,2025-03-10 10:28:40,S02,Lab-201,22.69,42.8,843.0
532,2025-03-10 10:28:40,S03,Lab-305,22.88,43.8,1070.0
532,2025-03-10 10:28:40,S04,Library-1F,21.68,39.3,731.0
532,2025-03-10 10:28:40,S05,Canteen,25.14,54.6,977.0
532,2025-03-10 10:28:40,S06,Study-Hall,22.43,40.7,851.0
533,2025-03-10 10:28:50,S01,Lecture-101,21.92,41.1,757.0
533,2025-03-10 10:28:50,S02,Lab-201,22.57,42.1,848.0
533,2025-03-10 10:28:50,S03,Lab-305,22.88,44.5,1072.0
533,2025-03-10 10:28:50,S04,Library-1F,21.68,39.3,731.0
533,2025-03-10 10:28:50,S05,Canteen,24.92,54.6,986.0
533,2025-03-10 10:28:50,S06,Study-Hall,,40.6,848.0
534,2025-03-10 10:29:00,S01,Lecture-101,21.89,41.2,748.0
534,2025-03-10 10:29:00,S02,Lab-201,22.64,42.8,848.0
534,2025-03-10 10:29:00,S03,Lab-305,22.95,44.0,1075.0
534,2025-03-10 10:29:00,S04,Library-1F,21.68,39.3,731.0
534,2025-03-10 10:29:00,S05,Canteen,25.11,53.6,973.0
534,2025-03-10 10:29:00,S06,Study-Hall,22.41,41.4,845.0
535,2025-03-10 10:29:10,S01,Lecture-101,21.9,41.1,745.0
535,2025-03-10 10:29:10,S02,Lab-201,22.82,43.4,840.0
535,2025-03-10 10:29:10,S03,Lab-305,22.98,44.5,1072.0
535,2025-03-10 10:29:10,S04,Library-1F,21.68,39.3,731.0
535,2025-03-10 10:29:10,S05,Canteen,25.08,55.2,979.0
535,2025-03-10 10:29:10,S06,Study-Hall,22.37,41.3,852.0
536,2025-03-10 10:29:20,S01,Lecture-101,21.94,42.3,741.0
536,2025-03-10 10:29:20,S02,Lab-201,22.74,42.4,847.0
536,2025-03-10 10:29:20,S03,Lab-305,22.97,44.3,1060.0
536,2025-03-10 10:29:20,S04,Library-1F,21.68,39.3,731.0
536,2025-03-10 10:29:20,S05,Canteen,24.92,54.7,989.0
536,2025-03-10 10:29:20,S06,Study-Hall,,40.9,856.0
537,2025-03-10 10:29:30,S01,Lecture-101,21.94,41.2,724.0
537,2025-03-10 10:29:30,S02,Lab-201,22.58,42.2,853.0
537,2025-03-10 10:29:30,S03,Lab-305,22.9,44.1,1050.0
537,2025-03-10 10:29:30,S04,Library-1F,21.68,39.3,731.0
537,2025-03-10 10:29:30,S05,Canteen,25.06,55.2,985.0
537,2025-03-10 10:29:30,S06,Study-Hall,22.41,41.6,852.0
538,2025-03-10 10:29:40,S01,Lecture-101,21.91,40.5,740.0
538,2025-03-10 10:29:40,S02,Lab-201,22.58,42.5,834.0
538,2025-03-10 10:29:40,S03,Lab-305,22.99,43.7,1056.0
538,2025-03-10 10:29:40,S04,Library-1F,21.68,39.3,731.0
538,2025-03-10 10:29:40,S05,Canteen,25.08,55.1,982.0
538,2025-03-10 10:29:40,S06,Study-Hall,22.45,41.0,861.0
539,2025-03-10 10:29:50,S02,Lab-201,22.55,42.9,834.0
539,2025-03-10 10:29:50,S03,Lab-305,22.99,44.8,1041.0
539,2025-03-10 10:29:50,S04,Library-1F,21.68,39.3,731.0
539,2025-03-10 10:29:50,S05,Canteen,24.86,54.7,980.0
539,2025-03-10 10:29:50,S06,Study-Hall,22.41,41.7,846.0
540,2025-03-10 10:30:00,S01,Lecture-101,21.91,40.5,748.0
540,2025-03-10 10:30:00,S02,Lab-201,22.68,42.0,848.0
540,2025-03-10 10:30:00,S03,Lab-305,23.01,43.9,1045.0
540,2025-03-10 10:30:00,S04,Library-1F,21.68,39.3,731.0
540,2025-03-10 10:30:00,S05,Canteen,25.0,54.9,982.0
540,2025-03-10 10:30:00,S06,Study-Hall,22.39,41.5,849.0
541,2025-03-10 10:29:50,S01,Lecture-101,22.03,41.3,736.0
541,2025-03-10 10:30:10,S01,Lecture-101,22.01,41.4,724.0
541,2025-03-10 10:30:10,S02,Lab-201,22.54,42.4,843.0
541,2025-03-10 10:30:10,S03,Lab-305,22.83,44.5,1039.0
541,2025-03-10 10:30:10,S04,Library-1F,21.68,39.3,731.0
541,2025-03-10 10:30:10,S05,Canteen,25.01,54.4,977.0
541,2025-03-10 10:30:10,S06,Study-Hall,22.36,41.9,860.0
542,2025-03-10 10:30:20,S01,Lecture-101,21.86,41.3,712.0
542,2025-03-10 10:30:20,S02,Lab-201,22.6,42.9,852.0
542,2025-03-10 10:30:20,S03,Lab-305,22.85,43.9,1028.0
542,2025-03-10 10:30:20,S04,Library-1F,21.68,39.3,731.0
542,2025-03-10 10:30:20,S05,Canteen,25.18,54.5,977.0
542,2025-03-10 10:30:20,S06,Study-Hall,22.46,41.3,849.0
543,2025-03-10 10:30:30,S01,Lecture-101,21.94,40.5,728.0
543,2025-03-10 10:30:30,S02,Lab-201,22.58,42.9,836.0
543,2025-03-10 10:30:30,S03,Lab-305,22.88,44.2,1033.0
543,2025-03-10 10:30:30,S04,Library-1F,21.68,39.3,731.0
543,2025-03-10 10:30:30,S05,Canteen,24.96,54.8,980.0
543,2025-03-10 10:30:30,S06,Study-Hall,22.41,41.6,863.0
544,2025-03-10 10:30:40,S01,Lecture-101,21.86,41.0,719.0
544,2025-03-10 10:30:40,S02,Lab-201,22.73,41.9,842.0
544,2025-03-10 10:30:40,S03,Lab-305,22.99,44.8,1016.0
544,2025-03-10 10:30:40,S04,Library-1F,21.68,39.3,731.0
544,2025-03-10 10:30:40,S05,Canteen,24.9,54.8,988.0
544,2025-03-10 10:30:40,S06,Study-Hall,22.39,41.3,854.0
545,2025-03-10 10:30:50,S01,Lecture-101,21.97,41.2,714.0
545,2025-03-10 10:30:50,S02,Lab-201,22.57,42.7,831.0
545,2025-03-10 10:30:50,S03,Lab-305,23.0,44.5,1008.0
545,2025-03-10 10:30:50,S04,Library-1F,21.68,39.3,731.0
545,2025-03-10 10:30:50,S05,Canteen,24.94,55.2,984.0
545,2025-03-10 10:30:50,S06,Study-Hall,22.56,41.8,855.0
546,2025-03-10 10:31:00,S01,Lecture-101,21.74,40.4,703.0
546,2025-03-10 10:31:00,S02,Lab-201,22.52,42.0,833.0
546,2025-03-10 10:31:00,S03,Lab-305,22.95,43.8,1021.0
546,2025-03-10 10:31:00,S04,Library-1F,21.68,39.3,731.0
546,2025-03-10 10:31:00,S05,Canteen,24.92,54.6,992.0
546,2025-03-10 10:31:00,S06,Study-Hall,22.35,41.4,857.0
547,2025-03-10 10:31:10,S01,Lecture-101,21.91,40.9,710.0
547,2025-03-10 10:31:10,S02,Lab-201,22.54,42.9,844.0
547,2025-03-10 10:31:10,S03,Lab-305,23.02,44.7,1010.0
547,2025-03-10 10:31:10,S04,Library-1F,21.68,39.3,731.0
547,2025-03-10 10:31:10,S05,Canteen,24.98,55.3,985.0
547,2025-03-10 10:31:10,S06,Study-Hall,22.61,41.1,851.0
548,2025-03-10 10:31:10,S01,Lecture-101,21.91,40.9,710.0
548,2025-03-10 10:31:20,S01,Lecture-101,21.88,40.9,715.0
548,2025-03-10 10:31:20,S02,Lab-201,22.62,42.8,845.0
548,2025-03-10 10:31:20,S03,Lab-305,22.85,43.8,1012.0
548,2025-03-10 10:31:20,S04,Library-1F,21.68,39.3,731.0
548,2025-03-10 10:31:20,S05,Canteen,25.1,54.8,970.0
548,2025-03-10 10:31:20,S06,Study-Hall,22.33,42.1,859.0
549,2025-03-10 10:31:30,S01,Lecture-101,21.92,40.7,701.0
549,2025-03-10 10:31:30,S02,Lab-201,22.63,42.8,850.0
549,2025-03-10 10:31:30,S03,Lab-305,22.98,44.3,1004.0
549,2025-03-10 10:31:30,S04,Library-1F,21.68,39.3,731.0
549,2025-03-10 10:31:30,S05,Canteen,25.04,54.4,990.0
549,2025-03-10 10:31:30,S06,Study-Hall,22.39,41.4,871.0
550,2025-03-10 10:31:40,S01,Lecture-101,21.98,41.0,695.0
550,2025-03-10 10:31:40,S02,Lab-201,22.71,43.4,842.0
550,2025-03-10 10:31:40,S03,Lab-305,22.91,43.9,1007.0
550,2025-03-10 10:31:40,S04,Library-1F,21.68,39.3,731.0
550,2025-03-10 10:31:40,S05,Canteen,24.93,54.9,990.0
550,2025-03-10 10:31:40,S06,Study-Hall,22.22,41.9,868.0
551,2025-03-10 10:31:50,S01,Lecture-101,21.89,40.7,691.0
551,2025-03-10 10:31:50,S02,Lab-201,22.61,42.9,854.0
551,2025-03-10 10:31:50,S03,Lab-305,22.84,44.4,999.0
551,2025-03-10 10:31:50,S04,Library-1F,21.68,39.3,731.0
551,2025-03-10 10:31:50,S05,Canteen,25.12,54.7,984.0
551,2025-03-10 10:31:50,S06,Study-Hall,22.5,41.1,851.0
552,2025-03-10 10:32:00,S01,Lecture-101,21.76,40.9,682.0
552,2025-03-10 10:32:00,S03,Lab-305,22.82,44.9,993.0
552,2025-03-10 10:32:00,S04,Library-1F,21.68,39.3,731.0
552,2025-03-10 10:32:00,S05,Canteen,24.96,54.9,972.0
552,2025-03-10 10:32:00,S06,Study-Hall,22.45,41.1,876.0
553,2025-03-10 10:32:10,S01,Lecture-101,21.89,40.8,692.0
553,2025-03-10 10:32:10,S02,Lab-201,,42.1,842.0
553,2025-03-10 10:32:10,S03,Lab-305,23.08,44.2,989.0
553,2025-03-10 10:32:10,S04,Library-1F,21.68,39.3,731.0
553,2025-03-10 10:32:10,S05,Canteen,24.98,55.0,986.0
553,2025-03-10 10:32:10,S06,Study-Hall,22.46,40.8,866.0
554,2025-03-10 10:32:00,S02,Lab-201,22.65,42.5,845.0
554,2025-03-10 10:32:20,S01,Lecture-101,21.87,40.9,677.0
554,2025-03-10 10:32:20,S02,Lab-201,22.6,43.7,837.0
554,2025-03-10 10:32:20,S03,Lab-305,23.03,44.2,998.0
554,2025-03-10 10:32:20,S04,Library-1F,21.68,39.3,731.0
554,2025-03-10 10:32:20,S05,Canteen,24.96,54.5,985.0
554,2025-03-10 10:32:20,S06,Study-Hall,22.27,41.9,874.0
555,2025-03-10 10:32:30,S01,Lecture-101,21.93,41.0,669.0
555,2025-03-10 10:32:30,S02,Lab-201,22.56,42.3,836.0
555,2025-03-10 10:32:30,S03,Lab-305,22.99,44.9,984.0
555,2025-03-10 10:32:30,S04,Library-1F,21.68,39.3,731.0
555,2025-03-10 10:32:30,S05,Canteen,25.04,55.3,985.0
556,2025-03-10 10:32:40,S01,Lecture-101,21.85,39.7,656.0
556,2025-03-10 10:32:40,S02,Lab-201,22.68,43.1,839.0
556,2025-03-10 10:32:40,S03,Lab-305,23.04,44.5,980.0
556,2025-03-10 10:32:40,S04,Library-1F,21.68,39.3,731.0
556,2025-03-10 10:32:40,S05,Canteen,25.05,54.5,989.0
556,2025-03-10 10:32:40,S06,Study-Hall,22.46,40.6,860.0
557,2025-03-10 10:32:30,S06,Study-Hall,,41.3,860.0
557,2025-03-10 10:32:50,S01,Lecture-101,21.7,40.1,676.0
557,2025-03-10 10:32:50,S02,Lab-201,22.73,43.1,849.0
557,2025-03-10 10:32:50,S03,Lab-305,22.85,44.6,971.0
557,2025-03-10 10:32:50,S04,Library-1F,21.68,39.3,731.0
557,2025-03-10 10:32:50,S05,Canteen,25.04,54.9,989.0
557,2025-03-10 10:32:50,S06,Study-Hall,22.46,41.5,862.0
558,2025-03-10 10:33:00,S01,Lecture-101,21.81,40.5,670.0
558,2025-03-10 10:33:00,S02,Lab-201,22.47,43.0,853.0
558,2025-03-10 10:33:00,S03,Lab-305,22.97,43.7,973.0
558,2025-03-10 10:33:00,S04,Library-1F,21.68,39.3,731.0
558,2025-03-10 10:33:00,S05,Canteen,25.1,54.3,980.0
558,2025-03-10 10:33:00,S06,Study-Hall,22.43,40.8,861.0
559,2025-03-10 10:33:10,S01,Lecture-101,21.77,39.9,660.0
559,2025-03-10 10:33:10,S02,Lab-201,22.42,42.2,855.0
559,2025-03-10 10:33:10,S03,Lab-305,22.98,44.4,982.0
559,2025-03-10 10:33:10,S04,Library-1F,21.68,39.3,731.0
559,2025-03-10 10:33:10,S05,Canteen,25.02,54.9,974.0
559,2025-03-10 10:33:10,S06,Study-Hall,22.28,41.9,871.0
560,2025-03-10 10:33:20,S01,Lecture-101,21.76,41.0,658.0
560,2025-03-10 10:33:20,S02,Lab-201,22.57,41.9,852.0
560,2025-03-10 10:33:20,S03,Lab-305,23.02,43.7,971.0
560,2025-03-10 10:33:20,S04,Library-1F,21.68,39.3,731.0
560,2025-03-10 10:33:20,S05,Canteen,25.06,54.2,980.0
560,2025-03-10 10:33:20,S06,Study-Hall,22.48,40.9,860.0
561,2025-03-10 10:33:30,S01,Lecture-101,21.78,40.6,656.0
561,2025-03-10 10:33:30,S02,Lab-201,22.58,43.2,849.0
561,2025-03-10 10:33:30,S03,Lab-305,22.88,44.4,973.0
561,2025-03-10 10:33:30,S04,Library-1F,21.68,39.3,731.0
561,2025-03-10 10:33:30,S05,Canteen,25.02,55.1,982.0
561,2025-03-10 10:33:30,S06,Study-Hall,22.41,41.5,852.0
562,2025-03-10 10:33:40,S01,Lecture-101,21.78,40.7,645.0
562,2025-03-10 10:33:40,S02,Lab-201,22.58,43.0,863.0
562,2025-03-10 10:33:40,S03,Lab-305,22.98,44.7,963.0
562,2025-03-10 10:33:40,S04,Library-1F,21.68,39.3,731.0
562,2025-03-10 10:33:40,S05,Canteen,25.09,55.1,989.0
562,2025-03-10 10:33:40,S06,Study-Hall,22.26,40.6,862.0
563,2025-03-10 10:33:50,S01,Lecture-101,21.77,40.6,654.0
563,2025-03-10 10:33:50,S02,Lab-201,22.54,43.0,841.0
563,2025-03-10 10:33:50,S03,Lab-305,23.1,44.6,963.0
563,2025-03-10 10:33:50,S04,Library-1F,21.68,39.3,731.0
563,2025-03-10 10:33:50,S05,Canteen,24.94,54.8,991.0
563,2025-03-10 10:33:50,S06,Study-Hall,22.38,42.3,850.0
564,2025-03-10 10:34:00,S01,Lecture-101,21.8,40.2,650.0
564,2025-03-10 10:34:00,S02,Lab-201,22.62,42.2,857.0
564,2025-03-10 10:34:00,S03,Lab-305,23.06,43.9,963.0
564,2025-03-10 10:34:00,S04,Library-1F,21.68,39.3,731.0
564,2025-03-10 10:34:00,S05,Canteen,25.01,54.6,983.0
564,2025-03-10 10:34:00,S06,Study-Hall,22.46,41.4,856.0
565,2025-03-10 10:34:10,S01,Lecture-101,21.57,40.0,631.0
565,2025-03-10 10:34:10,S02,Lab-201,22.71,42.9,857.0
565,2025-03-10 10:34:10,S03,Lab-305,22.93,44.3,967.0
565,2025-03-10 10:34:10,S04,Library-1F,21.68,39.3,731.0
565,2025-03-10 10:34:10,S05,Canteen,24.85,54.7,983.0
565,2025-03-10 10:34:10,S06,Study-Hall,22.43,41.6,865.0
566,2025-03-10 10:34:20,S01,Lecture-101,21.69,39.7,635.0
566,2025-03-10 10:34:20,S02,Lab-201,22.62,42.4,851.0
566,2025-03-10 10:34:20,S03,Lab-305,23.01,44.2,957.0
566,2025-03-10 10:34:20,S04,Library-1F,21.68,39.3,731.0
566,2025-03-10 10:34:20,S05,Canteen,25.09,54.4,988.0
566,2025-03-10 10:34:20,S06,Study-Hall,22.46,41.5,872.0
567,2025-03-10 10:34:30,S01,Lecture-101,21.76,40.5,638.0
567,2025-03-10 10:34:30,S03,Lab-305,22.95,43.9,970.0
567,2025-03-10 10:34:30,S04,Library-1F,21.68,39.3,731.0
567,2025-03-10 10:34:30,S05,Canteen,25.25,54.8,985.0
567,2025-03-10 10:34:30,S06,Study-Hall,22.34,41.5,862.0
568,2025-03-10 10:34:40,S01,Lecture-101,21.71,40.1,627.0
568,2025-03-10 10:34:40,S02,Lab-201,22.52,43.7,855.0
568,2025-03-10 10:34:40,S03,Lab-305,22.79,44.3,959.0
568,2025-03-10 10:34:40,S04,Library-1F,21.68,39.3,731.0
568,2025-03-10 10:34:40,S05,Canteen,25.12,53.9,974.0
568,2025-03-10 10:34:40,S06,Study-Hall,22.49,40.7,865.0
569,2025-03-10 10:34:50,S01,Lecture-101,21.71,39.9,626.0
569,2025-03-10 10:34:50,S02,Lab-201,22.69,43.5,850.0
569,2025-03-10 10:34:50,S03,Lab-305,23.01,43.9,965.0
569,2025-03-10 10:34:50,S04,Library-1F,21.68,39.3,731.0
569,2025-03-10 10:34:50,S05,Canteen,25.21,54.6,980.0
569,2025-03-10 10:34:50,S06,Study-Hall,22.37,41.0,860.0
570,2025-03-10 10:35:00,S01,Lecture-101,21.84,40.3,636.0
570,2025-03-10 10:35:00,S02,Lab-201,22.55,43.0,847.0
570,2025-03-10 10:35:00,S03,Lab-305,22.99,44.8,965.0
570,2025-03-10 10:35:00,S04,Library-1F,21.73,39.5,724.0
570,2025-03-10 10:35:00,S05,Canteen,25.12,54.3,986.0
570,2025-03-10 10:35:00,S06,Study-Hall,22.41,41.6,852.0
571,2025-03-10 10:34:30,S02,Lab-201,22.63,42.5,863.0
571,2025-03-10 10:35:10,S01,Lecture-101,21.85,40.6,640.0
571,2025-03-10 10:35:10,S02,Lab-201,22.62,43.1,851.0
571,2025-03-10 10:35:10,S03,Lab-305,22.86,44.2,964.0
571,2025-03-10 10:35:10,S04,Library-1F,21.66,39.2,722.0
571,2025-03-10 10:35:10,S05,Canteen,25.03,54.9,985.0
571,2025-03-10 10:35:10,S06,Study-Hall,22.46,41.1,862.0
572,2025-03-10 10:35:20,S01,Lecture-101,21.81,40.2,642.0
572,2025-03-10 10:35:20,S02,Lab-201,22.6,42.7,
572,2025-03-10 10:35:20,S03,Lab-305,22.9,44.6,956.0
572,2025-03-10 10:35:20,S04,Library-1F,21.77,39.3,715.0
572,2025-03-10 10:35:20,S05,Canteen,25.23,55.9,990.0
572,2025-03-10 10:35:20,S06,Study-Hall,22.42,41.1,852.0
573,2025-03-10 10:35:30,S01,Lecture-101,21.83,40.6,649.0
573,2025-03-10 10:35:30,S02,Lab-201,22.73,42.8,847.0
573,2025-03-10 10:35:30,S03,Lab-305,22.92,44.1,953.0
573,2025-03-10 10:35:30,S04,Library-1F,21.74,39.8,733.0
573,2025-03-10 10:35:30,S05,Canteen,25.13,55.3,980.0
573,2025-03-10 10:35:30,S06,Study-Hall,22.35,40.8,860.0
574,2025-03-10 10:35:40,S01,Lecture-101,21.86,40.2,645.0
574,2025-03-10 10:35:40,S02,Lab-201,22.7,43.0,844.0
574,2025-03-10 10:35:40,S03,Lab-305,22.99,44.7,941.0
574,2025-03-10 10:35:40,S04,Library-1F,21.71,40.3,732.0
574,2025-03-10 10:35:40,S05,Canteen,25.02,54.5,975.0
574,2025-03-10 10:35:40,S06,Study-Hall,22.64,41.9,877.0
575,2025-03-10 10:35:50,S01,Lecture-101,21.77,40.2,650.0
575,2025-03-10 10:35:50,S02,Lab-201,22.59,42.8,844.0
575,2025-03-10 10:35:50,S03,Lab-305,22.92,44.6,943.0
575,2025-03-10 10:35:50,S04,Library-1F,21.66,39.7,732.0
575,2025-03-10 10:35:50,S05,Canteen,25.07,54.3,987.0
575,2025-03-10 10:35:50,S06,Study-Hall,22.38,41.6,859.0
576,2025-03-10 10:36:00,S01,Lecture-101,21.98,40.5,658.0
576,2025-03-10 10:36:00,S02,Lab-201,22.46,43.5,850.0
576,2025-03-10 10:36:00,S03,Lab-305,22.84,44.9,927.0
576,2025-03-10 10:36:00,S04,Library-1F,21.69,39.5,730.0
576,2025-03-10 10:36:00,S05,Canteen,24.96,54.8,987.0
576,2025-03-10 10:36:00,S06,Study-Hall,22.41,41.8,865.0
577,2025-03-10 10:36:10,S01,Lecture-101,21.73,40.3,669.0
577,2025-03-10 10:36:10,S02,Lab-201,22.64,43.0,859.0
577,2025-03-10 10:36:10,S03,Lab-305,23.01,44.6,938.0
577,2025-03-10 10:36:10,S04,Library-1F,21.69,39.3,726.0
577,2025-03-10 10:36:10,S05,Canteen,25.19,54.8,984.0
577,2025-03-10 10:36:10,S06,Study-Hall,22.36,41.6,854.0
578,2025-03-10 10:36:20,S01,Lecture-101,21.77,41.0,653.0
578,2025-03-10 10:36:20,S02,Lab-201,22.58,42.4,851.0
578,2025-03-10 10:36:20,S03,Lab-305,22.95,44.6,936.0
578,2025-03-10 10:36:20,S04,Library-1F,21.65,39.2,729.0
578,2025-03-10 10:36:20,S05,Canteen,25.07,55.4,978.0
578,2025-03-10 10:36:20,S06,Study-Hall,22.61,41.4,860.0
579,2025-03-10 10:36:30,S01,Lecture-101,21.79,40.4,663.0
579,2025-03-10 10:36:30,S02,Lab-201,22.54,42.8,852.0
579,2025-03-10 10:36:30,S03,Lab-305,22.95,44.2,933.0
579,2025-03-10 10:36:30,S04,Library-1F,21.8,38.6,729.0
579,2025-03-10 10:36:30,S05,Canteen,25.08,55.0,992.0
579,2025-03-10 10:36:30,S06,Study-Hall,22.47,41.4,862.0
580,2025-03-10 10:36:40,S01,Lecture-101,21.88,40.6,679.0
580,2025-03-10 10:36:40,S02,Lab-201,22.71,43.2,846.0
580,2025-03-10 10:36:40,S03,Lab-305,22.95,44.3,932.0
580,2025-03-10 10:36:40,S04,Library-1F,21.75,39.7,727.0
580,2025-03-10 10:36:40,S05,Canteen,24.96,54.3,987.0
580,2025-03-10 10:36:40,S06,Study-Hall,22.46,41.8,849.0
581,2025-03-10 10:36:50,S01,Lecture-101,21.81,40.2,673.0
581,2025-03-10 10:36:50,S02,Lab-201,22.61,43.0,846.0
581,2025-03-10 10:36:50,S03,Lab-305,22.9,44.0,932.0
581,2025-03-10 10:36:50,S04,Library-1F,21.63,40.0,734.0
581,2025-03-10 10:36:50,S05,Canteen,25.01,55.0,991.0
581,2025-03-10 10:36:50,S06,Study-Hall,22.53,40.7,868.0
582,2025-03-10 10:37:00,S01,Lecture-101,21.82,39.9,690.0
582,2025-03-10 10:37:00,S02,Lab-201,22.63,43.7,854.0
582,2025-03-10 10:37:00,S03,Lab-305,22.94,44.5,941.0
582,2025-03-10 10:37:00,S04,Library-1F,21.85,40.0,731.0
582,2025-03-10 10:37:00,S05,Canteen,25.17,55.1,987.0
582,2025-03-10 10:37:00,S06,Study-Hall,22.24,41.2,870.0
583,2025-03-10 10:37:10,S01,Lecture-101,21.86,41.1,683.0
583,2025-03-10 10:37:10,S02,Lab-201,22.61,43.4,853.0
583,2025-03-10 10:37:10,S03,Lab-305,23.01,44.1,926.0
583,2025-03-10 10:37:10,S04,Library-1F,21.72,39.3,724.0
583,2025-03-10 10:37:10,S05,Canteen,24.99,55.4,994.0
583,2025-03-10 10:37:10,S06,Study-Hall,22.43,42.2,866.0
584,2025-03-10 10:37:20,S01,Lecture-101,22.03,41.4,696.0
584,2025-03-10 10:37:20,S02,Lab-201,22.62,43.4,862.0
584,2025-03-10 10:37:20,S03,Lab-305,22.94,44.1,918.0
584,2025-03-10 10:37:20,S04,Library-1F,21.71,39.7,735.0
584,2025-03-10 10:37:20,S05,Canteen,25.1,54.9,990.0
584,2025-03-10 10:37:20,S06,Study-Hall,22.59,40.7,866.0
585,2025-03-10 10:37:30,S01,Lecture-101,22.03,40.7,690.0
585,2025-03-10 10:37:30,S02,Lab-201,22.75,43.2,862.0
585,2025-03-10 10:37:30,S03,Lab-305,22.85,44.5,919.0
585,2025-03-10 10:37:30,S04,Library-1F,21.66,39.1,728.0
585,2025-03-10 10:37:30,S05,Canteen,24.94,54.6,975.0
585,2025-03-10 10:37:30,S06,Study-Hall,22.45,40.6,859.0
586,2025-03-10 10:37:40,S01,Lecture-101,21.9,41.0,704.0
586,2025-03-10 10:37:40,S02,Lab-201,22.6,43.4,849.0
586,2025-03-10 10:37:40,S03,Lab-305,22.87,44.0,914.0
586,2025-03-10 10:37:40,S04,Library-1F,21.49,39.2,735.0
586,2025-03-10 10:37:40,S05,Canteen,25.18,55.2,989.0
586,2025-03-10 10:37:40,S06,Study-Hall,22.36,41.8,867.0
587,2025-03-10 10:37:50,S01,Lecture-101,22.04,40.2,695.0
587,2025-03-10 10:37:50,S02,Lab-201,22.77,43.5,852.0
587,2025-03-10 10:37:50,S03,Lab-305,22.91,44.2,
587,2025-03-10 10:37:50,S04,Library-1F,21.69,39.9,734.0
587,2025-03-10 10:37:50,S05,Canteen,25.1,54.9,988.0
587,2025-03-10 10:37:50,S06,Study-Hall,22.31,41.8,862.0
588,2025-03-10 10:38:00,S01,Lecture-101,21.88,40.7,705.0
588,2025-03-10 10:38:00,S02,Lab-201,22.63,43.5,856.0
588,2025-03-10 10:38:00,S03,Lab-305,23.03,45.2,905.0
588,2025-03-10 10:38:00,S04,Library-1F,21.75,40.1,737.0
588,2025-03-10 10:38:00,S05,Canteen,25.08,54.6,986.0
588,2025-03-10 10:38:00,S06,Study-Hall,22.25,41.8,864.0
589,2025-03-10 10:38:10,S01,Lecture-101,21.96,40.7,717.0
589,2025-03-10 10:38:10,S02,Lab-201,22.71,43.3,858.0
589,2025-03-10 10:38:10,S03,Lab-305,22.95,44.6,908.0
589,2025-03-10 10:38:10,S04,Library-1F,21.72,39.8,730.0
589,2025-03-10 10:38:10,S05,Canteen,25.04,55.4,992.0
589,2025-03-10 10:38:10,S06,Study-Hall,22.51,41.6,863.0
590,2025-03-10 10:38:20,S01,Lecture-101,21.96,40.9,716.0
590,2025-03-10 10:38:20,S02,Lab-201,22.6,43.6,841.0
590,2025-03-10 10:38:20,S03,Lab-305,23.03,44.8,911.0
590,2025-03-10 10:38:20,S04,Library-1F,21.72,39.5,726.0
590,2025-03-10 10:38:20,S05,Canteen,24.97,55.2,985.0
590,2025-03-10 10:38:20,S06,Study-Hall,22.36,40.9,879.0
591,2025-03-10 10:38:30,S01,Lecture-101,21.92,40.7,729.0
591,2025-03-10 10:38:30,S02,Lab-201,22.72,42.9,844.0
591,2025-03-10 10:38:30,S03,Lab-305,23.01,44.2,897.0
591,2025-03-10 10:38:30,S04,Library-1F,21.56,40.1,735.0
591,2025-03-10 10:38:30,S05,Canteen,25.04,55.2,984.0
591,2025-03-10 10:38:30,S06,Study-Hall,22.27,41.2,883.0
592,2025-03-10 10:38:40,S01,Lecture-101,22.0,41.7,724.0
592,2025-03-10 10:38:40,S02,Lab-201,22.67,42.3,849.0
592,2025-03-10 10:38:40,S03,Lab-305,22.84,44.0,905.0
592,2025-03-10 10:38:40,S04,Library-1F,21.72,39.5,734.0
592,2025-03-10 10:38:40,S05,Canteen,24.99,55.2,986.0
592,2025-03-10 10:38:40,S06,Study-Hall,22.5,41.1,863.0
593,2025-03-10 10:38:50,S01,Lecture-101,21.92,40.4,732.0
593,2025-03-10 10:38:50,S02,Lab-201,22.58,42.8,848.0
593,2025-03-10 10:38:50,S03,Lab-305,22.97,43.6,888.0
593,2025-03-10 10:38:50,S04,Library-1F,21.79,39.9,732.0
593,2025-03-10 10:38:50,S05,Canteen,25.07,54.0,987.0
593,2025-03-10 10:38:50,S06,Study-Hall,22.41,41.4,866.0
594,2025-03-10 10:39:00,S01,Lecture-101,22.0,41.7,736.0
594,2025-03-10 10:39:00,S02,Lab-201,22.66,43.3,847.0
594,2025-03-10 10:39:00,S03,Lab-305,22.98,44.4,898.0
594,2025-03-10 10:39:00,S04,Library-1F,21.8,39.1,733.0
594,2025-03-10 10:39:00,S05,Canteen,24.98,55.8,997.0
594,2025-03-10 10:39:00,S06,Study-Hall,22.48,41.4,861.0
595,2025-03-10 10:39:10,S01,Lecture-101,21.88,41.3,750.0
595,2025-03-10 10:39:10,S02,Lab-201,22.55,42.9,853.0
595,2025-03-10 10:39:10,S03,Lab-305,23.02,44.3,885.0
595,2025-03-10 10:39:10,S04,Library-1F,21.69,39.6,732.0
595,2025-03-10 10:39:10,S05,Canteen,25.15,55.0,992.0
595,2025-03-10 10:39:10,S06,Study-Hall,22.46,41.7,876.0
596,2025-03-10 10:39:20,S01,Lecture-101,21.96,40.5,747.0
596,2025-03-10 10:39:20,S02,Lab-201,22.56,42.8,855.0
596,2025-03-10 10:39:20,S03,Lab-305,22.91,44.3,894.0
596,2025-03-10 10:39:20,S04,Library-1F,21.71,39.6,741.0
596,2025-03-10 10:39:20,S05,Canteen,25.11,55.1,986.0
596,2025-03-10 10:39:20,S06,Study-Hall,22.55,41.2,873.0
597,2025-03-10 10:39:30,S01,Lecture-101,22.01,40.5,752.0
597,2025-03-10 10:39:30,S02,Lab-201,22.7,43.2,846.0
597,2025-03-10 10:39:30,S03,Lab-305,23.07,44.8,903.0
597,2025-03-10 10:39:30,S04,Library-1F,21.81,39.4,736.0
597,2025-03-10 10:39:30,S05,Canteen,25.04,55.1,987.0
597,2025-03-10 10:39:30,S06,Study-Hall,22.3,40.9,880.0
598,2025-03-10 10:39:40,S01,Lecture-101,22.14,40.8,752.0
598,2025-03-10 10:39:40,S02,Lab-201,22.61,42.9,854.0
598,2025-03-10 10:39:40,S03,Lab-305,22.98,43.8,902.0
598,2025-03-10 10:39:40,S04,Library-1F,21.65,39.8,725.0
598,2025-03-10 10:39:40,S05,Canteen,25.02,54.5,984.0
598,2025-03-10 10:39:40,S06,Study-Hall,22.41,41.9,857.0
599,2025-03-10 10:39:50,S01,Lecture-101,22.04,41.7,752.0
599,2025-03-10 10:39:50,S02,Lab-201,22.68,42.9,843.0
599,2025-03-10 10:39:50,S03,Lab-305,22.89,44.6,888.0
599,2025-03-10 10:39:50,S04,Library-1F,21.79,39.7,733.0
599,2025-03-10 10:39:50,S05,Canteen,25.12,54.9,984.0
599,2025-03-10 10:39:50,S06,Study-Hall,22.44,41.3,863.0
600,2025-03-10 10:40:00,S01,Lecture-101,22.02,41.0,758.0
600,2025-03-10 10:40:00,S02,Lab-201,22.55,43.0,847.0
600,2025-03-10 10:40:00,S03,Lab-305,22.93,44.7,889.0
600,2025-03-10 10:40:00,S04,Library-1F,21.66,39.7,729.0
600,2025-03-10 10:40:00,S06,Study-Hall,22.43,41.7,870.0
601,2025-03-10 10:40:10,S01,Lecture-101,22.04,40.7,741.0
601,2025-03-10 10:40:10,S02,Lab-201,22.59,42.9,855.0
601,2025-03-10 10:40:10,S03,Lab-305,23.01,44.4,883.0
601,2025-03-10 10:40:10,S04,Library-1F,21.85,40.3,732.0
601,2025-03-10 10:40:10,S06,Study-Hall,22.49,41.6,862.0
602,2025-03-10 10:40:20,S01,Lecture-101,21.89,41.0,752.0
602,2025-03-10 10:40:20,S02,Lab-201,22.62,43.4,835.0
602,2025-03-10 10:40:20,S03,Lab-305,22.92,44.1,872.0
602,2025-03-10 10:40:20,S04,Library-1F,21.73,39.7,721.0
602,2025-03-10 10:40:20,S06,Study-Hall,22.16,42.2,866.0
603,2025-03-10 10:40:30,S01,Lecture-101,22.04,40.9,765.0
603,2025-03-10 10:40:30,S02,Lab-201,22.55,43.1,842.0
603,2025-03-10 10:40:30,S03,Lab-305,22.93,44.4,877.0
603,2025-03-10 10:40:30,S04,Library-1F,21.79,39.9,724.0
603,2025-03-10 10:40:30,S06,Study-Hall,22.45,41.8,862.0
604,2025-03-10 10:40:40,S01,Lecture-101,22.0,41.3,759.0
604,2025-03-10 10:40:40,S02,Lab-201,22.63,43.0,838.0
604,2025-03-10 10:40:40,S03,Lab-305,22.97,44.4,875.0
604,2025-03-10 10:40:40,S04,Library-1F,21.69,39.6,739.0
604,2025-03-10 10:40:40,S06,Study-Hall,22.54,42.2,865.0
605,2025-03-10 10:40:50,S01,Lecture-101,22.13,40.8,758.0
605,2025-03-10 10:40:50,S02,Lab-201,22.7,42.5,857.0
605,2025-03-10 10:40:50,S03,Lab-305,23.02,43.6,869.0
605,2025-03-10 10:40:50,S04,Library-1F,21.84,40.0,728.0
605,2025-03-10 10:40:50,S06,Study-Hall,22.47,41.6,868.0
606,2025-03-10 10:41:00,S01,Lecture-101,22.06,40.5,774.0
606,2025-03-10 10:41:00,S02,Lab-201,22.51,42.8,852.0
606,2025-03-10 10:41:00,S03,Lab-305,22.9,45.2,871.0
606,2025-03-10 10:41:00,S04,Library-1F,21.68,40.1,731.0
606,2025-03-10 10:41:00,S06,Study-Hall,22.45,41.1,857.0
607,2025-03-10 10:41:10,S01,Lecture-101,22.12,40.5,759.0
607,2025-03-10 10:41:10,S02,Lab-201,22.67,43.0,854.0
607,2025-03-10 10:41:10,S03,Lab-305,23.0,43.8,869.0
607,2025-03-10 10:41:10,S04,Library-1F,21.74,39.7,729.0
607,2025-03-10 10:41:10,S06,Study-Hall,22.25,41.8,848.0
608,2025-03-10 10:41:20,S01,Lecture-101,22.16,41.5,790.0
608,2025-03-10 10:41:20,S02,Lab-201,22.6,42.5,854.0
608,2025-03-10 10:41:20,S03,Lab-305,23.04,44.4,862.0
608,2025-03-10 10:41:20,S04,Library-1F,21.78,39.4,722.0
608,2025-03-10 10:41:20,S06,Study-Hall,22.5,41.4,861.0
609,2025-03-10 10:41:30,S01,Lecture-101,22.25,40.8,777.0
609,2025-03-10 10:41:30,S02,Lab-201,22.65,43.0,852.0
609,2025-03-10 10:41:30,S03,Lab-305,22.89,44.4,866.0
609,2025-03-10 10:41:30,S04,Library-1F,21.69,39.5,736.0
609,2025-03-10 10:41:30,S06,Study-Hall,22.61,42.1,859.0
610,2025-03-10 10:41:40,S01,Lecture-101,22.18,41.5,776.0
610,2025-03-10 10:41:40,S02,Lab-201,22.6,42.8,853.0
610,2025-03-10 10:41:40,S03,Lab-305,22.93,43.6,870.0
610,2025-03-10 10:41:40,S04,Library-1F,22.03,39.6,736.0
610,2025-03-10 10:41:40,S06,Study-Hall,22.55,41.4,856.0
611,2025-03-10 10:41:50,S01,Lecture-101,22.16,41.5,776.0
611,2025-03-10 10:41:50,S02,Lab-201,26.9,42.7,844.0
611,2025-03-10 10:41:50,S03,Lab-305,22.98,44.8,865.0
611,2025-03-10 10:41:50,S04,Library-1F,21.92,38.8,735.0
611,2025-03-10 10:41:50,S06,Study-Hall,22.52,41.7,843.0
612,2025-03-10 10:42:00,S01,Lecture-101,22.12,41.4,769.0
612,2025-03-10 10:42:00,S02,Lab-201,22.61,43.0,861.0
612,2025-03-10 10:42:00,S03,Lab-305,22.88,44.4,867.0
612,2025-03-10 10:42:00,S04,Library-1F,21.65,39.4,725.0
612,2025-03-10 10:42:00,S06,Study-Hall,22.46,41.5,850.0
613,2025-03-10 10:42:10,S01,Lecture-101,22.02,41.0,779.0
613,2025-03-10 10:42:10,S02,Lab-201,22.81,42.8,842.0
613,2025-03-10 10:42:10,S03,Lab-305,22.93,44.7,842.0
613,2025-03-10 10:42:10,S04,Library-1F,21.74,39.7,725.0
613,2025-03-10 10:42:10,S06,Study-Hall,,41.9,854.0
614,2025-03-10 10:42:20,S01,Lecture-101,22.0,41.2,785.0
614,2025-03-10 10:42:20,S02,Lab-201,22.57,43.6,848.0
614,2025-03-10 10:42:20,S03,Lab-305,22.83,44.1,845.0
614,2025-03-10 10:42:20,S04,Library-1F,21.82,40.3,725.0
614,2025-03-10 10:42:20,S06,Study-Hall,22.37,41.1,850.0
615,2025-03-10 10:42:30,S01,Lecture-101,22.09,40.9,787.0
615,2025-03-10 10:42:30,S02,Lab-201,22.75,43.4,
615,2025-03-10 10:42:30,S03,Lab-305,22.93,44.7,851.0
615,2025-03-10 10:42:30,S04,Library-1F,21.65,40.2,724.0
615,2025-03-10 10:42:30,S06,Study-Hall,22.55,41.8,854.0
616,2025-03-10 10:42:40,S01,Lecture-101,22.2,40.2,795.0
616,2025-03-10 10:42:40,S02,Lab-201,22.68,43.8,862.0
616,2025-03-10 10:42:40,S03,Lab-305,22.96,44.4,851.0
616,2025-03-10 10:42:40,S04,Library-1F,21.68,39.5,741.0
616,2025-03-10 10:42:40,S06,Study-Hall,22.46,41.9,870.0
617,2025-03-10 10:42:50,S01,Lecture-101,22.04,41.3,782.0
617,2025-03-10 10:42:50,S02,Lab-201,22.6,43.2,863.0
617,2025-03-10 10:42:50,S03,Lab-305,22.9,44.1,863.0
617,2025-03-10 10:42:50,S04,Library-1F,21.68,39.6,721.0
617,2025-03-10 10:42:50,S06,Study-Hall,22.25,42.2,863.0
618,2025-03-10 10:43:00,S01,Lecture-101,22.29,41.2,796.0
618,2025-03-10 10:43:00,S02,Lab-201,22.64,43.4,868.0
618,2025-03-10 10:43:00,S03,Lab-305,23.04,44.1,850.0
618,2025-03-10 10:43:00,S04,Library-1F,21.72,39.1,742.0
618,2025-03-10 10:43:00,S06,Study-Hall,22.35,41.6,860.0
619,2025-03-10 10:43:10,S01,Lecture-101,22.2,40.8,798.0
619,2025-03-10 10:43:10,S02,Lab-201,22.79,42.0,860.0
619,2025-03-10 10:43:10,S03,Lab-305,22.85,43.9,846.0
619,2025-03-10 10:43:10,S04,Library-1F,21.69,40.0,740.0
619,2025-03-10 10:43:10,S06,Study-Hall,22.4,41.7,859.0
620,2025-03-10 10:43:20,S01,Lecture-101,22.15,41.0,810.0
620,2025-03-10 10:43:20,S02,Lab-201,22.68,42.5,858.0
620,2025-03-10 10:43:20,S03,Lab-305,22.81,44.1,851.0
620,2025-03-10 10:43:20,S04,Library-1F,21.68,39.5,729.0
620,2025-03-10 10:43:20,S06,Study-Hall,22.38,41.3,866.0
621,2025-03-10 10:43:30,S01,Lecture-101,22.09,40.9,811.0
621,2025-03-10 10:43:30,S02,Lab-201,22.8,43.2,865.0
621,2025-03-10 10:43:30,S03,Lab-305,22.85,44.9,852.0
621,2025-03-10 10:43:30,S04,Library-1F,21.84,39.6,736.0
621,2025-03-10 10:43:30,S06,Study-Hall,22.43,42.2,868.0
622,2025-03-10 10:43:40,S01,Lecture-101,22.13,41.6,803.0
622,2025-03-10 10:43:40,S02,Lab-201,22.87,43.4,867.0
622,2025-03-10 10:43:40,S03,Lab-305,23.0,45.0,857.0
622,2025-03-10 10:43:40,S04,Library-1F,21.89,40.0,734.0
622,2025-03-10 10:43:40,S06,Study-Hall,22.47,41.9,862.0
623,2025-03-10 10:43:50,S01,Lecture-101,22.21,41.3,809.0
623,2025-03-10 10:43:50,S02,Lab-201,22.65,42.5,857.0
623,2025-03-10 10:43:50,S03,Lab-305,22.96,44.2,847.0
623,2025-03-10 10:43:50,S04,Library-1F,21.71,39.7,731.0
623,2025-03-10 10:43:50,S06,Study-Hall,22.43,41.4,871.0
624,2025-03-10 10:44:00,S01,Lecture-101,22.12,40.6,812.0
624,2025-03-10 10:44:00,S02,Lab-201,22.49,42.9,862.0
624,2025-03-10 10:44:00,S03,Lab-305,22.91,44.5,842.0
624,2025-03-10 10:44:00,S04,Library-1F,21.87,40.1,722.0
624,2025-03-10 10:44:00,S06,Study-Hall,22.52,41.6,872.0
625,2025-03-10 10:44:10,S01,Lecture-101,22.18,41.2,811.0
625,2025-03-10 10:44:10,S02,Lab-201,22.7,42.5,857.0
625,2025-03-10 10:44:10,S03,Lab-305,22.87,44.2,835.0
625,2025-03-10 10:44:10,S04,Library-1F,21.74,39.6,734.0
625,2025-03-10 10:44:10,S06,Study-Hall,22.38,41.5,871.0
626,2025-03-10 10:44:20,S01,Lecture-101,22.02,40.8,813.0
626,2025-03-10 10:44:20,S02,Lab-201,22.57,42.8,873.0
626,2025-03-10 10:44:20,S03,Lab-305,23.09,44.1,842.0
626,2025-03-10 10:44:20,S04,Library-1F,21.64,39.6,721.0
626,2025-03-10 10:44:20,S06,Study-Hall,22.42,41.5,868.0
627,2025-03-10 10:44:30,S01,Lecture-101,22.23,41.1,822.0
627,2025-03-10 10:44:30,S02,Lab-201,22.75,43.0,865.0
627,2025-03-10 10:44:30,S03,Lab-305,23.05,44.3,836.0
627,2025-03-10 10:44:30,S04,Library-1F,21.71,39.5,744.0
627,2025-03-10 10:44:30,S06,Study-Hall,22.33,42.0,872.0
628,2025-03-10 10:44:30,S03,Lab-305,23.05,44.3,836.0
628,2025-03-10 10:44:40,S01,Lecture-101,22.15,41.6,829.0
628,2025-03-10 10:44:40,S02,Lab-201,22.62,43.0,871.0
628,2025-03-10 10:44:40,S04,Library-1F,21.77,40.0,729.0
628,2025-03-10 10:44:40,S06,Study-Hall,22.29,40.6,862.0
629,2025-03-10 10:44:50,S01,Lecture-101,22.14,41.9,832.0
629,2025-03-10 10:44:50,S02,Lab-201,22.62,43.6,874.0
629,2025-03-10 10:44:50,S03,Lab-305,22.91,44.7,846.0
629,2025-03-10 10:44:50,S04,Library-1F,21.78,39.3,734.0
629,2025-03-10 10:44:50,S06,Study-Hall,22.51,41.4,863.0
630,2025-03-10 10:45:00,S01,Lecture-101,22.18,41.4,821.0
630,2025-03-10 10:45:00,S02,Lab-201,22.65,44.0,873.0
630,2025-03-10 10:45:00,S03,Lab-305,22.93,44.5,829.0
630,2025-03-10 10:45:00,S04,Library-1F,21.79,39.2,728.0
630,2025-03-10 10:45:00,S06,Study-Hall,22.44,41.3,857.0
631,2025-03-10 10:45:10,S01,Lecture-101,22.28,41.4,836.0
631,2025-03-10 10:45:10,S02,Lab-201,22.69,43.5,865.0
631,2025-03-10 10:45:10,S03,Lab-305,23.08,44.0,824.0
631,2025-03-10 10:45:10,S04,Library-1F,21.82,39.1,722.0
631,2025-03-10 10:45:10,S06,Study-Hall,22.37,41.1,868.0
632,2025-03-10 10:44:40,S03,Lab-305,23.02,44.8,840.0
632,2025-03-10 10:45:20,S01,Lecture-101,22.14,41.3,835.0
632,2025-03-10 10:45:20,S02,Lab-201,22.73,43.3,875.0
632,2025-03-10 10:45:20,S03,Lab-305,22.86,44.0,833.0
632,2025-03-10 10:45:20,S04,Library-1F,21.84,39.7,729.0
632,2025-03-10 10:45:20,S06,Study-Hall,22.47,41.5,877.0
633,2025-03-10 10:45:30,S01,Lecture-101,22.19,41.8,823.0
633,2025-03-10 10:45:30,S02,Lab-201,22.68,43.2,851.0
633,2025-03-10 10:45:30,S03,Lab-305,22.85,43.8,833.0
633,2025-03-10 10:45:30,S04,Library-1F,21.67,40.4,738.0
633,2025-03-10 10:45:30,S06,Study-Hall,22.41,41.3,869.0
634,2025-03-10 10:45:40,S01,Lecture-101,22.24,41.0,834.0
634,2025-03-10 10:45:40,S02,Lab-201,22.52,43.5,867.0
634,2025-03-10 10:45:40,S03,Lab-305,22.95,44.2,835.0
634,2025-03-10 10:45:40,S04,Library-1F,22.0,39.1,742.0
634,2025-03-10 10:45:40,S06,Study-Hall,22.36,40.4,876.0
635,2025-03-10 10:45:50,S01,Lecture-101,22.17,42.0,837.0
635,2025-03-10 10:45:50,S02,Lab-201,,42.7,864.0
635,2025-03-10 10:45:50,S03,Lab-305,22.87,44.5,830.0
635,2025-03-10 10:45:50,S04,Library-1F,21.66,39.6,725.0
635,2025-03-10 10:45:50,S06,Study-Hall,22.37,42.1,870.0
636,2025-03-10 10:46:00,S01,Lecture-101,22.22,41.9,842.0
636,2025-03-10 10:46:00,S02,Lab-201,22.6,42.9,870.0
636,2025-03-10 10:46:00,S03,Lab-305,22.97,44.5,838.0
636,2025-03-10 10:46:00,S04,Library-1F,21.55,39.7,726.0
636,2025-03-10 10:46:00,S06,Study-Hall,22.46,41.0,875.0
637,2025-03-10 10:46:10,S01,Lecture-101,22.32,42.0,843.0
637,2025-03-10 10:46:10,S02,Lab-201,22.69,42.9,859.0
637,2025-03-10 10:46:10,S03,Lab-305,22.93,44.0,827.0
637,2025-03-10 10:46:10,S04,Library-1F,21.77,39.3,731.0
637,2025-03-10 10:46:10,S06,Study-Hall,22.35,41.4,866.0
638,2025-03-10 10:46:20,S01,Lecture-101,22.32,41.4,848.0
638,2025-03-10 10:46:20,S02,Lab-201,22.56,43.7,859.0
638,2025-03-10 10:46:20,S03,Lab-305,23.14,44.5,809.0
638,2025-03-10 10:46:20,S04,Library-1F,21.8,39.3,724.0
638,2025-03-10 10:46:20,S06,Study-Hall,22.42,41.0,877.0
639,2025-03-10 10:46:30,S01,Lecture-101,22.22,41.1,839.0
639,2025-03-10 10:46:30,S02,Lab-201,22.75,43.6,857.0
639,2025-03-10 10:46:30,S03,Lab-305,22.87,44.2,812.0
639,2025-03-10 10:46:30,S04,Library-1F,21.92,39.5,729.0
639,2025-03-10 10:46:30,S06,Study-Hall,22.26,41.3,879.0
640,2025-03-10 10:46:40,S01,Lecture-101,22.18,41.4,852.0
640,2025-03-10 10:46:40,S02,Lab-201,22.73,43.2,857.0
640,2025-03-10 10:46:40,S03,Lab-305,22.88,43.9,823.0
640,2025-03-10 10:46:40,S04,Library-1F,21.81,39.9,724.0
641,2025-03-10 10:46:50,S01,Lecture-101,22.07,41.5,858.0
641,2025-03-10 10:46:50,S03,Lab-305,22.86,44.4,815.0
641,2025-03-10 10:46:50,S04,Library-1F,21.84,40.5,724.0
641,2025-03-10 10:46:50,S06,Study-Hall,22.41,42.0,867.0
642,2025-03-10 10:47:00,S01,Lecture-101,22.06,41.5,845.0
642,2025-03-10 10:47:00,S02,Lab-201,22.61,43.2,859.0
642,2025-03-10 10:47:00,S03,Lab-305,22.98,44.6,820.0
642,2025-03-10 10:47:00,S04,Library-1F,21.68,39.7,726.0
642,2025-03-10 10:47:00,S06,Study-Hall,22.26,41.4,865.0
643,2025-03-10 10:46:50,S02,Lab-201,22.6,43.1,861.0
643,2025-03-10 10:47:10,S01,Lecture-101,22.23,41.9,854.0
643,2025-03-10 10:47:10,S02,Lab-201,22.74,43.2,860.0
643,2025-03-10 10:47:10,S03,Lab-305,23.0,44.2,821.0
643,2025-03-10 10:47:10,S04,Library-1F,21.73,39.9,727.0
643,2025-03-10 10:47:10,S06,Study-Hall,22.32,41.6,861.0
644,2025-03-10 10:46:40,S06,Study-Hall,22.37,41.7,871.0
644,2025-03-10 10:47:20,S01,Lecture-101,22.24,41.3,851.0
644,2025-03-10 10:47:20,S02,Lab-201,22.63,43.4,861.0
644,2025-03-10 10:47:20,S03,Lab-305,22.91,44.4,826.0
644,2025-03-10 10:47:20,S04,Library-1F,21.86,40.1,718.0
644,2025-03-10 10:47:20,S06,Study-Hall,22.3,42.1,875.0
645,2025-03-10 10:47:30,S01,Lecture-101,22.31,41.5,842.0
645,2025-03-10 10:47:30,S02,Lab-201,22.66,43.2,867.0
645,2025-03-10 10:47:30,S03,Lab-305,22.9,44.5,817.0
645,2025-03-10 10:47:30,S04,Library-1F,21.75,39.9,726.0
645,2025-03-10 10:47:30,S06,Study-Hall,22.31,41.6,868.0
646,2025-03-10 10:47:40,S01,Lecture-101,22.06,41.0,859.0
646,2025-03-10 10:47:40,S02,Lab-201,22.65,42.8,849.0
646,2025-03-10 10:47:40,S03,Lab-305,22.99,44.2,812.0
646,2025-03-10 10:47:40,S04,Library-1F,21.8,39.7,720.0
646,2025-03-10 10:47:40,S06,Study-Hall,22.45,41.2,877.0
647,2025-03-10 10:47:40,S01,Lecture-101,22.06,41.0,859.0
647,2025-03-10 10:47:50,S01,Lecture-101,22.32,41.7,872.0
647,2025-03-10 10:47:50,S02,Lab-201,22.71,41.9,855.0
647,2025-03-10 10:47:50,S03,Lab-305,22.83,44.9,810.0
647,2025-03-10 10:47:50,S04,Library-1F,,39.6,724.0
647,2025-03-10 10:47:50,S06,Study-Hall,22.35,41.9,881.0
648,2025-03-10 10:48:00,S01,Lecture-101,22.25,41.1,862.0
648,2025-03-10 10:48:00,S02,Lab-201,22.67,43.1,856.0
648,2025-03-10 10:48:00,S03,Lab-305,22.96,44.1,812.0
648,2025-03-10 10:48:00,S04,Library-1F,21.67,38.9,737.0
648,2025-03-10 10:48:00,S05,Canteen,23.94,51.3,528.0
648,2025-03-10 10:48:00,S06,Study-Hall,22.46,42.2,878.0
649,2025-03-10 10:48:10,S01,Lecture-101,22.27,40.9,870.0
649,2025-03-10 10:48:10,S02,Lab-201,22.69,42.8,858.0
649,2025-03-10 10:48:10,S03,Lab-305,22.97,43.5,814.0
649,2025-03-10 10:48:10,S04,Library-1F,21.61,39.4,724.0
649,2025-03-10 10:48:10,S05,Canteen,23.94,50.6,507.0
649,2025-03-10 10:48:10,S06,Study-Hall,22.25,41.5,869.0
650,2025-03-10 10:48:20,S01,Lecture-101,22.08,42.1,857.0
650,2025-03-10 10:48:20,S02,Lab-201,22.72,43.6,858.0
650,2025-03-10 10:48:20,S03,Lab-305,23.07,44.3,807.0
650,2025-03-10 10:48:20,S04,Library-1F,21.88,39.5,738.0
650,2025-03-10 10:48:20,S05,Canteen,23.95,50.3,515.0
650,2025-03-10 10:48:20,S06,Study-Hall,22.54,41.3,865.0
651,2025-03-10 10:48:30,S01,Lecture-101,22.29,41.3,874.0
651,2025-03-10 10:48:30,S02,Lab-201,22.57,43.1,852.0
651,2025-03-10 10:48:30,S03,Lab-305,23.11,44.1,800.0
651,2025-03-10 10:48:30,S04,Library-1F,21.7,40.2,724.0
651,2025-03-10 10:48:30,S05,Canteen,23.85,50.3,513.0
651,2025-03-10 10:48:30,S06,Study-Hall,22.33,41.4,860.0
652,2025-03-10 10:48:40,S01,Lecture-101,22.09,41.1,856.0
652,2025-03-10 10:48:40,S02,Lab-201,22.78,44.0,858.0
652,2025-03-10 10:48:40,S03,Lab-305,22.91,44.3,809.0
652,2025-03-10 10:48:40,S04,Library-1F,21.94,39.1,737.0
652,2025-03-10 10:48:40,S05,Canteen,23.87,50.5,505.0
652,2025-03-10 10:48:40,S06,Study-Hall,22.41,41.6,875.0
653,2025-03-10 10:48:50,S01,Lecture-101,22.25,41.9,874.0
653,2025-03-10 10:48:50,S02,Lab-201,22.64,43.9,859.0
653,2025-03-10 10:48:50,S03,Lab-305,23.01,44.6,800.0
653,2025-03-10 10:48:50,S04,Library-1F,21.68,40.1,738.0
653,2025-03-10 10:48:50,S05,Canteen,23.84,51.1,509.0
653,2025-03-10 10:48:50,S06,Study-Hall,22.38,42.3,860.0
654,2025-03-10 10:49:00,S01,Lecture-101,22.39,41.5,866.0
654,2025-03-10 10:49:00,S02,Lab-201,22.83,42.6,854.0
654,2025-03-10 10:49:00,S03,Lab-305,22.85,43.8,809.0
654,2025-03-10 10:49:00,S04,Library-1F,21.65,39.8,732.0
654,2025-03-10 10:49:00,S05,Canteen,23.93,50.7,
654,2025-03-10 10:49:00,S06,Study-Hall,22.44,41.7,868.0
655,2025-03-10 10:49:10,S01,Lecture-101,22.31,41.4,878.0
655,2025-03-10 10:49:10,S02,Lab-201,22.72,43.2,868.0
655,2025-03-10 10:49:10,S03,Lab-305,22.81,44.4,809.0
655,2025-03-10 10:49:10,S04,Library-1F,21.71,39.6,731.0
655,2025-03-10 10:49:10,S05,Canteen,23.9,49.9,506.0
655,2025-03-10 10:49:10,S06,Study-Hall,22.48,41.6,858.0
656,2025-03-10 10:49:20,S01,Lecture-101,22.37,42.0,871.0
656,2025-03-10 10:49:20,S02,Lab-201,22.7,42.4,841.0
656,2025-03-10 10:49:20,S03,Lab-305,22.93,44.0,806.0
656,2025-03-10 10:49:20,S04,Library-1F,21.8,39.1,741.0
656,2025-03-10 10:49:20,S05,Canteen,23.87,50.3,491.0
656,2025-03-10 10:49:20,S06,Study-Hall,22.3,41.5,870.0
657,2025-03-10 10:49:30,S01,Lecture-101,22.22,41.7,864.0
657,2025-03-10 10:49:30,S02,Lab-201,22.71,42.6,847.0
657,2025-03-10 10:49:30,S03,Lab-305,22.93,44.4,791.0
657,2025-03-10 10:49:30,S04,Library-1F,21.69,39.8,731.0
657,2025-03-10 10:49:30,S05,Canteen,23.71,50.0,498.0
657,2025-03-10 10:49:30,S06,Study-Hall,22.38,41.0,851.0
658,2025-03-10 10:49:40,S01,Lecture-101,22.29,41.6,876.0
658,2025-03-10 10:49:40,S02,Lab-201,22.64,43.0,855.0
658,2025-03-10 10:49:40,S03,Lab-305,22.99,44.6,802.0
658,2025-03-10 10:49:40,S04,Library-1F,21.8,40.0,735.0
658,2025-03-10 10:49:40,S05,Canteen,23.87,49.9,484.0
658,2025-03-10 10:49:40,S06,Study-Hall,22.38,41.6,866.0
659,2025-03-10 10:49:50,S01,Lecture-101,22.15,41.7,879.0
659,2025-03-10 10:49:50,S02,Lab-201,26.73,42.9,854.0
659,2025-03-10 10:49:50,S03,Lab-305,22.97,44.1,813.0
659,2025-03-10 10:49:50,S04,Library-1F,21.76,40.0,743.0
659,2025-03-10 10:49:50,S05,Canteen,23.76,50.4,490.0
659,2025-03-10 10:49:50,S06,Study-Hall,22.33,40.7,867.0
660,2025-03-10 10:50:00,S01,Lecture-101,22.33,41.8,872.0
660,2025-03-10 10:50:00,S02,Lab-201,22.72,42.9,857.0
660,2025-03-10 10:50:00,S03,Lab-305,22.89,44.3,806.0
660,2025-03-10 10:50:00,S04,Library-1F,21.73,39.1,736.0
660,2025-03-10 10:50:00,S05,Canteen,23.68,50.1,488.0
660,2025-03-10 10:50:00,S06,Study-Hall,22.48,41.5,855.0
661,2025-03-10 10:50:10,S01,Lecture-101,22.33,41.3,875.0
661,2025-03-10 10:50:10,S02,Lab-201,22.68,43.5,852.0
661,2025-03-10 10:50:10,S03,Lab-305,22.95,44.3,807.0
661,2025-03-10 10:50:10,S04,Library-1F,21.71,39.3,743.0
661,2025-03-10 10:50:10,S05,Canteen,23.7,51.1,496.0
661,2025-03-10 10:50:10,S06,Study-Hall,22.38,41.8,846.0
662,2025-03-10 10:50:20,S01,Lecture-101,22.35,41.2,886.0
662,2025-03-10 10:50:20,S02,Lab-201,22.65,43.2,843.0
662,2025-03-10 10:50:20,S03,Lab-305,22.91,43.9,795.0
662,2025-03-10 10:50:20,S04,Library-1F,21.74,39.8,729.0
662,2025-03-10 10:50:20,S05,Canteen,23.61,49.9,491.0
662,2025-03-10 10:50:20,S06,Study-Hall,22.42,41.3,827.0
663,2025-03-10 10:50:30,S01,Lecture-101,22.15,41.6,883.0
663,2025-03-10 10:50:30,S02,Lab-201,22.57,42.4,854.0
663,2025-03-10 10:50:30,S03,Lab-305,22.91,43.4,803.0
663,2025-03-10 10:50:30,S04,Library-1F,21.73,39.5,737.0
663,2025-03-10 10:50:30,S05,Canteen,23.69,49.9,486.0
663,2025-03-10 10:50:30,S06,Study-Hall,22.25,41.5,831.0
664,2025-03-10 10:50:40,S01,Lecture-101,22.21,41.9,879.0
664,2025-03-10 10:50:40,S02,Lab-201,22.67,43.3,855.0
664,2025-03-10 10:50:40,S03,Lab-305,22.9,43.9,791.0
664,2025-03-10 10:50:40,S04,Library-1F,21.75,39.4,736.0
664,2025-03-10 10:50:40,S05,Canteen,23.71,50.0,494.0
664,2025-03-10 10:50:40,S06,Study-Hall,22.38,41.5,830.0
665,2025-03-10 10:50:50,S01,Lecture-101,22.25,40.7,884.0
665,2025-03-10 10:50:50,S02,Lab-201,22.75,42.9,853.0
665,2025-03-10 10:50:50,S03,Lab-305,23.08,43.6,802.0
665,2025-03-10 10:50:50,S04,Library-1F,21.68,39.7,731.0
665,2025-03-10 10:50:50,S05,Canteen,23.69,49.5,475.0
665,2025-03-10 10:50:50,S06,Study-Hall,22.32,41.2,820.0
666,2025-03-10 10:51:00,S01,Lecture-101,22.3,42.5,883.0
666,2025-03-10 10:51:00,S02,Lab-201,22.78,43.1,852.0
666,2025-03-10 10:51:00,S03,Lab-305,23.01,43.9,789.0
666,2025-03-10 10:51:00,S04,Library-1F,21.75,39.6,740.0
666,2025-03-10 10:51:00,S05,Canteen,23.58,49.3,482.0
666,2025-03-10 10:51:00,S06,Study-Hall,22.33,41.9,811.0
667,2025-03-10 10:51:10,S01,Lecture-101,22.29,42.2,888.0
667,2025-03-10 10:51:10,S02,Lab-201,22.51,43.4,851.0
667,2025-03-10 10:51:10,S03,Lab-305,22.92,44.1,794.0
667,2025-03-10 10:51:10,S04,Library-1F,21.75,39.4,741.0
667,2025-03-10 10:51:10,S05,Canteen,23.69,49.7,480.0
667,2025-03-10 10:51:10,S06,Study-Hall,22.28,41.3,799.0
668,2025-03-10 10:51:20,S01,Lecture-101,22.23,41.5,898.0
668,2025-03-10 10:51:20,S02,Lab-201,22.55,43.5,867.0
668,2025-03-10 10:51:20,S03,Lab-305,22.93,43.7,795.0
668,2025-03-10 10:51:20,S04,Library-1F,21.7,39.4,736.0
668,2025-03-10 10:51:20,S05,Canteen,23.64,49.2,475.0
668,2025-03-10 10:51:20,S06,Study-Hall,22.32,41.0,793.0
669,2025-03-10 10:51:20,S06,Study-Hall,22.32,41.0,793.0
669,2025-03-10 10:51:30,S01,Lecture-101,22.35,41.7,893.0
669,2025-03-10 10:51:30,S02,Lab-201,22.56,43.8,855.0
669,2025-03-10 10:51:30,S03,Lab-305,23.03,44.6,795.0
669,2025-03-10 10:51:30,S04,Library-1F,21.8,39.5,728.0
669,2025-03-10 10:51:30,S05,Canteen,23.59,49.3,476.0
669,2025-03-10 10:51:30,S06,Study-Hall,22.17,41.2,786.0
670,2025-03-10 10:51:40,S01,Lecture-101,22.36,41.5,888.0
670,2025-03-10 10:51:40,S02,Lab-201,22.82,42.6,853.0
670,2025-03-10 10:51:40,S03,Lab-305,23.15,43.7,776.0
670,2025-03-10 10:51:40,S04,Library-1F,21.78,39.7,738.0
670,2025-03-10 10:51:40,S05,Canteen,23.56,49.3,473.0
670,2025-03-10 10:51:40,S06,Study-Hall,22.31,40.7,766.0
671,2025-03-10 10:51:50,S01,Lecture-101,22.39,42.3,895.0
671,2025-03-10 10:51:50,S02,Lab-201,22.61,43.8,852.0
671,2025-03-10 10:51:50,S03,Lab-305,22.97,44.5,790.0
671,2025-03-10 10:51:50,S04,Library-1F,21.8,40.0,740.0
671,2025-03-10 10:51:50,S05,Canteen,23.62,49.4,459.0
671,2025-03-10 10:51:50,S06,Study-Hall,22.21,40.8,774.0
672,2025-03-10 10:52:00,S01,Lecture-101,22.4,41.2,896.0
672,2025-03-10 10:52:00,S02,Lab-201,22.75,42.8,851.0
672,2025-03-10 10:52:00,S03,Lab-305,22.87,44.0,788.0
672,2025-03-10 10:52:00,S04,Library-1F,21.84,39.9,728.0
672,2025-03-10 10:52:00,S05,Canteen,23.59,49.0,460.0
672,2025-03-10 10:52:00,S06,Study-Hall,22.05,40.9,756.0
673,2025-03-10 10:52:10,S01,Lecture-101,22.24,41.9,888.0
673,2025-03-10 10:52:10,S02,Lab-201,22.79,43.1,852.0
673,2025-03-10 10:52:10,S03,Lab-305,23.01,44.6,790.0
673,2025-03-10 10:52:10,S04,Library-1F,21.74,40.4,727.0
673,2025-03-10 10:52:10,S05,Canteen,23.66,48.2,469.0
673,2025-03-10 10:52:10,S06,Study-Hall,22.21,41.8,756.0
674,2025-03-10 10:52:20,S01,Lecture-101,22.33,42.4,891.0
674,2025-03-10 10:52:20,S02,Lab-201,22.7,43.2,846.0
674,2025-03-10 10:52:20,S03,Lab-305,22.84,44.7,792.0
674,2025-03-10 10:52:20,S04,Library-1F,21.8,40.6,731.0
674,2025-03-10 10:52:20,S05,Canteen,23.67,50.2,463.0
674,2025-03-10 10:52:20,S06,Study-Hall,22.36,41.3,764.0
675,2025-03-10 10:52:30,S01,Lecture-101,22.41,42.0,901.0
675,2025-03-10 10:52:30,S02,Lab-201,22.67,42.9,845.0
675,2025-03-10 10:52:30,S03,Lab-305,22.88,43.5,782.0
675,2025-03-10 10:52:30,S04,Library-1F,21.73,40.4,724.0
675,2025-03-10 10:52:30,S05,Canteen,23.54,48.5,463.0
675,2025-03-10 10:52:30,S06,Study-Hall,22.28,40.9,749.0
676,2025-03-10 10:52:30,S06,Study-Hall,22.28,40.9,749.0
676,2025-03-10 10:52:40,S01,Lecture-101,22.1,42.3,895.0
676,2025-03-10 10:52:40,S02,Lab-201,22.83,43.2,859.0
676,2025-03-10 10:52:40,S03,Lab-305,22.93,44.1,792.0
676,2025-03-10 10:52:40,S04,Library-1F,21.65,39.3,727.0
676,2025-03-10 10:52:40,S05,Canteen,23.53,49.8,452.0
676,2025-03-10 10:52:40,S06,Study-Hall,22.17,41.2,739.0
677,2025-03-10 10:52:50,S01,Lecture-101,22.29,41.5,892.0
677,2025-03-10 10:52:50,S02,Lab-201,22.67,43.1,851.0
677,2025-03-10 10:52:50,S03,Lab-305,22.95,44.6,789.0
677,2025-03-10 10:52:50,S04,Library-1F,21.74,40.3,736.0
677,2025-03-10 10:52:50,S05,Canteen,23.66,49.1,456.0
677,2025-03-10 10:52:50,S06,Study-Hall,22.17,41.4,731.0
678,2025-03-10 10:53:00,S01,Lecture-101,22.32,42.2,884.0
678,2025-03-10 10:53:00,S02,Lab-201,22.67,42.8,851.0
678,2025-03-10 10:53:00,S03,Lab-305,22.93,44.7,774.0
678,2025-03-10 10:53:00,S04,Library-1F,21.66,39.6,733.0
678,2025-03-10 10:53:00,S05,Canteen,23.63,49.6,446.0
678,2025-03-10 10:53:00,S06,Study-Hall,22.3,40.5,739.0
679,2025-03-10 10:53:10,S01,Lecture-101,22.26,42.0,891.0
679,2025-03-10 10:53:10,S02,Lab-201,22.55,43.8,845.0
679,2025-03-10 10:53:10,S03,Lab-305,22.85,44.5,777.0
679,2025-03-10 10:53:10,S04,Library-1F,21.69,39.5,736.0
679,2025-03-10 10:53:10,S05,Canteen,23.7,49.3,447.0
679,2025-03-10 10:53:10,S06,Study-Hall,22.22,40.3,714.0
680,2025-03-10 10:53:20,S01,Lecture-101,22.35,41.9,904.0
680,2025-03-10 10:53:20,S02,Lab-201,22.68,43.3,843.0
680,2025-03-10 10:53:20,S03,Lab-305,22.98,44.7,778.0
680,2025-03-10 10:53:20,S04,Library-1F,21.67,40.5,729.0
680,2025-03-10 10:53:20,S05,Canteen,23.67,48.8,442.0
680,2025-03-10 10:53:20,S06,Study-Hall,22.13,41.4,729.0
681,2025-03-10 10:53:30,S01,Lecture-101,22.41,42.0,907.0
681,2025-03-10 10:53:30,S02,Lab-201,22.56,43.4,851.0
681,2025-03-10 10:53:30,S03,Lab-305,22.82,44.5,784.0
681,2025-03-10 10:53:30,S04,Library-1F,21.69,39.7,725.0
681,2025-03-10 10:53:30,S05,Canteen,23.55,48.6,451.0
681,2025-03-10 10:53:30,S06,Study-Hall,22.09,40.8,728.0
682,2025-03-10 10:53:40,S01,Lecture-101,22.36,41.9,899.0
682,2025-03-10 10:53:40,S02,Lab-201,22.48,42.8,852.0
682,2025-03-10 10:53:40,S03,Lab-305,23.09,44.9,776.0
682,2025-03-10 10:53:40,S04,Library-1F,21.76,39.8,735.0
682,2025-03-10 10:53:40,S05,Canteen,23.49,49.3,458.0
682,2025-03-10 10:53:40,S06,Study-Hall,22.12,40.3,696.0
683,2025-03-10 10:53:50,S01,Lecture-101,22.16,42.2,912.0
683,2025-03-10 10:53:50,S02,Lab-201,22.67,43.1,848.0
683,2025-03-10 10:53:50,S03,Lab-305,22.83,43.1,787.0
683,2025-03-10 10:53:50,S04,Library-1F,21.79,39.2,729.0
683,2025-03-10 10:53:50,S05,Canteen,23.69,49.0,449.0
683,2025-03-10 10:53:50,S06,Study-Hall,22.06,40.6,706.0
684,2025-03-10 10:54:00,S01,Lecture-101,22.37,42.0,894.0
684,2025-03-10 10:54:00,S02,Lab-201,22.53,42.9,849.0
684,2025-03-10 10:54:00,S03,Lab-305,22.99,44.3,775.0
684,2025-03-10 10:54:00,S04,Library-1F,21.8,39.9,728.0
684,2025-03-10 10:54:00,S05,Canteen,23.47,49.5,452.0
684,2025-03-10 10:54:00,S06,Study-Hall,22.1,39.7,708.0
685,2025-03-10 10:54:10,S01,Lecture-101,22.33,41.9,914.0
685,2025-03-10 10:54:10,S02,Lab-201,22.75,42.6,846.0
685,2025-03-10 10:54:10,S03,Lab-305,23.0,44.3,780.0
685,2025-03-10 10:54:10,S04,Library-1F,21.87,39.6,728.0
685,2025-03-10 10:54:10,S05,Canteen,23.55,48.8,456.0
685,2025-03-10 10:54:10,S06,Study-Hall,22.09,40.3,697.0
686,2025-03-10 10:54:20,S01,Lecture-101,22.31,42.4,904.0
686,2025-03-10 10:54:20,S02,Lab-201,22.63,43.3,859.0
686,2025-03-10 10:54:20,S03,Lab-305,23.04,43.9,787.0
686,2025-03-10 10:54:20,S04,Library-1F,21.77,39.6,720.0
686,2025-03-10 10:54:20,S05,Canteen,23.42,49.0,441.0
686,2025-03-10 10:54:20,S06,Study-Hall,21.91,40.9,690.0
687,2025-03-10 10:54:30,S01,Lecture-101,22.22,41.6,897.0
687,2025-03-10 10:54:30,S02,Lab-201,22.64,42.9,850.0
687,2025-03-10 10:54:30,S03,Lab-305,23.01,44.7,777.0
687,2025-03-10 10:54:30,S04,Library-1F,21.69,40.2,728.0
687,2025-03-10 10:54:30,S05,Canteen,23.43,49.2,450.0
687,2025-03-10 10:54:30,S06,Study-Hall,22.02,41.2,692.0
688,2025-03-10 10:54:40,S01,Lecture-101,22.1,41.9,904.0
688,2025-03-10 10:54:40,S02,Lab-201,22.72,43.4,856.0
688,2025-03-10 10:54:40,S03,Lab-305,22.99,44.5,787.0
688,2025-03-10 10:54:40,S04,Library-1F,21.87,39.6,729.0
688,2025-03-10 10:54:40,S05,Canteen,23.44,48.9,438.0
688,2025-03-10 10:54:40,S06,Study-Hall,22.13,40.0,685.0
689,2025-03-10 10:54:50,S02,Lab-201,22.66,66.52,848.0
689,2025-03-10 10:54:50,S03,Lab-305,23.02,44.7,780.0
689,2025-03-10 10:54:50,S04,Library-1F,21.92,39.7,743.0
689,2025-03-10 10:54:50,S05,Canteen,23.39,48.4,446.0
689,2025-03-10 10:54:50,S06,Study-Hall,22.06,40.6,685.0
690,2025-03-10 10:55:00,S01,Lecture-101,22.29,41.9,913.0
690,2025-03-10 10:55:00,S02,Lab-201,22.62,43.6,841.0
690,2025-03-10 10:55:00,S03,Lab-305,22.99,44.5,779.0
690,2025-03-10 10:55:00,S04,Library-1F,21.79,39.9,738.0
690,2025-03-10 10:55:00,S05,Canteen,23.52,48.1,1326.85
690,2025-03-10 10:55:00,S06,Study-Hall,21.98,40.2,671.0
691,2025-03-10 10:55:10,S01,Lecture-101,22.32,42.1,900.0
691,2025-03-10 10:55:10,S02,Lab-201,22.55,42.9,840.0
691,2025-03-10 10:55:10,S03,Lab-305,22.8,44.1,770.0
691,2025-03-10 10:55:10,S04,Library-1F,21.64,40.0,728.0
691,2025-03-10 10:55:10,S05,Canteen,23.38,48.3,447.0
691,2025-03-10 10:55:10,S06,Study-Hall,22.01,40.7,681.0
692,2025-03-10 10:54:50,S01,Lecture-101,22.42,41.6,905.0
692,2025-03-10 10:55:20,S01,Lecture-101,22.42,42.2,900.0
692,2025-03-10 10:55:20,S02,Lab-201,22.67,43.1,846.0
692,2025-03-10 10:55:20,S03,Lab-305,22.94,43.5,792.0
692,2025-03-10 10:55:20,S04,Library-1F,21.75,40.1,726.0
692,2025-03-10 10:55:20,S05,Canteen,23.36,48.1,447.0
692,2025-03-10 10:55:20,S06,Study-Hall,22.01,40.2,666.0
693,2025-03-10 10:55:30,S01,Lecture-101,22.34,41.4,906.0
693,2025-03-10 10:55:30,S02,Lab-201,22.62,42.7,843.0
693,2025-03-10 10:55:30,S03,Lab-305,22.99,44.5,787.0
693,2025-03-10 10:55:30,S04,Library-1F,21.84,39.2,726.0
693,2025-03-10 10:55:30,S05,Canteen,23.29,48.4,441.0
693,2025-03-10 10:55:30,S06,Study-Hall,22.05,40.0,663.0
694,2025-03-10 10:55:40,S01,Lecture-101,22.33,41.2,919.0
694,2025-03-10 10:55:40,S02,Lab-201,22.77,43.3,843.0
694,2025-03-10 10:55:40,S03,Lab-305,23.02,45.1,770.0
694,2025-03-10 10:55:40,S04,Library-1F,21.8,39.6,728.0
694,2025-03-10 10:55:40,S05,Canteen,23.33,49.1,451.0
694,2025-03-10 10:55:40,S06,Study-Hall,21.94,40.1,649.0
695,2025-03-10 10:55:50,S01,Lecture-101,22.48,41.5,912.0
695,2025-03-10 10:55:50,S02,Lab-201,22.64,42.9,848.0
695,2025-03-10 10:55:50,S03,Lab-305,22.77,44.7,778.0
695,2025-03-10 10:55:50,S04,Library-1F,21.83,40.2,728.0
695,2025-03-10 10:55:50,S05,Canteen,23.37,47.9,452.0
695,2025-03-10 10:55:50,S06,Study-Hall,21.95,39.6,648.0
696,2025-03-10 10:56:00,S01,Lecture-101,22.45,42.7,911.0
696,2025-03-10 10:56:00,S02,Lab-201,22.55,43.1,848.0
696,2025-03-10 10:56:00,S03,Lab-305,22.97,44.8,771.0
696,2025-03-10 10:56:00,S05,Canteen,23.33,48.6,432.0
696,2025-03-10 10:56:00,S06,Study-Hall,21.99,39.8,638.0
697,2025-03-10 10:56:10,S01,Lecture-101,22.28,42.0,909.0
697,2025-03-10 10:56:10,S02,Lab-201,22.64,43.4,855.0
697,2025-03-10 10:56:10,S03,Lab-305,22.84,44.7,782.0
697,2025-03-10 10:56:10,S04,Library-1F,21.73,40.0,728.0
697,2025-03-10 10:56:10,S05,Canteen,23.51,48.6,444.0
697,2025-03-10 10:56:10,S06,Study-Hall,21.98,40.0,644.0
698,2025-03-10 10:56:20,S01,Lecture-101,22.31,41.9,920.0
698,2025-03-10 10:56:20,S02,Lab-201,22.73,42.5,842.0
698,2025-03-10 10:56:20,S03,Lab-305,22.93,43.6,793.0
698,2025-03-10 10:56:20,S04,Library-1F,21.69,39.1,732.0
698,2025-03-10 10:56:20,S05,Canteen,23.21,48.5,445.0
698,2025-03-10 10:56:20,S06,Study-Hall,22.01,39.6,635.0
699,2025-03-10 10:56:00,S04,Library-1F,21.7,40.1,743.0
699,2025-03-10 10:56:30,S01,Lecture-101,22.24,42.6,908.0
699,2025-03-10 10:56:30,S02,Lab-201,22.69,43.1,857.0
699,2025-03-10 10:56:30,S03,Lab-305,22.95,44.0,776.0
699,2025-03-10 10:56:30,S04,Library-1F,21.92,39.8,727.0
699,2025-03-10 10:56:30,S05,Canteen,23.38,47.9,444.0
699,2025-03-10 10:56:30,S06,Study-Hall,21.97,39.4,631.0
700,2025-03-10 10:56:40,S01,Lecture-101,22.34,42.4,919.0
700,2025-03-10 10:56:40,S03,Lab-305,22.91,45.0,766.0
700,2025-03-10 10:56:40,S04,Library-1F,21.74,39.4,734.0
700,2025-03-10 10:56:40,S05,Canteen,23.45,48.5,455.0
700,2025-03-10 10:56:40,S06,Study-Hall,22.02,39.7,617.0
701,2025-03-10 10:56:50,S01,Lecture-101,22.28,41.9,924.0
701,2025-03-10 10:56:50,S02,Lab-201,22.62,42.7,849.0
701,2025-03-10 10:56:50,S03,Lab-305,22.93,44.8,769.0
701,2025-03-10 10:56:50,S04,Library-1F,21.76,39.2,717.0
701,2025-03-10 10:56:50,S05,Canteen,23.27,48.3,454.0
701,2025-03-10 10:56:50,S06,Study-Hall,21.9,39.4,622.0
702,2025-03-10 10:57:00,S01,Lecture-101,22.35,42.3,916.0
702,2025-03-10 10:57:00,S02,Lab-201,22.68,43.9,855.0
702,2025-03-10 10:57:00,S03,Lab-305,23.03,44.1,770.0
702,2025-03-10 10:57:00,S04,Library-1F,21.72,39.1,729.0
702,2025-03-10 10:57:00,S05,Canteen,23.41,48.6,446.0
702,2025-03-10 10:57:00,S06,Study-Hall,21.81,39.9,629.0
703,2025-03-10 10:56:40,S02,Lab-201,22.66,43.3,853.0
703,2025-03-10 10:57:10,S01,Lecture-101,22.44,41.5,917.0
703,2025-03-10 10:57:10,S02,Lab-201,22.67,43.2,847.0
703,2025-03-10 10:57:10,S03,Lab-305,22.75,44.1,763.0
703,2025-03-10 10:57:10,S04,Library-1F,21.75,39.3,731.0
703,2025-03-10 10:57:10,S05,Canteen,23.44,48.5,433.0
703,2025-03-10 10:57:10,S06,Study-Hall,21.96,39.8,620.0
704,2025-03-10 10:57:20,S01,Lecture-101,22.27,42.0,921.0
704,2025-03-10 10:57:20,S02,Lab-201,22.79,43.1,855.0
704,2025-03-10 10:57:20,S03,Lab-305,22.91,44.3,770.0
704,2025-03-10 10:57:20,S04,Library-1F,21.68,40.1,730.0
704,2025-03-10 10:57:20,S05,Canteen,23.47,47.9,430.0
704,2025-03-10 10:57:20,S06,Study-Hall,21.88,39.5,610.0
705,2025-03-10 10:57:30,S01,Lecture-101,22.3,42.0,928.0
705,2025-03-10 10:57:30,S02,Lab-201,22.77,43.4,853.0
705,2025-03-10 10:57:30,S03,Lab-305,23.0,44.8,761.0
705,2025-03-10 10:57:30,S04,Library-1F,21.79,39.4,733.0
705,2025-03-10 10:57:30,S05,Canteen,23.15,48.2,426.0
705,2025-03-10 10:57:30,S06,Study-Hall,22.0,39.5,608.0
706,2025-03-10 10:57:40,S01,Lecture-101,22.17,42.6,914.0
706,2025-03-10 10:57:40,S02,Lab-201,22.77,43.2,840.0
706,2025-03-10 10:57:40,S03,Lab-305,22.96,44.4,773.0
706,2025-03-10 10:57:40,S04,Library-1F,21.64,39.1,731.0
706,2025-03-10 10:57:40,S05,Canteen,23.24,48.2,440.0
706,2025-03-10 10:57:40,S06,Study-Hall,21.88,39.8,602.0
707,2025-03-10 10:57:50,S01,Lecture-101,22.24,41.9,920.0
707,2025-03-10 10:57:50,S02,Lab-201,22.63,43.2,847.0
707,2025-03-10 10:57:50,S03,Lab-305,23.03,44.3,762.0
707,2025-03-10 10:57:50,S04,Library-1F,21.72,39.4,735.0
707,2025-03-10 10:57:50,S05,Canteen,23.41,47.9,438.0
707,2025-03-10 10:57:50,S06,Study-Hall,21.93,39.3,601.0
708,2025-03-10 10:58:00,S01,Lecture-101,22.35,41.7,919.0
708,2025-03-10 10:58:00,S02,Lab-201,22.76,42.5,850.0
708,2025-03-10 10:58:00,S03,Lab-305,22.94,44.6,776.0
708,2025-03-10 10:58:00,S04,Library-1F,21.93,39.6,728.0
708,2025-03-10 10:58:00,S05,Canteen,23.49,48.0,432.0
708,2025-03-10 10:58:00,S06,Study-Hall,21.85,39.4,598.0
709,2025-03-10 10:58:10,S01,Lecture-101,22.35,42.1,917.0
709,2025-03-10 10:58:10,S02,Lab-201,22.68,43.5,846.0
709,2025-03-10 10:58:10,S03,Lab-305,22.93,44.2,772.0
709,2025-03-10 10:58:10,S04,Library-1F,21.66,39.8,735.0
709,2025-03-10 10:58:10,S05,Canteen,23.39,47.8,425.0
709,2025-03-10 10:58:10,S06,Study-Hall,21.91,39.2,591.0
710,2025-03-10 10:58:20,S01,Lecture-101,22.28,42.2,922.0
710,2025-03-10 10:58:20,S02,Lab-201,22.67,42.8,856.0
710,2025-03-10 10:58:20,S03,Lab-305,22.92,43.8,763.0
710,2025-03-10 10:58:20,S04,Library-1F,21.66,40.2,727.0
710,2025-03-10 10:58:20,S05,Canteen,23.3,48.4,431.0
710,2025-03-10 10:58:20,S06,Study-Hall,21.9,39.3,600.0
711,2025-03-10 10:58:30,S01,Lecture-101,22.36,42.2,930.0
711,2025-03-10 10:58:30,S02,Lab-201,22.65,42.7,839.0
711,2025-03-10 10:58:30,S03,Lab-305,23.0,44.4,767.0
711,2025-03-10 10:58:30,S04,Library-1F,21.87,40.2,725.0
711,2025-03-10 10:58:30,S05,Canteen,23.32,47.7,429.0
711,2025-03-10 10:58:30,S06,Study-Hall,21.79,39.1,588.0
712,2025-03-10 10:58:40,S01,Lecture-101,22.21,42.1,914.0
712,2025-03-10 10:58:40,S02,Lab-201,22.65,43.0,850.0
712,2025-03-10 10:58:40,S03,Lab-305,22.86,44.4,767.0
712,2025-03-10 10:58:40,S04,Library-1F,21.74,40.1,723.0
712,2025-03-10 10:58:40,S05,Canteen,23.32,48.1,422.0
712,2025-03-10 10:58:40,S06,Study-Hall,21.91,40.0,
713,2025-03-10 10:58:50,S01,Lecture-101,22.26,42.1,923.0
713,2025-03-10 10:58:50,S02,Lab-201,22.57,43.0,853.0
713,2025-03-10 10:58:50,S03,Lab-305,22.97,43.8,781.0
713,2025-03-10 10:58:50,S04,Library-1F,21.57,39.2,718.0
713,2025-03-10 10:58:50,S05,Canteen,23.31,47.6,428.0
713,2025-03-10 10:58:50,S06,Study-Hall,21.95,39.7,582.0
714,2025-03-10 10:58:50,S01,Lecture-101,22.26,42.1,923.0
714,2025-03-10 10:59:00,S01,Lecture-101,22.23,42.9,930.0
714,2025-03-10 10:59:00,S02,Lab-201,22.6,42.9,844.0
714,2025-03-10 10:59:00,S03,Lab-305,22.87,44.6,761.0
714,2025-03-10 10:59:00,S04,Library-1F,21.71,39.6,720.0
714,2025-03-10 10:59:00,S05,Canteen,23.25,47.8,428.0
714,2025-03-10 10:59:00,S06,Study-Hall,21.89,39.4,581.0
715,2025-03-10 10:59:10,S01,Lecture-101,22.49,43.1,910.0
715,2025-03-10 10:59:10,S02,Lab-201,22.76,43.5,853.0
715,2025-03-10 10:59:10,S03,Lab-305,22.92,45.4,765.0
715,2025-03-10 10:59:10,S04,Library-1F,21.71,39.6,727.0
715,2025-03-10 10:59:10,S05,Canteen,23.38,47.8,429.0
715,2025-03-10 10:59:10,S06,Study-Hall,21.86,39.4,574.0
716,2025-03-10 10:59:20,S01,Lecture-101,22.29,41.9,914.0
716,2025-03-10 10:59:20,S02,Lab-201,22.75,43.3,854.0
716,2025-03-10 10:59:20,S03,Lab-305,22.95,44.3,771.0
716,2025-03-10 10:59:20,S04,Library-1F,21.75,40.4,718.0
716,2025-03-10 10:59:20,S05,Canteen,23.33,47.4,435.0
716,2025-03-10 10:59:20,S06,Study-Hall,21.93,38.6,576.0
717,2025-03-10 10:59:30,S01,Lecture-101,22.39,41.9,931.0
717,2025-03-10 10:59:30,S02,Lab-201,22.65,42.8,844.0
717,2025-03-10 10:59:30,S03,Lab-305,23.0,44.0,766.0
717,2025-03-10 10:59:30,S04,Library-1F,21.83,39.5,738.0
717,2025-03-10 10:59:30,S05,Canteen,23.12,47.3,434.0
717,2025-03-10 10:59:30,S06,Study-Hall,21.9,39.9,566.0
718,2025-03-10 10:59:30,S01,Lecture-101,22.39,41.9,931.0
718,2025-03-10 10:59:40,S01,Lecture-101,22.32,43.0,918.0
718,2025-03-10 10:59:40,S02,Lab-201,22.59,43.0,844.0
718,2025-03-10 10:59:40,S03,Lab-305,22.93,44.6,764.0
718,2025-03-10 10:59:40,S04,Library-1F,21.71,40.2,730.0
718,2025-03-10 10:59:40,S05,Canteen,23.24,47.5,433.0
718,2025-03-10 10:59:40,S06,Study-Hall,21.85,39.6,571.0
719,2025-03-10 10:59:50,S01,Lecture-101,22.53,41.7,924.0
719,2025-03-10 10:59:50,S02,Lab-201,22.74,43.0,852.0
719,2025-03-10 10:59:50,S03,Lab-305,22.97,44.6,764.0
719,2025-03-10 10:59:50,S04,Library-1F,21.81,39.1,723.0
719,2025-03-10 10:59:50,S05,Canteen,23.24,47.1,430.0
719,2025-03-10 10:59:50,S06,Study-Hall,21.67,38.8,572.0
